file_name,cwe
https://github.com/mariia10/sast-suit/blob/6adcad57d28feb229625f1f10c53f5e3625e1b62/src/main/java/org/owasp/benchmark/testcode/BenchmarkTest00001.java#L71,22
https://github.com/mariia10/sast-suit/blob/6adcad57d28feb229625f1f10c53f5e3625e1b62/src/main/java/org/owasp/benchmark/testcode/BenchmarkTest00002.java#L72,22
https://github.com/mariia10/sast-suit/blob/6adcad57d28feb229625f1f10c53f5e3625e1b62/src/main/java/org/owasp/benchmark/testcode/BenchmarkTest00011.java#L54,22
https://github.com/mariia10/sast-suit/blob/6adcad57d28feb229625f1f10c53f5e3625e1b62/src/main/java/org/owasp/benchmark/testcode/BenchmarkTest00028.java#L57,22
https://github.com/mariia10/sast-suit/blob/6adcad57d28feb229625f1f10c53f5e3625e1b62/src/main/java/org/owasp/benchmark/testcode/BenchmarkTest00045.java#L62,22
https://github.com/mariia10/sast-suit/blob/6adcad57d28feb229625f1f10c53f5e3625e1b62/src/main/java/org/owasp/benchmark/testcode/BenchmarkTest00060.java#L76,22
https://github.com/mariia10/sast-suit/blob/6adcad57d28feb229625f1f10c53f5e3625e1b62/src/main/java/org/owasp/benchmark/testcode/BenchmarkTest00061.java#L74,22
https://github.com/mariia10/sast-suit/blob/6adcad57d28feb229625f1f10c53f5e3625e1b62/src/main/java/org/owasp/benchmark/testcode/BenchmarkTest00062.java#L77,22
https://github.com/mariia10/sast-suit/blob/6adcad57d28feb229625f1f10c53f5e3625e1b62/src/main/java/org/owasp/benchmark/testcode/BenchmarkTest00063.java#L77,22
https://github.com/mariia10/sast-suit/blob/6adcad57d28feb229625f1f10c53f5e3625e1b62/src/main/java/org/owasp/benchmark/testcode/BenchmarkTest00064.java#L78,22
https://github.com/mariia10/sast-suit/blob/6adcad57d28feb229625f1f10c53f5e3625e1b62/src/main/java/org/owasp/benchmark/testcode/BenchmarkTest00131.java#L72,22
https://github.com/mariia10/sast-suit/blob/6adcad57d28feb229625f1f10c53f5e3625e1b62/src/main/java/org/owasp/benchmark/testcode/BenchmarkTest00132.java#L77,22
https://github.com/mariia10/sast-suit/blob/6adcad57d28feb229625f1f10c53f5e3625e1b62/src/main/java/org/owasp/benchmark/testcode/BenchmarkTest00133.java#L63,22
https://github.com/mariia10/sast-suit/blob/6adcad57d28feb229625f1f10c53f5e3625e1b62/src/main/java/org/owasp/benchmark/testcode/BenchmarkTest00134.java#L75,22
https://github.com/mariia10/sast-suit/blob/6adcad57d28feb229625f1f10c53f5e3625e1b62/src/main/java/org/owasp/benchmark/testcode/BenchmarkTest00135.java#L84,22
https://github.com/mariia10/sast-suit/blob/6adcad57d28feb229625f1f10c53f5e3625e1b62/src/main/java/org/owasp/benchmark/testcode/BenchmarkTest00136.java#L78,22
https://github.com/mariia10/sast-suit/blob/6adcad57d28feb229625f1f10c53f5e3625e1b62/src/main/java/org/owasp/benchmark/testcode/BenchmarkTest00262.java#L74,22
https://github.com/mariia10/sast-suit/blob/6adcad57d28feb229625f1f10c53f5e3625e1b62/src/main/java/org/owasp/benchmark/testcode/BenchmarkTest00263.java#L79,22
https://github.com/mariia10/sast-suit/blob/6adcad57d28feb229625f1f10c53f5e3625e1b62/src/main/java/org/owasp/benchmark/testcode/BenchmarkTest00264.java#L65,22
https://github.com/mariia10/sast-suit/blob/6adcad57d28feb229625f1f10c53f5e3625e1b62/src/main/java/org/owasp/benchmark/testcode/BenchmarkTest00265.java#L71,22
https://github.com/mariia10/sast-suit/blob/6adcad57d28feb229625f1f10c53f5e3625e1b62/src/main/java/org/owasp/benchmark/testcode/BenchmarkTest00359.java#L53,22
https://github.com/mariia10/sast-suit/blob/6adcad57d28feb229625f1f10c53f5e3625e1b62/src/main/java/org/owasp/benchmark/testcode/BenchmarkTest00360.java#L60,22
https://github.com/mariia10/sast-suit/blob/6adcad57d28feb229625f1f10c53f5e3625e1b62/src/main/java/org/owasp/benchmark/testcode/BenchmarkTest00361.java#L72,22
https://github.com/mariia10/sast-suit/blob/6adcad57d28feb229625f1f10c53f5e3625e1b62/src/main/java/org/owasp/benchmark/testcode/BenchmarkTest00362.java#L54,22
https://github.com/mariia10/sast-suit/blob/6adcad57d28feb229625f1f10c53f5e3625e1b62/src/main/java/org/owasp/benchmark/testcode/BenchmarkTest00363.java#L60,22
https://github.com/mariia10/sast-suit/blob/6adcad57d28feb229625f1f10c53f5e3625e1b62/src/main/java/org/owasp/benchmark/testcode/BenchmarkTest00364.java#L64,22
https://github.com/mariia10/sast-suit/blob/6adcad57d28feb229625f1f10c53f5e3625e1b62/src/main/java/org/owasp/benchmark/testcode/BenchmarkTest00452.java#L61,22
https://github.com/mariia10/sast-suit/blob/6adcad57d28feb229625f1f10c53f5e3625e1b62/src/main/java/org/owasp/benchmark/testcode/BenchmarkTest00453.java#L79,22
https://github.com/mariia10/sast-suit/blob/6adcad57d28feb229625f1f10c53f5e3625e1b62/src/main/java/org/owasp/benchmark/testcode/BenchmarkTest00454.java#L62,22
https://github.com/mariia10/sast-suit/blob/6adcad57d28feb229625f1f10c53f5e3625e1b62/src/main/java/org/owasp/benchmark/testcode/BenchmarkTest00455.java#L64,22
https://github.com/mariia10/sast-suit/blob/6adcad57d28feb229625f1f10c53f5e3625e1b62/src/main/java/org/owasp/benchmark/testcode/BenchmarkTest00456.java#L62,22
https://github.com/mariia10/sast-suit/blob/6adcad57d28feb229625f1f10c53f5e3625e1b62/src/main/java/org/owasp/benchmark/testcode/BenchmarkTest00457.java#L68,22
https://github.com/mariia10/sast-suit/blob/6adcad57d28feb229625f1f10c53f5e3625e1b62/src/main/java/org/owasp/benchmark/testcode/BenchmarkTest00458.java#L77,22
https://github.com/mariia10/sast-suit/blob/6adcad57d28feb229625f1f10c53f5e3625e1b62/src/main/java/org/owasp/benchmark/testcode/BenchmarkTest00459.java#L65,22
https://github.com/mariia10/sast-suit/blob/6adcad57d28feb229625f1f10c53f5e3625e1b62/src/main/java/org/owasp/benchmark/testcode/BenchmarkTest00525.java#L73,22
https://github.com/mariia10/sast-suit/blob/6adcad57d28feb229625f1f10c53f5e3625e1b62/src/main/java/org/owasp/benchmark/testcode/BenchmarkTest00526.java#L62,22
https://github.com/mariia10/sast-suit/blob/6adcad57d28feb229625f1f10c53f5e3625e1b62/src/main/java/org/owasp/benchmark/testcode/BenchmarkTest00527.java#L64,22
https://github.com/mariia10/sast-suit/blob/6adcad57d28feb229625f1f10c53f5e3625e1b62/src/main/java/org/owasp/benchmark/testcode/BenchmarkTest00528.java#L87,22
https://github.com/mariia10/sast-suit/blob/6adcad57d28feb229625f1f10c53f5e3625e1b62/src/main/java/org/owasp/benchmark/testcode/BenchmarkTest00529.java#L67,22
https://github.com/mariia10/sast-suit/blob/6adcad57d28feb229625f1f10c53f5e3625e1b62/src/main/java/org/owasp/benchmark/testcode/BenchmarkTest00696.java#L70,22
https://github.com/mariia10/sast-suit/blob/6adcad57d28feb229625f1f10c53f5e3625e1b62/src/main/java/org/owasp/benchmark/testcode/BenchmarkTest00697.java#L57,22
https://github.com/mariia10/sast-suit/blob/6adcad57d28feb229625f1f10c53f5e3625e1b62/src/main/java/org/owasp/benchmark/testcode/BenchmarkTest00698.java#L52,22
https://github.com/mariia10/sast-suit/blob/6adcad57d28feb229625f1f10c53f5e3625e1b62/src/main/java/org/owasp/benchmark/testcode/BenchmarkTest00699.java#L69,22
https://github.com/mariia10/sast-suit/blob/6adcad57d28feb229625f1f10c53f5e3625e1b62/src/main/java/org/owasp/benchmark/testcode/BenchmarkTest00700.java#L63,22
https://github.com/mariia10/sast-suit/blob/6adcad57d28feb229625f1f10c53f5e3625e1b62/src/main/java/org/owasp/benchmark/testcode/BenchmarkTest00783.java#L82,22
https://github.com/mariia10/sast-suit/blob/6adcad57d28feb229625f1f10c53f5e3625e1b62/src/main/java/org/owasp/benchmark/testcode/BenchmarkTest00784.java#L96,22
https://github.com/mariia10/sast-suit/blob/6adcad57d28feb229625f1f10c53f5e3625e1b62/src/main/java/org/owasp/benchmark/testcode/BenchmarkTest00785.java#L83,22
https://github.com/mariia10/sast-suit/blob/6adcad57d28feb229625f1f10c53f5e3625e1b62/src/main/java/org/owasp/benchmark/testcode/BenchmarkTest00786.java#L84,22
https://github.com/mariia10/sast-suit/blob/6adcad57d28feb229625f1f10c53f5e3625e1b62/src/main/java/org/owasp/benchmark/testcode/BenchmarkTest00787.java#L85,22
https://github.com/mariia10/sast-suit/blob/6adcad57d28feb229625f1f10c53f5e3625e1b62/src/main/java/org/owasp/benchmark/testcode/BenchmarkTest00788.java#L80,22
https://github.com/mariia10/sast-suit/blob/6adcad57d28feb229625f1f10c53f5e3625e1b62/src/main/java/org/owasp/benchmark/testcode/BenchmarkTest00949.java#L68,22
https://github.com/mariia10/sast-suit/blob/6adcad57d28feb229625f1f10c53f5e3625e1b62/src/main/java/org/owasp/benchmark/testcode/BenchmarkTest00950.java#L67,22
https://github.com/mariia10/sast-suit/blob/6adcad57d28feb229625f1f10c53f5e3625e1b62/src/main/java/org/owasp/benchmark/testcode/BenchmarkTest00951.java#L84,22
https://github.com/mariia10/sast-suit/blob/6adcad57d28feb229625f1f10c53f5e3625e1b62/src/main/java/org/owasp/benchmark/testcode/BenchmarkTest00952.java#L87,22
https://github.com/mariia10/sast-suit/blob/6adcad57d28feb229625f1f10c53f5e3625e1b62/src/main/java/org/owasp/benchmark/testcode/BenchmarkTest00953.java#L79,22
https://github.com/mariia10/sast-suit/blob/6adcad57d28feb229625f1f10c53f5e3625e1b62/src/main/java/org/owasp/benchmark/testcode/BenchmarkTest00954.java#L79,22
https://github.com/mariia10/sast-suit/blob/6adcad57d28feb229625f1f10c53f5e3625e1b62/src/main/java/org/owasp/benchmark/testcode/BenchmarkTest00955.java#L79,22
https://github.com/mariia10/sast-suit/blob/6adcad57d28feb229625f1f10c53f5e3625e1b62/src/main/java/org/owasp/benchmark/testcode/BenchmarkTest00956.java#L79,22
https://github.com/mariia10/sast-suit/blob/6adcad57d28feb229625f1f10c53f5e3625e1b62/src/main/java/org/owasp/benchmark/testcode/BenchmarkTest01025.java#L54,22
https://github.com/mariia10/sast-suit/blob/6adcad57d28feb229625f1f10c53f5e3625e1b62/src/main/java/org/owasp/benchmark/testcode/BenchmarkTest01026.java#L53,22
https://github.com/mariia10/sast-suit/blob/6adcad57d28feb229625f1f10c53f5e3625e1b62/src/main/java/org/owasp/benchmark/testcode/BenchmarkTest01027.java#L53,22
https://github.com/mariia10/sast-suit/blob/6adcad57d28feb229625f1f10c53f5e3625e1b62/src/main/java/org/owasp/benchmark/testcode/BenchmarkTest01028.java#L70,22
https://github.com/mariia10/sast-suit/blob/6adcad57d28feb229625f1f10c53f5e3625e1b62/src/main/java/org/owasp/benchmark/testcode/BenchmarkTest01029.java#L73,22
https://github.com/mariia10/sast-suit/blob/6adcad57d28feb229625f1f10c53f5e3625e1b62/src/main/java/org/owasp/benchmark/testcode/BenchmarkTest01030.java#L73,22
https://github.com/mariia10/sast-suit/blob/6adcad57d28feb229625f1f10c53f5e3625e1b62/src/main/java/org/owasp/benchmark/testcode/BenchmarkTest01031.java#L58,22
https://github.com/mariia10/sast-suit/blob/6adcad57d28feb229625f1f10c53f5e3625e1b62/src/main/java/org/owasp/benchmark/testcode/BenchmarkTest01032.java#L59,22
https://github.com/mariia10/sast-suit/blob/6adcad57d28feb229625f1f10c53f5e3625e1b62/src/main/java/org/owasp/benchmark/testcode/BenchmarkTest01033.java#L59,22
https://github.com/mariia10/sast-suit/blob/6adcad57d28feb229625f1f10c53f5e3625e1b62/src/main/java/org/owasp/benchmark/testcode/BenchmarkTest01034.java#L59,22
https://github.com/mariia10/sast-suit/blob/6adcad57d28feb229625f1f10c53f5e3625e1b62/src/main/java/org/owasp/benchmark/testcode/BenchmarkTest01035.java#L59,22
https://github.com/mariia10/sast-suit/blob/6adcad57d28feb229625f1f10c53f5e3625e1b62/src/main/java/org/owasp/benchmark/testcode/BenchmarkTest01155.java#L55,22
https://github.com/mariia10/sast-suit/blob/6adcad57d28feb229625f1f10c53f5e3625e1b62/src/main/java/org/owasp/benchmark/testcode/BenchmarkTest01156.java#L72,22
https://github.com/mariia10/sast-suit/blob/6adcad57d28feb229625f1f10c53f5e3625e1b62/src/main/java/org/owasp/benchmark/testcode/BenchmarkTest01157.java#L72,22
https://github.com/mariia10/sast-suit/blob/6adcad57d28feb229625f1f10c53f5e3625e1b62/src/main/java/org/owasp/benchmark/testcode/BenchmarkTest01158.java#L60,22
https://github.com/mariia10/sast-suit/blob/6adcad57d28feb229625f1f10c53f5e3625e1b62/src/main/java/org/owasp/benchmark/testcode/BenchmarkTest01159.java#L60,22
https://github.com/mariia10/sast-suit/blob/6adcad57d28feb229625f1f10c53f5e3625e1b62/src/main/java/org/owasp/benchmark/testcode/BenchmarkTest01160.java#L61,22
https://github.com/mariia10/sast-suit/blob/6adcad57d28feb229625f1f10c53f5e3625e1b62/src/main/java/org/owasp/benchmark/testcode/BenchmarkTest01161.java#L61,22
https://github.com/mariia10/sast-suit/blob/6adcad57d28feb229625f1f10c53f5e3625e1b62/src/main/java/org/owasp/benchmark/testcode/BenchmarkTest01231.java#L50,22
https://github.com/mariia10/sast-suit/blob/6adcad57d28feb229625f1f10c53f5e3625e1b62/src/main/java/org/owasp/benchmark/testcode/BenchmarkTest01232.java#L50,22
https://github.com/mariia10/sast-suit/blob/6adcad57d28feb229625f1f10c53f5e3625e1b62/src/main/java/org/owasp/benchmark/testcode/BenchmarkTest01233.java#L50,22
https://github.com/mariia10/sast-suit/blob/6adcad57d28feb229625f1f10c53f5e3625e1b62/src/main/java/org/owasp/benchmark/testcode/BenchmarkTest01234.java#L49,22
https://github.com/mariia10/sast-suit/blob/6adcad57d28feb229625f1f10c53f5e3625e1b62/src/main/java/org/owasp/benchmark/testcode/BenchmarkTest01235.java#L65,22
https://github.com/mariia10/sast-suit/blob/6adcad57d28feb229625f1f10c53f5e3625e1b62/src/main/java/org/owasp/benchmark/testcode/BenchmarkTest01236.java#L65,22
https://github.com/mariia10/sast-suit/blob/6adcad57d28feb229625f1f10c53f5e3625e1b62/src/main/java/org/owasp/benchmark/testcode/BenchmarkTest01237.java#L65,22
https://github.com/mariia10/sast-suit/blob/6adcad57d28feb229625f1f10c53f5e3625e1b62/src/main/java/org/owasp/benchmark/testcode/BenchmarkTest01238.java#L54,22
https://github.com/mariia10/sast-suit/blob/6adcad57d28feb229625f1f10c53f5e3625e1b62/src/main/java/org/owasp/benchmark/testcode/BenchmarkTest01239.java#L60,22
https://github.com/mariia10/sast-suit/blob/6adcad57d28feb229625f1f10c53f5e3625e1b62/src/main/java/org/owasp/benchmark/testcode/BenchmarkTest01240.java#L54,22
https://github.com/mariia10/sast-suit/blob/6adcad57d28feb229625f1f10c53f5e3625e1b62/src/main/java/org/owasp/benchmark/testcode/BenchmarkTest01328.java#L69,22
https://github.com/mariia10/sast-suit/blob/6adcad57d28feb229625f1f10c53f5e3625e1b62/src/main/java/org/owasp/benchmark/testcode/BenchmarkTest01329.java#L72,22
https://github.com/mariia10/sast-suit/blob/6adcad57d28feb229625f1f10c53f5e3625e1b62/src/main/java/org/owasp/benchmark/testcode/BenchmarkTest01330.java#L58,22
https://github.com/mariia10/sast-suit/blob/6adcad57d28feb229625f1f10c53f5e3625e1b62/src/main/java/org/owasp/benchmark/testcode/BenchmarkTest01331.java#L58,22
https://github.com/mariia10/sast-suit/blob/6adcad57d28feb229625f1f10c53f5e3625e1b62/src/main/java/org/owasp/benchmark/testcode/BenchmarkTest01403.java#L64,22
https://github.com/mariia10/sast-suit/blob/6adcad57d28feb229625f1f10c53f5e3625e1b62/src/main/java/org/owasp/benchmark/testcode/BenchmarkTest01404.java#L62,22
https://github.com/mariia10/sast-suit/blob/6adcad57d28feb229625f1f10c53f5e3625e1b62/src/main/java/org/owasp/benchmark/testcode/BenchmarkTest01405.java#L67,22
https://github.com/mariia10/sast-suit/blob/6adcad57d28feb229625f1f10c53f5e3625e1b62/src/main/java/org/owasp/benchmark/testcode/BenchmarkTest01406.java#L67,22
https://github.com/mariia10/sast-suit/blob/6adcad57d28feb229625f1f10c53f5e3625e1b62/src/main/java/org/owasp/benchmark/testcode/BenchmarkTest01407.java#L74,22
https://github.com/mariia10/sast-suit/blob/6adcad57d28feb229625f1f10c53f5e3625e1b62/src/main/java/org/owasp/benchmark/testcode/BenchmarkTest01408.java#L68,22
https://github.com/mariia10/sast-suit/blob/6adcad57d28feb229625f1f10c53f5e3625e1b62/src/main/java/org/owasp/benchmark/testcode/BenchmarkTest01570.java#L52,22
https://github.com/mariia10/sast-suit/blob/6adcad57d28feb229625f1f10c53f5e3625e1b62/src/main/java/org/owasp/benchmark/testcode/BenchmarkTest01571.java#L50,22
https://github.com/mariia10/sast-suit/blob/6adcad57d28feb229625f1f10c53f5e3625e1b62/src/main/java/org/owasp/benchmark/testcode/BenchmarkTest01572.java#L55,22
https://github.com/mariia10/sast-suit/blob/6adcad57d28feb229625f1f10c53f5e3625e1b62/src/main/java/org/owasp/benchmark/testcode/BenchmarkTest01573.java#L55,22
https://github.com/mariia10/sast-suit/blob/6adcad57d28feb229625f1f10c53f5e3625e1b62/src/main/java/org/owasp/benchmark/testcode/BenchmarkTest01574.java#L56,22
https://github.com/mariia10/sast-suit/blob/6adcad57d28feb229625f1f10c53f5e3625e1b62/src/main/java/org/owasp/benchmark/testcode/BenchmarkTest01642.java#L73,22
https://github.com/mariia10/sast-suit/blob/6adcad57d28feb229625f1f10c53f5e3625e1b62/src/main/java/org/owasp/benchmark/testcode/BenchmarkTest01643.java#L89,22
https://github.com/mariia10/sast-suit/blob/6adcad57d28feb229625f1f10c53f5e3625e1b62/src/main/java/org/owasp/benchmark/testcode/BenchmarkTest01644.java#L77,22
https://github.com/mariia10/sast-suit/blob/6adcad57d28feb229625f1f10c53f5e3625e1b62/src/main/java/org/owasp/benchmark/testcode/BenchmarkTest01645.java#L77,22
https://github.com/mariia10/sast-suit/blob/6adcad57d28feb229625f1f10c53f5e3625e1b62/src/main/java/org/owasp/benchmark/testcode/BenchmarkTest01646.java#L78,22
https://github.com/mariia10/sast-suit/blob/6adcad57d28feb229625f1f10c53f5e3625e1b62/src/main/java/org/owasp/benchmark/testcode/BenchmarkTest01647.java#L78,22
https://github.com/mariia10/sast-suit/blob/6adcad57d28feb229625f1f10c53f5e3625e1b62/src/main/java/org/owasp/benchmark/testcode/BenchmarkTest01833.java#L68,22
https://github.com/mariia10/sast-suit/blob/6adcad57d28feb229625f1f10c53f5e3625e1b62/src/main/java/org/owasp/benchmark/testcode/BenchmarkTest01834.java#L68,22
https://github.com/mariia10/sast-suit/blob/6adcad57d28feb229625f1f10c53f5e3625e1b62/src/main/java/org/owasp/benchmark/testcode/BenchmarkTest01835.java#L68,22
https://github.com/mariia10/sast-suit/blob/6adcad57d28feb229625f1f10c53f5e3625e1b62/src/main/java/org/owasp/benchmark/testcode/BenchmarkTest01836.java#L84,22
https://github.com/mariia10/sast-suit/blob/6adcad57d28feb229625f1f10c53f5e3625e1b62/src/main/java/org/owasp/benchmark/testcode/BenchmarkTest01837.java#L87,22
https://github.com/mariia10/sast-suit/blob/6adcad57d28feb229625f1f10c53f5e3625e1b62/src/main/java/org/owasp/benchmark/testcode/BenchmarkTest01838.java#L72,22
https://github.com/mariia10/sast-suit/blob/6adcad57d28feb229625f1f10c53f5e3625e1b62/src/main/java/org/owasp/benchmark/testcode/BenchmarkTest01839.java#L73,22
https://github.com/mariia10/sast-suit/blob/6adcad57d28feb229625f1f10c53f5e3625e1b62/src/main/java/org/owasp/benchmark/testcode/BenchmarkTest01840.java#L73,22
https://github.com/mariia10/sast-suit/blob/6adcad57d28feb229625f1f10c53f5e3625e1b62/src/main/java/org/owasp/benchmark/testcode/BenchmarkTest01904.java#L53,22
https://github.com/mariia10/sast-suit/blob/6adcad57d28feb229625f1f10c53f5e3625e1b62/src/main/java/org/owasp/benchmark/testcode/BenchmarkTest01905.java#L58,22
https://github.com/mariia10/sast-suit/blob/6adcad57d28feb229625f1f10c53f5e3625e1b62/src/main/java/org/owasp/benchmark/testcode/BenchmarkTest01906.java#L59,22
https://github.com/mariia10/sast-suit/blob/6adcad57d28feb229625f1f10c53f5e3625e1b62/src/main/java/org/owasp/benchmark/testcode/BenchmarkTest01907.java#L59,22
https://github.com/mariia10/sast-suit/blob/6adcad57d28feb229625f1f10c53f5e3625e1b62/src/main/java/org/owasp/benchmark/testcode/BenchmarkTest02026.java#L57,22
https://github.com/mariia10/sast-suit/blob/6adcad57d28feb229625f1f10c53f5e3625e1b62/src/main/java/org/owasp/benchmark/testcode/BenchmarkTest02027.java#L56,22
https://github.com/mariia10/sast-suit/blob/6adcad57d28feb229625f1f10c53f5e3625e1b62/src/main/java/org/owasp/benchmark/testcode/BenchmarkTest02028.java#L56,22
https://github.com/mariia10/sast-suit/blob/6adcad57d28feb229625f1f10c53f5e3625e1b62/src/main/java/org/owasp/benchmark/testcode/BenchmarkTest02029.java#L55,22
https://github.com/mariia10/sast-suit/blob/6adcad57d28feb229625f1f10c53f5e3625e1b62/src/main/java/org/owasp/benchmark/testcode/BenchmarkTest02031.java#L60,22
https://github.com/mariia10/sast-suit/blob/6adcad57d28feb229625f1f10c53f5e3625e1b62/src/main/java/org/owasp/benchmark/testcode/BenchmarkTest02032.java#L60,22
https://github.com/mariia10/sast-suit/blob/6adcad57d28feb229625f1f10c53f5e3625e1b62/src/main/java/org/owasp/benchmark/testcode/BenchmarkTest02033.java#L61,22
https://github.com/mariia10/sast-suit/blob/6adcad57d28feb229625f1f10c53f5e3625e1b62/src/main/java/org/owasp/benchmark/testcode/BenchmarkTest02034.java#L67,22
https://github.com/mariia10/sast-suit/blob/6adcad57d28feb229625f1f10c53f5e3625e1b62/src/main/java/org/owasp/benchmark/testcode/BenchmarkTest02105.java#L49,22
https://github.com/mariia10/sast-suit/blob/6adcad57d28feb229625f1f10c53f5e3625e1b62/src/main/java/org/owasp/benchmark/testcode/BenchmarkTest02106.java#L48,22
https://github.com/mariia10/sast-suit/blob/6adcad57d28feb229625f1f10c53f5e3625e1b62/src/main/java/org/owasp/benchmark/testcode/BenchmarkTest02107.java#L48,22
https://github.com/mariia10/sast-suit/blob/6adcad57d28feb229625f1f10c53f5e3625e1b62/src/main/java/org/owasp/benchmark/testcode/BenchmarkTest02108.java#L54,22
https://github.com/mariia10/sast-suit/blob/6adcad57d28feb229625f1f10c53f5e3625e1b62/src/main/java/org/owasp/benchmark/testcode/BenchmarkTest02109.java#L54,22
https://github.com/mariia10/sast-suit/blob/6adcad57d28feb229625f1f10c53f5e3625e1b62/src/main/java/org/owasp/benchmark/testcode/BenchmarkTest02110.java#L54,22
https://github.com/mariia10/sast-suit/blob/6adcad57d28feb229625f1f10c53f5e3625e1b62/src/main/java/org/owasp/benchmark/testcode/BenchmarkTest02111.java#L60,22
https://github.com/mariia10/sast-suit/blob/6adcad57d28feb229625f1f10c53f5e3625e1b62/src/main/java/org/owasp/benchmark/testcode/BenchmarkTest02112.java#L54,22
https://github.com/mariia10/sast-suit/blob/6adcad57d28feb229625f1f10c53f5e3625e1b62/src/main/java/org/owasp/benchmark/testcode/BenchmarkTest02197.java#L54,22
https://github.com/mariia10/sast-suit/blob/6adcad57d28feb229625f1f10c53f5e3625e1b62/src/main/java/org/owasp/benchmark/testcode/BenchmarkTest02198.java#L53,22
https://github.com/mariia10/sast-suit/blob/6adcad57d28feb229625f1f10c53f5e3625e1b62/src/main/java/org/owasp/benchmark/testcode/BenchmarkTest02199.java#L52,22
https://github.com/mariia10/sast-suit/blob/6adcad57d28feb229625f1f10c53f5e3625e1b62/src/main/java/org/owasp/benchmark/testcode/BenchmarkTest02200.java#L52,22
https://github.com/mariia10/sast-suit/blob/6adcad57d28feb229625f1f10c53f5e3625e1b62/src/main/java/org/owasp/benchmark/testcode/BenchmarkTest02201.java#L57,22
https://github.com/mariia10/sast-suit/blob/6adcad57d28feb229625f1f10c53f5e3625e1b62/src/main/java/org/owasp/benchmark/testcode/BenchmarkTest02202.java#L58,22
https://github.com/mariia10/sast-suit/blob/6adcad57d28feb229625f1f10c53f5e3625e1b62/src/main/java/org/owasp/benchmark/testcode/BenchmarkTest02204.java#L64,22
https://github.com/mariia10/sast-suit/blob/6adcad57d28feb229625f1f10c53f5e3625e1b62/src/main/java/org/owasp/benchmark/testcode/BenchmarkTest02205.java#L58,22
https://github.com/mariia10/sast-suit/blob/6adcad57d28feb229625f1f10c53f5e3625e1b62/src/main/java/org/owasp/benchmark/testcode/BenchmarkTest02301.java#L62,22
https://github.com/mariia10/sast-suit/blob/6adcad57d28feb229625f1f10c53f5e3625e1b62/src/main/java/org/owasp/benchmark/testcode/BenchmarkTest02302.java#L62,22
https://github.com/mariia10/sast-suit/blob/6adcad57d28feb229625f1f10c53f5e3625e1b62/src/main/java/org/owasp/benchmark/testcode/BenchmarkTest02303.java#L67,22
https://github.com/mariia10/sast-suit/blob/6adcad57d28feb229625f1f10c53f5e3625e1b62/src/main/java/org/owasp/benchmark/testcode/BenchmarkTest02304.java#L67,22
https://github.com/mariia10/sast-suit/blob/6adcad57d28feb229625f1f10c53f5e3625e1b62/src/main/java/org/owasp/benchmark/testcode/BenchmarkTest02462.java#L52,22
https://github.com/mariia10/sast-suit/blob/6adcad57d28feb229625f1f10c53f5e3625e1b62/src/main/java/org/owasp/benchmark/testcode/BenchmarkTest02463.java#L51,22
https://github.com/mariia10/sast-suit/blob/6adcad57d28feb229625f1f10c53f5e3625e1b62/src/main/java/org/owasp/benchmark/testcode/BenchmarkTest02464.java#L50,22
https://github.com/mariia10/sast-suit/blob/6adcad57d28feb229625f1f10c53f5e3625e1b62/src/main/java/org/owasp/benchmark/testcode/BenchmarkTest02465.java#L55,22
https://github.com/mariia10/sast-suit/blob/6adcad57d28feb229625f1f10c53f5e3625e1b62/src/main/java/org/owasp/benchmark/testcode/BenchmarkTest02466.java#L55,22
https://github.com/mariia10/sast-suit/blob/6adcad57d28feb229625f1f10c53f5e3625e1b62/src/main/java/org/owasp/benchmark/testcode/BenchmarkTest02468.java#L62,22
https://github.com/mariia10/sast-suit/blob/6adcad57d28feb229625f1f10c53f5e3625e1b62/src/main/java/org/owasp/benchmark/testcode/BenchmarkTest02469.java#L56,22
https://github.com/mariia10/sast-suit/blob/6adcad57d28feb229625f1f10c53f5e3625e1b62/src/main/java/org/owasp/benchmark/testcode/BenchmarkTest02470.java#L56,22
https://github.com/mariia10/sast-suit/blob/6adcad57d28feb229625f1f10c53f5e3625e1b62/src/main/java/org/owasp/benchmark/testcode/BenchmarkTest02554.java#L74,22
https://github.com/mariia10/sast-suit/blob/6adcad57d28feb229625f1f10c53f5e3625e1b62/src/main/java/org/owasp/benchmark/testcode/BenchmarkTest02555.java#L72,22
https://github.com/mariia10/sast-suit/blob/6adcad57d28feb229625f1f10c53f5e3625e1b62/src/main/java/org/owasp/benchmark/testcode/BenchmarkTest02556.java#L72,22
https://github.com/mariia10/sast-suit/blob/6adcad57d28feb229625f1f10c53f5e3625e1b62/src/main/java/org/owasp/benchmark/testcode/BenchmarkTest02557.java#L72,22
https://github.com/mariia10/sast-suit/blob/6adcad57d28feb229625f1f10c53f5e3625e1b62/src/main/java/org/owasp/benchmark/testcode/BenchmarkTest02558.java#L72,22
https://github.com/mariia10/sast-suit/blob/6adcad57d28feb229625f1f10c53f5e3625e1b62/src/main/java/org/owasp/benchmark/testcode/BenchmarkTest02559.java#L89,22
https://github.com/mariia10/sast-suit/blob/6adcad57d28feb229625f1f10c53f5e3625e1b62/src/main/java/org/owasp/benchmark/testcode/BenchmarkTest02560.java#L77,22
https://github.com/mariia10/sast-suit/blob/6adcad57d28feb229625f1f10c53f5e3625e1b62/src/main/java/org/owasp/benchmark/testcode/BenchmarkTest02561.java#L77,22
https://github.com/mariia10/sast-suit/blob/6adcad57d28feb229625f1f10c53f5e3625e1b62/src/main/java/org/owasp/benchmark/testcode/BenchmarkTest02562.java#L77,22
https://github.com/mariia10/sast-suit/blob/6adcad57d28feb229625f1f10c53f5e3625e1b62/src/main/java/org/owasp/benchmark/testcode/BenchmarkTest02564.java#L78,22
https://github.com/mariia10/sast-suit/blob/6adcad57d28feb229625f1f10c53f5e3625e1b62/src/main/java/org/owasp/benchmark/testcode/BenchmarkTest02565.java#L84,22
https://github.com/mariia10/sast-suit/blob/6adcad57d28feb229625f1f10c53f5e3625e1b62/src/main/java/org/owasp/benchmark/testcode/BenchmarkTest02566.java#L84,22
https://github.com/mariia10/sast-suit/blob/6adcad57d28feb229625f1f10c53f5e3625e1b62/src/main/java/org/owasp/benchmark/testcode/BenchmarkTest02567.java#L78,22
https://github.com/mariia10/sast-suit/blob/6adcad57d28feb229625f1f10c53f5e3625e1b62/src/main/java/org/owasp/benchmark/testcode/BenchmarkTest02568.java#L78,22
https://github.com/mariia10/sast-suit/blob/6adcad57d28feb229625f1f10c53f5e3625e1b62/src/main/java/org/owasp/benchmark/testcode/BenchmarkTest02569.java#L78,22
https://github.com/mariia10/sast-suit/blob/6adcad57d28feb229625f1f10c53f5e3625e1b62/src/main/java/org/owasp/benchmark/testcode/BenchmarkTest00006.java#L66,78
https://github.com/mariia10/sast-suit/blob/6adcad57d28feb229625f1f10c53f5e3625e1b62/src/main/java/org/owasp/benchmark/testcode/BenchmarkTest00015.java#L68,78
https://github.com/mariia10/sast-suit/blob/6adcad57d28feb229625f1f10c53f5e3625e1b62/src/main/java/org/owasp/benchmark/testcode/BenchmarkTest00017.java#L63,78
https://github.com/mariia10/sast-suit/blob/6adcad57d28feb229625f1f10c53f5e3625e1b62/src/main/java/org/owasp/benchmark/testcode/BenchmarkTest00077.java#L98,78
https://github.com/mariia10/sast-suit/blob/6adcad57d28feb229625f1f10c53f5e3625e1b62/src/main/java/org/owasp/benchmark/testcode/BenchmarkTest00090.java#L81,78
https://github.com/mariia10/sast-suit/blob/6adcad57d28feb229625f1f10c53f5e3625e1b62/src/main/java/org/owasp/benchmark/testcode/BenchmarkTest00093.java#L87,78
https://github.com/mariia10/sast-suit/blob/6adcad57d28feb229625f1f10c53f5e3625e1b62/src/main/java/org/owasp/benchmark/testcode/BenchmarkTest00158.java#L70,78
https://github.com/mariia10/sast-suit/blob/6adcad57d28feb229625f1f10c53f5e3625e1b62/src/main/java/org/owasp/benchmark/testcode/BenchmarkTest00159.java#L67,78
https://github.com/mariia10/sast-suit/blob/6adcad57d28feb229625f1f10c53f5e3625e1b62/src/main/java/org/owasp/benchmark/testcode/BenchmarkTest00171.java#L82,78
https://github.com/mariia10/sast-suit/blob/6adcad57d28feb229625f1f10c53f5e3625e1b62/src/main/java/org/owasp/benchmark/testcode/BenchmarkTest00176.java#L64,78
https://github.com/mariia10/sast-suit/blob/6adcad57d28feb229625f1f10c53f5e3625e1b62/src/main/java/org/owasp/benchmark/testcode/BenchmarkTest00177.java#L69,78
https://github.com/mariia10/sast-suit/blob/6adcad57d28feb229625f1f10c53f5e3625e1b62/src/main/java/org/owasp/benchmark/testcode/BenchmarkTest00293.java#L76,78
https://github.com/mariia10/sast-suit/blob/6adcad57d28feb229625f1f10c53f5e3625e1b62/src/main/java/org/owasp/benchmark/testcode/BenchmarkTest00294.java#L72,78
https://github.com/mariia10/sast-suit/blob/6adcad57d28feb229625f1f10c53f5e3625e1b62/src/main/java/org/owasp/benchmark/testcode/BenchmarkTest00295.java#L72,78
https://github.com/mariia10/sast-suit/blob/6adcad57d28feb229625f1f10c53f5e3625e1b62/src/main/java/org/owasp/benchmark/testcode/BenchmarkTest00302.java#L69,78
https://github.com/mariia10/sast-suit/blob/6adcad57d28feb229625f1f10c53f5e3625e1b62/src/main/java/org/owasp/benchmark/testcode/BenchmarkTest00303.java#L83,78
https://github.com/mariia10/sast-suit/blob/6adcad57d28feb229625f1f10c53f5e3625e1b62/src/main/java/org/owasp/benchmark/testcode/BenchmarkTest00304.java#L88,78
https://github.com/mariia10/sast-suit/blob/6adcad57d28feb229625f1f10c53f5e3625e1b62/src/main/java/org/owasp/benchmark/testcode/BenchmarkTest00307.java#L75,78
https://github.com/mariia10/sast-suit/blob/6adcad57d28feb229625f1f10c53f5e3625e1b62/src/main/java/org/owasp/benchmark/testcode/BenchmarkTest00308.java#L70,78
https://github.com/mariia10/sast-suit/blob/6adcad57d28feb229625f1f10c53f5e3625e1b62/src/main/java/org/owasp/benchmark/testcode/BenchmarkTest00310.java#L85,78
https://github.com/mariia10/sast-suit/blob/6adcad57d28feb229625f1f10c53f5e3625e1b62/src/main/java/org/owasp/benchmark/testcode/BenchmarkTest00396.java#L67,78
https://github.com/mariia10/sast-suit/blob/6adcad57d28feb229625f1f10c53f5e3625e1b62/src/main/java/org/owasp/benchmark/testcode/BenchmarkTest00406.java#L74,78
https://github.com/mariia10/sast-suit/blob/6adcad57d28feb229625f1f10c53f5e3625e1b62/src/main/java/org/owasp/benchmark/testcode/BenchmarkTest00407.java#L81,78
https://github.com/mariia10/sast-suit/blob/6adcad57d28feb229625f1f10c53f5e3625e1b62/src/main/java/org/owasp/benchmark/testcode/BenchmarkTest00408.java#L76,78
https://github.com/mariia10/sast-suit/blob/6adcad57d28feb229625f1f10c53f5e3625e1b62/src/main/java/org/owasp/benchmark/testcode/BenchmarkTest00409.java#L90,78
https://github.com/mariia10/sast-suit/blob/6adcad57d28feb229625f1f10c53f5e3625e1b62/src/main/java/org/owasp/benchmark/testcode/BenchmarkTest00480.java#L71,78
https://github.com/mariia10/sast-suit/blob/6adcad57d28feb229625f1f10c53f5e3625e1b62/src/main/java/org/owasp/benchmark/testcode/BenchmarkTest00481.java#L69,78
https://github.com/mariia10/sast-suit/blob/6adcad57d28feb229625f1f10c53f5e3625e1b62/src/main/java/org/owasp/benchmark/testcode/BenchmarkTest00494.java#L83,78
https://github.com/mariia10/sast-suit/blob/6adcad57d28feb229625f1f10c53f5e3625e1b62/src/main/java/org/owasp/benchmark/testcode/BenchmarkTest00499.java#L62,78
https://github.com/mariia10/sast-suit/blob/6adcad57d28feb229625f1f10c53f5e3625e1b62/src/main/java/org/owasp/benchmark/testcode/BenchmarkTest00500.java#L68,78
https://github.com/mariia10/sast-suit/blob/6adcad57d28feb229625f1f10c53f5e3625e1b62/src/main/java/org/owasp/benchmark/testcode/BenchmarkTest00558.java#L84,78
https://github.com/mariia10/sast-suit/blob/6adcad57d28feb229625f1f10c53f5e3625e1b62/src/main/java/org/owasp/benchmark/testcode/BenchmarkTest00567.java#L78,78
https://github.com/mariia10/sast-suit/blob/6adcad57d28feb229625f1f10c53f5e3625e1b62/src/main/java/org/owasp/benchmark/testcode/BenchmarkTest00568.java#L87,78
https://github.com/mariia10/sast-suit/blob/6adcad57d28feb229625f1f10c53f5e3625e1b62/src/main/java/org/owasp/benchmark/testcode/BenchmarkTest00572.java#L77,78
https://github.com/mariia10/sast-suit/blob/6adcad57d28feb229625f1f10c53f5e3625e1b62/src/main/java/org/owasp/benchmark/testcode/BenchmarkTest00575.java#L83,78
https://github.com/mariia10/sast-suit/blob/6adcad57d28feb229625f1f10c53f5e3625e1b62/src/main/java/org/owasp/benchmark/testcode/BenchmarkTest00576.java#L75,78
https://github.com/mariia10/sast-suit/blob/6adcad57d28feb229625f1f10c53f5e3625e1b62/src/main/java/org/owasp/benchmark/testcode/BenchmarkTest00731.java#L62,78
https://github.com/mariia10/sast-suit/blob/6adcad57d28feb229625f1f10c53f5e3625e1b62/src/main/java/org/owasp/benchmark/testcode/BenchmarkTest00732.java#L68,78
https://github.com/mariia10/sast-suit/blob/6adcad57d28feb229625f1f10c53f5e3625e1b62/src/main/java/org/owasp/benchmark/testcode/BenchmarkTest00738.java#L78,78
https://github.com/mariia10/sast-suit/blob/6adcad57d28feb229625f1f10c53f5e3625e1b62/src/main/java/org/owasp/benchmark/testcode/BenchmarkTest00739.java#L78,78
https://github.com/mariia10/sast-suit/blob/6adcad57d28feb229625f1f10c53f5e3625e1b62/src/main/java/org/owasp/benchmark/testcode/BenchmarkTest00741.java#L70,78
https://github.com/mariia10/sast-suit/blob/6adcad57d28feb229625f1f10c53f5e3625e1b62/src/main/java/org/owasp/benchmark/testcode/BenchmarkTest00742.java#L67,78
https://github.com/mariia10/sast-suit/blob/6adcad57d28feb229625f1f10c53f5e3625e1b62/src/main/java/org/owasp/benchmark/testcode/BenchmarkTest00814.java#L91,78
https://github.com/mariia10/sast-suit/blob/6adcad57d28feb229625f1f10c53f5e3625e1b62/src/main/java/org/owasp/benchmark/testcode/BenchmarkTest00815.java#L86,78
https://github.com/mariia10/sast-suit/blob/6adcad57d28feb229625f1f10c53f5e3625e1b62/src/main/java/org/owasp/benchmark/testcode/BenchmarkTest00816.java#L91,78
https://github.com/mariia10/sast-suit/blob/6adcad57d28feb229625f1f10c53f5e3625e1b62/src/main/java/org/owasp/benchmark/testcode/BenchmarkTest00824.java#L100,78
https://github.com/mariia10/sast-suit/blob/6adcad57d28feb229625f1f10c53f5e3625e1b62/src/main/java/org/owasp/benchmark/testcode/BenchmarkTest00826.java#L88,78
https://github.com/mariia10/sast-suit/blob/6adcad57d28feb229625f1f10c53f5e3625e1b62/src/main/java/org/owasp/benchmark/testcode/BenchmarkTest00968.java#L79,78
https://github.com/mariia10/sast-suit/blob/6adcad57d28feb229625f1f10c53f5e3625e1b62/src/main/java/org/owasp/benchmark/testcode/BenchmarkTest00969.java#L79,78
https://github.com/mariia10/sast-suit/blob/6adcad57d28feb229625f1f10c53f5e3625e1b62/src/main/java/org/owasp/benchmark/testcode/BenchmarkTest00970.java#L79,78
https://github.com/mariia10/sast-suit/blob/6adcad57d28feb229625f1f10c53f5e3625e1b62/src/main/java/org/owasp/benchmark/testcode/BenchmarkTest00978.java#L88,78
https://github.com/mariia10/sast-suit/blob/6adcad57d28feb229625f1f10c53f5e3625e1b62/src/main/java/org/owasp/benchmark/testcode/BenchmarkTest00979.java#L90,78
https://github.com/mariia10/sast-suit/blob/6adcad57d28feb229625f1f10c53f5e3625e1b62/src/main/java/org/owasp/benchmark/testcode/BenchmarkTest00981.java#L90,78
https://github.com/mariia10/sast-suit/blob/6adcad57d28feb229625f1f10c53f5e3625e1b62/src/main/java/org/owasp/benchmark/testcode/BenchmarkTest01064.java#L62,78
https://github.com/mariia10/sast-suit/blob/6adcad57d28feb229625f1f10c53f5e3625e1b62/src/main/java/org/owasp/benchmark/testcode/BenchmarkTest01065.java#L74,78
https://github.com/mariia10/sast-suit/blob/6adcad57d28feb229625f1f10c53f5e3625e1b62/src/main/java/org/owasp/benchmark/testcode/BenchmarkTest01068.java#L64,78
https://github.com/mariia10/sast-suit/blob/6adcad57d28feb229625f1f10c53f5e3625e1b62/src/main/java/org/owasp/benchmark/testcode/BenchmarkTest01182.java#L67,78
https://github.com/mariia10/sast-suit/blob/6adcad57d28feb229625f1f10c53f5e3625e1b62/src/main/java/org/owasp/benchmark/testcode/BenchmarkTest01189.java#L76,78
https://github.com/mariia10/sast-suit/blob/6adcad57d28feb229625f1f10c53f5e3625e1b62/src/main/java/org/owasp/benchmark/testcode/BenchmarkTest01193.java#L78,78
https://github.com/mariia10/sast-suit/blob/6adcad57d28feb229625f1f10c53f5e3625e1b62/src/main/java/org/owasp/benchmark/testcode/BenchmarkTest01194.java#L65,78
https://github.com/mariia10/sast-suit/blob/6adcad57d28feb229625f1f10c53f5e3625e1b62/src/main/java/org/owasp/benchmark/testcode/BenchmarkTest01269.java#L62,78
https://github.com/mariia10/sast-suit/blob/6adcad57d28feb229625f1f10c53f5e3625e1b62/src/main/java/org/owasp/benchmark/testcode/BenchmarkTest01270.java#L60,78
https://github.com/mariia10/sast-suit/blob/6adcad57d28feb229625f1f10c53f5e3625e1b62/src/main/java/org/owasp/benchmark/testcode/BenchmarkTest01285.java#L57,78
https://github.com/mariia10/sast-suit/blob/6adcad57d28feb229625f1f10c53f5e3625e1b62/src/main/java/org/owasp/benchmark/testcode/BenchmarkTest01286.java#L69,78
https://github.com/mariia10/sast-suit/blob/6adcad57d28feb229625f1f10c53f5e3625e1b62/src/main/java/org/owasp/benchmark/testcode/BenchmarkTest01289.java#L58,78
https://github.com/mariia10/sast-suit/blob/6adcad57d28feb229625f1f10c53f5e3625e1b62/src/main/java/org/owasp/benchmark/testcode/BenchmarkTest01353.java#L66,78
https://github.com/mariia10/sast-suit/blob/6adcad57d28feb229625f1f10c53f5e3625e1b62/src/main/java/org/owasp/benchmark/testcode/BenchmarkTest01360.java#L61,78
https://github.com/mariia10/sast-suit/blob/6adcad57d28feb229625f1f10c53f5e3625e1b62/src/main/java/org/owasp/benchmark/testcode/BenchmarkTest01362.java#L75,78
https://github.com/mariia10/sast-suit/blob/6adcad57d28feb229625f1f10c53f5e3625e1b62/src/main/java/org/owasp/benchmark/testcode/BenchmarkTest01365.java#L63,78
https://github.com/mariia10/sast-suit/blob/6adcad57d28feb229625f1f10c53f5e3625e1b62/src/main/java/org/owasp/benchmark/testcode/BenchmarkTest01430.java#L74,78
https://github.com/mariia10/sast-suit/blob/6adcad57d28feb229625f1f10c53f5e3625e1b62/src/main/java/org/owasp/benchmark/testcode/BenchmarkTest01440.java#L71,78
https://github.com/mariia10/sast-suit/blob/6adcad57d28feb229625f1f10c53f5e3625e1b62/src/main/java/org/owasp/benchmark/testcode/BenchmarkTest01441.java#L83,78
https://github.com/mariia10/sast-suit/blob/6adcad57d28feb229625f1f10c53f5e3625e1b62/src/main/java/org/owasp/benchmark/testcode/BenchmarkTest01443.java#L72,78
https://github.com/mariia10/sast-suit/blob/6adcad57d28feb229625f1f10c53f5e3625e1b62/src/main/java/org/owasp/benchmark/testcode/BenchmarkTest01446.java#L73,78
https://github.com/mariia10/sast-suit/blob/6adcad57d28feb229625f1f10c53f5e3625e1b62/src/main/java/org/owasp/benchmark/testcode/BenchmarkTest01600.java#L64,78
https://github.com/mariia10/sast-suit/blob/6adcad57d28feb229625f1f10c53f5e3625e1b62/src/main/java/org/owasp/benchmark/testcode/BenchmarkTest01601.java#L62,78
https://github.com/mariia10/sast-suit/blob/6adcad57d28feb229625f1f10c53f5e3625e1b62/src/main/java/org/owasp/benchmark/testcode/BenchmarkTest01606.java#L59,78
https://github.com/mariia10/sast-suit/blob/6adcad57d28feb229625f1f10c53f5e3625e1b62/src/main/java/org/owasp/benchmark/testcode/BenchmarkTest01607.java#L71,78
https://github.com/mariia10/sast-suit/blob/6adcad57d28feb229625f1f10c53f5e3625e1b62/src/main/java/org/owasp/benchmark/testcode/BenchmarkTest01609.java#L61,78
https://github.com/mariia10/sast-suit/blob/6adcad57d28feb229625f1f10c53f5e3625e1b62/src/main/java/org/owasp/benchmark/testcode/BenchmarkTest01610.java#L61,78
https://github.com/mariia10/sast-suit/blob/6adcad57d28feb229625f1f10c53f5e3625e1b62/src/main/java/org/owasp/benchmark/testcode/BenchmarkTest01672.java#L86,78
https://github.com/mariia10/sast-suit/blob/6adcad57d28feb229625f1f10c53f5e3625e1b62/src/main/java/org/owasp/benchmark/testcode/BenchmarkTest01673.java#L84,78
https://github.com/mariia10/sast-suit/blob/6adcad57d28feb229625f1f10c53f5e3625e1b62/src/main/java/org/owasp/benchmark/testcode/BenchmarkTest01674.java#L84,78
https://github.com/mariia10/sast-suit/blob/6adcad57d28feb229625f1f10c53f5e3625e1b62/src/main/java/org/owasp/benchmark/testcode/BenchmarkTest01685.java#L95,78
https://github.com/mariia10/sast-suit/blob/6adcad57d28feb229625f1f10c53f5e3625e1b62/src/main/java/org/owasp/benchmark/testcode/BenchmarkTest01687.java#L95,78
https://github.com/mariia10/sast-suit/blob/6adcad57d28feb229625f1f10c53f5e3625e1b62/src/main/java/org/owasp/benchmark/testcode/BenchmarkTest01688.java#L82,78
https://github.com/mariia10/sast-suit/blob/6adcad57d28feb229625f1f10c53f5e3625e1b62/src/main/java/org/owasp/benchmark/testcode/BenchmarkTest01689.java#L82,78
https://github.com/mariia10/sast-suit/blob/6adcad57d28feb229625f1f10c53f5e3625e1b62/src/main/java/org/owasp/benchmark/testcode/BenchmarkTest01692.java#L83,78
https://github.com/mariia10/sast-suit/blob/6adcad57d28feb229625f1f10c53f5e3625e1b62/src/main/java/org/owasp/benchmark/testcode/BenchmarkTest01693.java#L83,78
https://github.com/mariia10/sast-suit/blob/6adcad57d28feb229625f1f10c53f5e3625e1b62/src/main/java/org/owasp/benchmark/testcode/BenchmarkTest01850.java#L79,78
https://github.com/mariia10/sast-suit/blob/6adcad57d28feb229625f1f10c53f5e3625e1b62/src/main/java/org/owasp/benchmark/testcode/BenchmarkTest01851.java#L79,78
https://github.com/mariia10/sast-suit/blob/6adcad57d28feb229625f1f10c53f5e3625e1b62/src/main/java/org/owasp/benchmark/testcode/BenchmarkTest01852.java#L79,78
https://github.com/mariia10/sast-suit/blob/6adcad57d28feb229625f1f10c53f5e3625e1b62/src/main/java/org/owasp/benchmark/testcode/BenchmarkTest01864.java#L77,78
https://github.com/mariia10/sast-suit/blob/6adcad57d28feb229625f1f10c53f5e3625e1b62/src/main/java/org/owasp/benchmark/testcode/BenchmarkTest01865.java#L77,78
https://github.com/mariia10/sast-suit/blob/6adcad57d28feb229625f1f10c53f5e3625e1b62/src/main/java/org/owasp/benchmark/testcode/BenchmarkTest01928.java#L67,78
https://github.com/mariia10/sast-suit/blob/6adcad57d28feb229625f1f10c53f5e3625e1b62/src/main/java/org/owasp/benchmark/testcode/BenchmarkTest01929.java#L65,78
https://github.com/mariia10/sast-suit/blob/6adcad57d28feb229625f1f10c53f5e3625e1b62/src/main/java/org/owasp/benchmark/testcode/BenchmarkTest01936.java#L62,78
https://github.com/mariia10/sast-suit/blob/6adcad57d28feb229625f1f10c53f5e3625e1b62/src/main/java/org/owasp/benchmark/testcode/BenchmarkTest01937.java#L62,78
https://github.com/mariia10/sast-suit/blob/6adcad57d28feb229625f1f10c53f5e3625e1b62/src/main/java/org/owasp/benchmark/testcode/BenchmarkTest01938.java#L76,78
https://github.com/mariia10/sast-suit/blob/6adcad57d28feb229625f1f10c53f5e3625e1b62/src/main/java/org/owasp/benchmark/testcode/BenchmarkTest01940.java#L63,78
https://github.com/mariia10/sast-suit/blob/6adcad57d28feb229625f1f10c53f5e3625e1b62/src/main/java/org/owasp/benchmark/testcode/BenchmarkTest01942.java#L64,78
https://github.com/mariia10/sast-suit/blob/6adcad57d28feb229625f1f10c53f5e3625e1b62/src/main/java/org/owasp/benchmark/testcode/BenchmarkTest01943.java#L64,78
https://github.com/mariia10/sast-suit/blob/6adcad57d28feb229625f1f10c53f5e3625e1b62/src/main/java/org/owasp/benchmark/testcode/BenchmarkTest01944.java#L64,78
https://github.com/mariia10/sast-suit/blob/6adcad57d28feb229625f1f10c53f5e3625e1b62/src/main/java/org/owasp/benchmark/testcode/BenchmarkTest02058.java#L67,78
https://github.com/mariia10/sast-suit/blob/6adcad57d28feb229625f1f10c53f5e3625e1b62/src/main/java/org/owasp/benchmark/testcode/BenchmarkTest02059.java#L67,78
https://github.com/mariia10/sast-suit/blob/6adcad57d28feb229625f1f10c53f5e3625e1b62/src/main/java/org/owasp/benchmark/testcode/BenchmarkTest02067.java#L78,78
https://github.com/mariia10/sast-suit/blob/6adcad57d28feb229625f1f10c53f5e3625e1b62/src/main/java/org/owasp/benchmark/testcode/BenchmarkTest02069.java#L65,78
https://github.com/mariia10/sast-suit/blob/6adcad57d28feb229625f1f10c53f5e3625e1b62/src/main/java/org/owasp/benchmark/testcode/BenchmarkTest02137.java#L62,78
https://github.com/mariia10/sast-suit/blob/6adcad57d28feb229625f1f10c53f5e3625e1b62/src/main/java/org/owasp/benchmark/testcode/BenchmarkTest02146.java#L57,78
https://github.com/mariia10/sast-suit/blob/6adcad57d28feb229625f1f10c53f5e3625e1b62/src/main/java/org/owasp/benchmark/testcode/BenchmarkTest02147.java#L57,78
https://github.com/mariia10/sast-suit/blob/6adcad57d28feb229625f1f10c53f5e3625e1b62/src/main/java/org/owasp/benchmark/testcode/BenchmarkTest02149.java#L71,78
https://github.com/mariia10/sast-suit/blob/6adcad57d28feb229625f1f10c53f5e3625e1b62/src/main/java/org/owasp/benchmark/testcode/BenchmarkTest02150.java#L71,78
https://github.com/mariia10/sast-suit/blob/6adcad57d28feb229625f1f10c53f5e3625e1b62/src/main/java/org/owasp/benchmark/testcode/BenchmarkTest02151.java#L71,78
https://github.com/mariia10/sast-suit/blob/6adcad57d28feb229625f1f10c53f5e3625e1b62/src/main/java/org/owasp/benchmark/testcode/BenchmarkTest02152.java#L71,78
https://github.com/mariia10/sast-suit/blob/6adcad57d28feb229625f1f10c53f5e3625e1b62/src/main/java/org/owasp/benchmark/testcode/BenchmarkTest02154.java#L59,78
https://github.com/mariia10/sast-suit/blob/6adcad57d28feb229625f1f10c53f5e3625e1b62/src/main/java/org/owasp/benchmark/testcode/BenchmarkTest02243.java#L64,78
https://github.com/mariia10/sast-suit/blob/6adcad57d28feb229625f1f10c53f5e3625e1b62/src/main/java/org/owasp/benchmark/testcode/BenchmarkTest02244.java#L64,78
https://github.com/mariia10/sast-suit/blob/6adcad57d28feb229625f1f10c53f5e3625e1b62/src/main/java/org/owasp/benchmark/testcode/BenchmarkTest02249.java#L61,78
https://github.com/mariia10/sast-suit/blob/6adcad57d28feb229625f1f10c53f5e3625e1b62/src/main/java/org/owasp/benchmark/testcode/BenchmarkTest02250.java#L61,78
https://github.com/mariia10/sast-suit/blob/6adcad57d28feb229625f1f10c53f5e3625e1b62/src/main/java/org/owasp/benchmark/testcode/BenchmarkTest02251.java#L73,78
https://github.com/mariia10/sast-suit/blob/6adcad57d28feb229625f1f10c53f5e3625e1b62/src/main/java/org/owasp/benchmark/testcode/BenchmarkTest02252.java#L75,78
https://github.com/mariia10/sast-suit/blob/6adcad57d28feb229625f1f10c53f5e3625e1b62/src/main/java/org/owasp/benchmark/testcode/BenchmarkTest02253.java#L75,78
https://github.com/mariia10/sast-suit/blob/6adcad57d28feb229625f1f10c53f5e3625e1b62/src/main/java/org/owasp/benchmark/testcode/BenchmarkTest02333.java#L76,78
https://github.com/mariia10/sast-suit/blob/6adcad57d28feb229625f1f10c53f5e3625e1b62/src/main/java/org/owasp/benchmark/testcode/BenchmarkTest02334.java#L76,78
https://github.com/mariia10/sast-suit/blob/6adcad57d28feb229625f1f10c53f5e3625e1b62/src/main/java/org/owasp/benchmark/testcode/BenchmarkTest02335.java#L76,78
https://github.com/mariia10/sast-suit/blob/6adcad57d28feb229625f1f10c53f5e3625e1b62/src/main/java/org/owasp/benchmark/testcode/BenchmarkTest02340.java#L85,78
https://github.com/mariia10/sast-suit/blob/6adcad57d28feb229625f1f10c53f5e3625e1b62/src/main/java/org/owasp/benchmark/testcode/BenchmarkTest02342.java#L72,78
https://github.com/mariia10/sast-suit/blob/6adcad57d28feb229625f1f10c53f5e3625e1b62/src/main/java/org/owasp/benchmark/testcode/BenchmarkTest02343.java#L73,78
https://github.com/mariia10/sast-suit/blob/6adcad57d28feb229625f1f10c53f5e3625e1b62/src/main/java/org/owasp/benchmark/testcode/BenchmarkTest02496.java#L64,78
https://github.com/mariia10/sast-suit/blob/6adcad57d28feb229625f1f10c53f5e3625e1b62/src/main/java/org/owasp/benchmark/testcode/BenchmarkTest02610.java#L95,78
https://github.com/mariia10/sast-suit/blob/6adcad57d28feb229625f1f10c53f5e3625e1b62/src/main/java/org/owasp/benchmark/testcode/BenchmarkTest02611.java#L95,78
https://github.com/mariia10/sast-suit/blob/6adcad57d28feb229625f1f10c53f5e3625e1b62/src/main/java/org/owasp/benchmark/testcode/BenchmarkTest00012.java#L68,90
https://github.com/mariia10/sast-suit/blob/6adcad57d28feb229625f1f10c53f5e3625e1b62/src/main/java/org/owasp/benchmark/testcode/BenchmarkTest00021.java#L59,90
https://github.com/mariia10/sast-suit/blob/6adcad57d28feb229625f1f10c53f5e3625e1b62/src/main/java/org/owasp/benchmark/testcode/BenchmarkTest00044.java#L60,90
https://github.com/mariia10/sast-suit/blob/6adcad57d28feb229625f1f10c53f5e3625e1b62/src/main/java/org/owasp/benchmark/testcode/BenchmarkTest00138.java#L72,90
https://github.com/mariia10/sast-suit/blob/6adcad57d28feb229625f1f10c53f5e3625e1b62/src/main/java/org/owasp/benchmark/testcode/BenchmarkTest00530.java#L94,90
https://github.com/mariia10/sast-suit/blob/6adcad57d28feb229625f1f10c53f5e3625e1b62/src/main/java/org/owasp/benchmark/testcode/BenchmarkTest00694.java#L61,90
https://github.com/mariia10/sast-suit/blob/6adcad57d28feb229625f1f10c53f5e3625e1b62/src/main/java/org/owasp/benchmark/testcode/BenchmarkTest00695.java#L66,90
https://github.com/mariia10/sast-suit/blob/6adcad57d28feb229625f1f10c53f5e3625e1b62/src/main/java/org/owasp/benchmark/testcode/BenchmarkTest00947.java#L79,90
https://github.com/mariia10/sast-suit/blob/6adcad57d28feb229625f1f10c53f5e3625e1b62/src/main/java/org/owasp/benchmark/testcode/BenchmarkTest00948.java#L78,90
https://github.com/mariia10/sast-suit/blob/6adcad57d28feb229625f1f10c53f5e3625e1b62/src/main/java/org/owasp/benchmark/testcode/BenchmarkTest00959.java#L81,90
https://github.com/mariia10/sast-suit/blob/6adcad57d28feb229625f1f10c53f5e3625e1b62/src/main/java/org/owasp/benchmark/testcode/BenchmarkTest01023.java#L65,90
https://github.com/mariia10/sast-suit/blob/6adcad57d28feb229625f1f10c53f5e3625e1b62/src/main/java/org/owasp/benchmark/testcode/BenchmarkTest01024.java#L65,90
https://github.com/mariia10/sast-suit/blob/6adcad57d28feb229625f1f10c53f5e3625e1b62/src/main/java/org/owasp/benchmark/testcode/BenchmarkTest01154.java#L67,90
https://github.com/mariia10/sast-suit/blob/6adcad57d28feb229625f1f10c53f5e3625e1b62/src/main/java/org/owasp/benchmark/testcode/BenchmarkTest01241.java#L62,90
https://github.com/mariia10/sast-suit/blob/6adcad57d28feb229625f1f10c53f5e3625e1b62/src/main/java/org/owasp/benchmark/testcode/BenchmarkTest01242.java#L62,90
https://github.com/mariia10/sast-suit/blob/6adcad57d28feb229625f1f10c53f5e3625e1b62/src/main/java/org/owasp/benchmark/testcode/BenchmarkTest01243.java#L61,90
https://github.com/mariia10/sast-suit/blob/6adcad57d28feb229625f1f10c53f5e3625e1b62/src/main/java/org/owasp/benchmark/testcode/BenchmarkTest01326.java#L64,90
https://github.com/mariia10/sast-suit/blob/6adcad57d28feb229625f1f10c53f5e3625e1b62/src/main/java/org/owasp/benchmark/testcode/BenchmarkTest01327.java#L64,90
https://github.com/mariia10/sast-suit/blob/6adcad57d28feb229625f1f10c53f5e3625e1b62/src/main/java/org/owasp/benchmark/testcode/BenchmarkTest01402.java#L74,90
https://github.com/mariia10/sast-suit/blob/6adcad57d28feb229625f1f10c53f5e3625e1b62/src/main/java/org/owasp/benchmark/testcode/BenchmarkTest01568.java#L61,90
https://github.com/mariia10/sast-suit/blob/6adcad57d28feb229625f1f10c53f5e3625e1b62/src/main/java/org/owasp/benchmark/testcode/BenchmarkTest01569.java#L61,90
https://github.com/mariia10/sast-suit/blob/6adcad57d28feb229625f1f10c53f5e3625e1b62/src/main/java/org/owasp/benchmark/testcode/BenchmarkTest01831.java#L79,90
https://github.com/mariia10/sast-suit/blob/6adcad57d28feb229625f1f10c53f5e3625e1b62/src/main/java/org/owasp/benchmark/testcode/BenchmarkTest01832.java#L79,90
https://github.com/mariia10/sast-suit/blob/6adcad57d28feb229625f1f10c53f5e3625e1b62/src/main/java/org/owasp/benchmark/testcode/BenchmarkTest01902.java#L64,90
https://github.com/mariia10/sast-suit/blob/6adcad57d28feb229625f1f10c53f5e3625e1b62/src/main/java/org/owasp/benchmark/testcode/BenchmarkTest01903.java#L64,90
https://github.com/mariia10/sast-suit/blob/6adcad57d28feb229625f1f10c53f5e3625e1b62/src/main/java/org/owasp/benchmark/testcode/BenchmarkTest01909.java#L66,90
https://github.com/mariia10/sast-suit/blob/6adcad57d28feb229625f1f10c53f5e3625e1b62/src/main/java/org/owasp/benchmark/testcode/BenchmarkTest02025.java#L66,90
https://github.com/mariia10/sast-suit/blob/6adcad57d28feb229625f1f10c53f5e3625e1b62/src/main/java/org/owasp/benchmark/testcode/BenchmarkTest02036.java#L69,90
https://github.com/mariia10/sast-suit/blob/6adcad57d28feb229625f1f10c53f5e3625e1b62/src/main/java/org/owasp/benchmark/testcode/BenchmarkTest02037.java#L69,90
https://github.com/mariia10/sast-suit/blob/6adcad57d28feb229625f1f10c53f5e3625e1b62/src/main/java/org/owasp/benchmark/testcode/BenchmarkTest02104.java#L60,90
https://github.com/mariia10/sast-suit/blob/6adcad57d28feb229625f1f10c53f5e3625e1b62/src/main/java/org/owasp/benchmark/testcode/BenchmarkTest02114.java#L62,90
https://github.com/mariia10/sast-suit/blob/6adcad57d28feb229625f1f10c53f5e3625e1b62/src/main/java/org/owasp/benchmark/testcode/BenchmarkTest02115.java#L62,90
https://github.com/mariia10/sast-suit/blob/6adcad57d28feb229625f1f10c53f5e3625e1b62/src/main/java/org/owasp/benchmark/testcode/BenchmarkTest02116.java#L61,90
https://github.com/mariia10/sast-suit/blob/6adcad57d28feb229625f1f10c53f5e3625e1b62/src/main/java/org/owasp/benchmark/testcode/BenchmarkTest02196.java#L63,90
https://github.com/mariia10/sast-suit/blob/6adcad57d28feb229625f1f10c53f5e3625e1b62/src/main/java/org/owasp/benchmark/testcode/BenchmarkTest02208.java#L66,90
https://github.com/mariia10/sast-suit/blob/6adcad57d28feb229625f1f10c53f5e3625e1b62/src/main/java/org/owasp/benchmark/testcode/BenchmarkTest02299.java#L73,90
https://github.com/mariia10/sast-suit/blob/6adcad57d28feb229625f1f10c53f5e3625e1b62/src/main/java/org/owasp/benchmark/testcode/BenchmarkTest02305.java#L76,90
https://github.com/mariia10/sast-suit/blob/6adcad57d28feb229625f1f10c53f5e3625e1b62/src/main/java/org/owasp/benchmark/testcode/BenchmarkTest02306.java#L75,90
https://github.com/mariia10/sast-suit/blob/6adcad57d28feb229625f1f10c53f5e3625e1b62/src/main/java/org/owasp/benchmark/testcode/BenchmarkTest02472.java#L64,90
https://github.com/mariia10/sast-suit/blob/6adcad57d28feb229625f1f10c53f5e3625e1b62/src/main/java/org/owasp/benchmark/testcode/BenchmarkTest02553.java#L84,90
https://github.com/mariia10/sast-suit/blob/6adcad57d28feb229625f1f10c53f5e3625e1b62/src/main/java/org/owasp/benchmark/testcode/BenchmarkTest02571.java#L86,90
https://github.com/mariia10/sast-suit/blob/6adcad57d28feb229625f1f10c53f5e3625e1b62/src/main/java/org/owasp/benchmark/testcode/BenchmarkTest02572.java#L85,90
https://github.com/mariia10/sast-suit/blob/6adcad57d28feb229625f1f10c53f5e3625e1b62/src/main/java/org/owasp/benchmark/testcode/BenchmarkTest00001.java#L42,1004
https://github.com/mariia10/sast-suit/blob/6adcad57d28feb229625f1f10c53f5e3625e1b62/src/main/java/org/owasp/benchmark/testcode/BenchmarkTest00002.java#L42,1004
https://github.com/mariia10/sast-suit/blob/6adcad57d28feb229625f1f10c53f5e3625e1b62/src/main/java/org/owasp/benchmark/testcode/BenchmarkTest00003.java#L42,1004
https://github.com/mariia10/sast-suit/blob/6adcad57d28feb229625f1f10c53f5e3625e1b62/src/main/java/org/owasp/benchmark/testcode/BenchmarkTest00004.java#L42,1004
https://github.com/mariia10/sast-suit/blob/6adcad57d28feb229625f1f10c53f5e3625e1b62/src/main/java/org/owasp/benchmark/testcode/BenchmarkTest00053.java#L42,1004
https://github.com/mariia10/sast-suit/blob/6adcad57d28feb229625f1f10c53f5e3625e1b62/src/main/java/org/owasp/benchmark/testcode/BenchmarkTest00054.java#L42,1004
https://github.com/mariia10/sast-suit/blob/6adcad57d28feb229625f1f10c53f5e3625e1b62/src/main/java/org/owasp/benchmark/testcode/BenchmarkTest00055.java#L42,1004
https://github.com/mariia10/sast-suit/blob/6adcad57d28feb229625f1f10c53f5e3625e1b62/src/main/java/org/owasp/benchmark/testcode/BenchmarkTest00056.java#L42,1004
https://github.com/mariia10/sast-suit/blob/6adcad57d28feb229625f1f10c53f5e3625e1b62/src/main/java/org/owasp/benchmark/testcode/BenchmarkTest00057.java#L42,1004
https://github.com/mariia10/sast-suit/blob/6adcad57d28feb229625f1f10c53f5e3625e1b62/src/main/java/org/owasp/benchmark/testcode/BenchmarkTest00058.java#L42,1004
https://github.com/mariia10/sast-suit/blob/6adcad57d28feb229625f1f10c53f5e3625e1b62/src/main/java/org/owasp/benchmark/testcode/BenchmarkTest00059.java#L42,1004
https://github.com/mariia10/sast-suit/blob/6adcad57d28feb229625f1f10c53f5e3625e1b62/src/main/java/org/owasp/benchmark/testcode/BenchmarkTest00060.java#L42,1004
https://github.com/mariia10/sast-suit/blob/6adcad57d28feb229625f1f10c53f5e3625e1b62/src/main/java/org/owasp/benchmark/testcode/BenchmarkTest00061.java#L42,1004
https://github.com/mariia10/sast-suit/blob/6adcad57d28feb229625f1f10c53f5e3625e1b62/src/main/java/org/owasp/benchmark/testcode/BenchmarkTest00062.java#L42,1004
https://github.com/mariia10/sast-suit/blob/6adcad57d28feb229625f1f10c53f5e3625e1b62/src/main/java/org/owasp/benchmark/testcode/BenchmarkTest00063.java#L42,1004
https://github.com/mariia10/sast-suit/blob/6adcad57d28feb229625f1f10c53f5e3625e1b62/src/main/java/org/owasp/benchmark/testcode/BenchmarkTest00064.java#L42,1004
https://github.com/mariia10/sast-suit/blob/6adcad57d28feb229625f1f10c53f5e3625e1b62/src/main/java/org/owasp/benchmark/testcode/BenchmarkTest00065.java#L42,1004
https://github.com/mariia10/sast-suit/blob/6adcad57d28feb229625f1f10c53f5e3625e1b62/src/main/java/org/owasp/benchmark/testcode/BenchmarkTest00066.java#L42,1004
https://github.com/mariia10/sast-suit/blob/6adcad57d28feb229625f1f10c53f5e3625e1b62/src/main/java/org/owasp/benchmark/testcode/BenchmarkTest00067.java#L42,1004
https://github.com/mariia10/sast-suit/blob/6adcad57d28feb229625f1f10c53f5e3625e1b62/src/main/java/org/owasp/benchmark/testcode/BenchmarkTest00068.java#L42,1004
https://github.com/mariia10/sast-suit/blob/6adcad57d28feb229625f1f10c53f5e3625e1b62/src/main/java/org/owasp/benchmark/testcode/BenchmarkTest00069.java#L42,1004
https://github.com/mariia10/sast-suit/blob/6adcad57d28feb229625f1f10c53f5e3625e1b62/src/main/java/org/owasp/benchmark/testcode/BenchmarkTest00070.java#L42,1004
https://github.com/mariia10/sast-suit/blob/6adcad57d28feb229625f1f10c53f5e3625e1b62/src/main/java/org/owasp/benchmark/testcode/BenchmarkTest00071.java#L42,1004
https://github.com/mariia10/sast-suit/blob/6adcad57d28feb229625f1f10c53f5e3625e1b62/src/main/java/org/owasp/benchmark/testcode/BenchmarkTest00072.java#L42,1004
https://github.com/mariia10/sast-suit/blob/6adcad57d28feb229625f1f10c53f5e3625e1b62/src/main/java/org/owasp/benchmark/testcode/BenchmarkTest00073.java#L42,1004
https://github.com/mariia10/sast-suit/blob/6adcad57d28feb229625f1f10c53f5e3625e1b62/src/main/java/org/owasp/benchmark/testcode/BenchmarkTest00074.java#L42,1004
https://github.com/mariia10/sast-suit/blob/6adcad57d28feb229625f1f10c53f5e3625e1b62/src/main/java/org/owasp/benchmark/testcode/BenchmarkTest00075.java#L42,1004
https://github.com/mariia10/sast-suit/blob/6adcad57d28feb229625f1f10c53f5e3625e1b62/src/main/java/org/owasp/benchmark/testcode/BenchmarkTest00076.java#L42,1004
https://github.com/mariia10/sast-suit/blob/6adcad57d28feb229625f1f10c53f5e3625e1b62/src/main/java/org/owasp/benchmark/testcode/BenchmarkTest00077.java#L42,1004
https://github.com/mariia10/sast-suit/blob/6adcad57d28feb229625f1f10c53f5e3625e1b62/src/main/java/org/owasp/benchmark/testcode/BenchmarkTest00078.java#L42,1004
https://github.com/mariia10/sast-suit/blob/6adcad57d28feb229625f1f10c53f5e3625e1b62/src/main/java/org/owasp/benchmark/testcode/BenchmarkTest00079.java#L42,1004
https://github.com/mariia10/sast-suit/blob/6adcad57d28feb229625f1f10c53f5e3625e1b62/src/main/java/org/owasp/benchmark/testcode/BenchmarkTest00080.java#L42,1004
https://github.com/mariia10/sast-suit/blob/6adcad57d28feb229625f1f10c53f5e3625e1b62/src/main/java/org/owasp/benchmark/testcode/BenchmarkTest00081.java#L42,1004
https://github.com/mariia10/sast-suit/blob/6adcad57d28feb229625f1f10c53f5e3625e1b62/src/main/java/org/owasp/benchmark/testcode/BenchmarkTest00082.java#L42,1004
https://github.com/mariia10/sast-suit/blob/6adcad57d28feb229625f1f10c53f5e3625e1b62/src/main/java/org/owasp/benchmark/testcode/BenchmarkTest00083.java#L42,1004
https://github.com/mariia10/sast-suit/blob/6adcad57d28feb229625f1f10c53f5e3625e1b62/src/main/java/org/owasp/benchmark/testcode/BenchmarkTest00084.java#L42,1004
https://github.com/mariia10/sast-suit/blob/6adcad57d28feb229625f1f10c53f5e3625e1b62/src/main/java/org/owasp/benchmark/testcode/BenchmarkTest00085.java#L42,1004
https://github.com/mariia10/sast-suit/blob/6adcad57d28feb229625f1f10c53f5e3625e1b62/src/main/java/org/owasp/benchmark/testcode/BenchmarkTest00086.java#L42,1004
https://github.com/mariia10/sast-suit/blob/6adcad57d28feb229625f1f10c53f5e3625e1b62/src/main/java/org/owasp/benchmark/testcode/BenchmarkTest00087.java#L42,1004
https://github.com/mariia10/sast-suit/blob/6adcad57d28feb229625f1f10c53f5e3625e1b62/src/main/java/org/owasp/benchmark/testcode/BenchmarkTest00088.java#L42,1004
https://github.com/mariia10/sast-suit/blob/6adcad57d28feb229625f1f10c53f5e3625e1b62/src/main/java/org/owasp/benchmark/testcode/BenchmarkTest00089.java#L42,1004
https://github.com/mariia10/sast-suit/blob/6adcad57d28feb229625f1f10c53f5e3625e1b62/src/main/java/org/owasp/benchmark/testcode/BenchmarkTest00090.java#L42,1004
https://github.com/mariia10/sast-suit/blob/6adcad57d28feb229625f1f10c53f5e3625e1b62/src/main/java/org/owasp/benchmark/testcode/BenchmarkTest00091.java#L42,1004
https://github.com/mariia10/sast-suit/blob/6adcad57d28feb229625f1f10c53f5e3625e1b62/src/main/java/org/owasp/benchmark/testcode/BenchmarkTest00092.java#L42,1004
https://github.com/mariia10/sast-suit/blob/6adcad57d28feb229625f1f10c53f5e3625e1b62/src/main/java/org/owasp/benchmark/testcode/BenchmarkTest00093.java#L42,1004
https://github.com/mariia10/sast-suit/blob/6adcad57d28feb229625f1f10c53f5e3625e1b62/src/main/java/org/owasp/benchmark/testcode/BenchmarkTest00094.java#L42,1004
https://github.com/mariia10/sast-suit/blob/6adcad57d28feb229625f1f10c53f5e3625e1b62/src/main/java/org/owasp/benchmark/testcode/BenchmarkTest00095.java#L42,1004
https://github.com/mariia10/sast-suit/blob/6adcad57d28feb229625f1f10c53f5e3625e1b62/src/main/java/org/owasp/benchmark/testcode/BenchmarkTest00096.java#L42,1004
https://github.com/mariia10/sast-suit/blob/6adcad57d28feb229625f1f10c53f5e3625e1b62/src/main/java/org/owasp/benchmark/testcode/BenchmarkTest00097.java#L42,1004
https://github.com/mariia10/sast-suit/blob/6adcad57d28feb229625f1f10c53f5e3625e1b62/src/main/java/org/owasp/benchmark/testcode/BenchmarkTest00098.java#L42,1004
https://github.com/mariia10/sast-suit/blob/6adcad57d28feb229625f1f10c53f5e3625e1b62/src/main/java/org/owasp/benchmark/testcode/BenchmarkTest00099.java#L42,1004
https://github.com/mariia10/sast-suit/blob/6adcad57d28feb229625f1f10c53f5e3625e1b62/src/main/java/org/owasp/benchmark/testcode/BenchmarkTest00100.java#L42,1004
https://github.com/mariia10/sast-suit/blob/6adcad57d28feb229625f1f10c53f5e3625e1b62/src/main/java/org/owasp/benchmark/testcode/BenchmarkTest00101.java#L42,1004
https://github.com/mariia10/sast-suit/blob/6adcad57d28feb229625f1f10c53f5e3625e1b62/src/main/java/org/owasp/benchmark/testcode/BenchmarkTest00102.java#L42,1004
https://github.com/mariia10/sast-suit/blob/6adcad57d28feb229625f1f10c53f5e3625e1b62/src/main/java/org/owasp/benchmark/testcode/BenchmarkTest00103.java#L42,1004
https://github.com/mariia10/sast-suit/blob/6adcad57d28feb229625f1f10c53f5e3625e1b62/src/main/java/org/owasp/benchmark/testcode/BenchmarkTest00104.java#L42,1004
https://github.com/mariia10/sast-suit/blob/6adcad57d28feb229625f1f10c53f5e3625e1b62/src/main/java/org/owasp/benchmark/testcode/BenchmarkTest00105.java#L42,1004
https://github.com/mariia10/sast-suit/blob/6adcad57d28feb229625f1f10c53f5e3625e1b62/src/main/java/org/owasp/benchmark/testcode/BenchmarkTest00106.java#L42,1004
https://github.com/mariia10/sast-suit/blob/6adcad57d28feb229625f1f10c53f5e3625e1b62/src/main/java/org/owasp/benchmark/testcode/BenchmarkTest00107.java#L42,1004
https://github.com/mariia10/sast-suit/blob/6adcad57d28feb229625f1f10c53f5e3625e1b62/src/main/java/org/owasp/benchmark/testcode/BenchmarkTest00108.java#L42,1004
https://github.com/mariia10/sast-suit/blob/6adcad57d28feb229625f1f10c53f5e3625e1b62/src/main/java/org/owasp/benchmark/testcode/BenchmarkTest00109.java#L42,1004
https://github.com/mariia10/sast-suit/blob/6adcad57d28feb229625f1f10c53f5e3625e1b62/src/main/java/org/owasp/benchmark/testcode/BenchmarkTest00110.java#L42,1004
https://github.com/mariia10/sast-suit/blob/6adcad57d28feb229625f1f10c53f5e3625e1b62/src/main/java/org/owasp/benchmark/testcode/BenchmarkTest00111.java#L42,1004
https://github.com/mariia10/sast-suit/blob/6adcad57d28feb229625f1f10c53f5e3625e1b62/src/main/java/org/owasp/benchmark/testcode/BenchmarkTest00112.java#L42,1004
https://github.com/mariia10/sast-suit/blob/6adcad57d28feb229625f1f10c53f5e3625e1b62/src/main/java/org/owasp/benchmark/testcode/BenchmarkTest00113.java#L42,1004
https://github.com/mariia10/sast-suit/blob/6adcad57d28feb229625f1f10c53f5e3625e1b62/src/main/java/org/owasp/benchmark/testcode/BenchmarkTest00114.java#L42,1004
https://github.com/mariia10/sast-suit/blob/6adcad57d28feb229625f1f10c53f5e3625e1b62/src/main/java/org/owasp/benchmark/testcode/BenchmarkTest00115.java#L42,1004
https://github.com/mariia10/sast-suit/blob/6adcad57d28feb229625f1f10c53f5e3625e1b62/src/main/java/org/owasp/benchmark/testcode/BenchmarkTest00116.java#L42,1004
https://github.com/mariia10/sast-suit/blob/6adcad57d28feb229625f1f10c53f5e3625e1b62/src/main/java/org/owasp/benchmark/testcode/BenchmarkTest00117.java#L42,1004
https://github.com/mariia10/sast-suit/blob/6adcad57d28feb229625f1f10c53f5e3625e1b62/src/main/java/org/owasp/benchmark/testcode/BenchmarkTest00118.java#L42,1004
https://github.com/mariia10/sast-suit/blob/6adcad57d28feb229625f1f10c53f5e3625e1b62/src/main/java/org/owasp/benchmark/testcode/BenchmarkTest00942.java#L42,1004
https://github.com/mariia10/sast-suit/blob/6adcad57d28feb229625f1f10c53f5e3625e1b62/src/main/java/org/owasp/benchmark/testcode/BenchmarkTest00943.java#L42,1004
https://github.com/mariia10/sast-suit/blob/6adcad57d28feb229625f1f10c53f5e3625e1b62/src/main/java/org/owasp/benchmark/testcode/BenchmarkTest00944.java#L42,1004
https://github.com/mariia10/sast-suit/blob/6adcad57d28feb229625f1f10c53f5e3625e1b62/src/main/java/org/owasp/benchmark/testcode/BenchmarkTest00945.java#L42,1004
https://github.com/mariia10/sast-suit/blob/6adcad57d28feb229625f1f10c53f5e3625e1b62/src/main/java/org/owasp/benchmark/testcode/BenchmarkTest00946.java#L42,1004
https://github.com/mariia10/sast-suit/blob/6adcad57d28feb229625f1f10c53f5e3625e1b62/src/main/java/org/owasp/benchmark/testcode/BenchmarkTest00947.java#L42,1004
https://github.com/mariia10/sast-suit/blob/6adcad57d28feb229625f1f10c53f5e3625e1b62/src/main/java/org/owasp/benchmark/testcode/BenchmarkTest00948.java#L42,1004
https://github.com/mariia10/sast-suit/blob/6adcad57d28feb229625f1f10c53f5e3625e1b62/src/main/java/org/owasp/benchmark/testcode/BenchmarkTest00949.java#L42,1004
https://github.com/mariia10/sast-suit/blob/6adcad57d28feb229625f1f10c53f5e3625e1b62/src/main/java/org/owasp/benchmark/testcode/BenchmarkTest00950.java#L42,1004
https://github.com/mariia10/sast-suit/blob/6adcad57d28feb229625f1f10c53f5e3625e1b62/src/main/java/org/owasp/benchmark/testcode/BenchmarkTest00951.java#L42,1004
https://github.com/mariia10/sast-suit/blob/6adcad57d28feb229625f1f10c53f5e3625e1b62/src/main/java/org/owasp/benchmark/testcode/BenchmarkTest00952.java#L42,1004
https://github.com/mariia10/sast-suit/blob/6adcad57d28feb229625f1f10c53f5e3625e1b62/src/main/java/org/owasp/benchmark/testcode/BenchmarkTest00953.java#L42,1004
https://github.com/mariia10/sast-suit/blob/6adcad57d28feb229625f1f10c53f5e3625e1b62/src/main/java/org/owasp/benchmark/testcode/BenchmarkTest00954.java#L42,1004
https://github.com/mariia10/sast-suit/blob/6adcad57d28feb229625f1f10c53f5e3625e1b62/src/main/java/org/owasp/benchmark/testcode/BenchmarkTest00955.java#L42,1004
https://github.com/mariia10/sast-suit/blob/6adcad57d28feb229625f1f10c53f5e3625e1b62/src/main/java/org/owasp/benchmark/testcode/BenchmarkTest00956.java#L42,1004
https://github.com/mariia10/sast-suit/blob/6adcad57d28feb229625f1f10c53f5e3625e1b62/src/main/java/org/owasp/benchmark/testcode/BenchmarkTest00957.java#L42,1004
https://github.com/mariia10/sast-suit/blob/6adcad57d28feb229625f1f10c53f5e3625e1b62/src/main/java/org/owasp/benchmark/testcode/BenchmarkTest00958.java#L42,1004
https://github.com/mariia10/sast-suit/blob/6adcad57d28feb229625f1f10c53f5e3625e1b62/src/main/java/org/owasp/benchmark/testcode/BenchmarkTest00959.java#L42,1004
https://github.com/mariia10/sast-suit/blob/6adcad57d28feb229625f1f10c53f5e3625e1b62/src/main/java/org/owasp/benchmark/testcode/BenchmarkTest00960.java#L42,1004
https://github.com/mariia10/sast-suit/blob/6adcad57d28feb229625f1f10c53f5e3625e1b62/src/main/java/org/owasp/benchmark/testcode/BenchmarkTest00961.java#L42,1004
https://github.com/mariia10/sast-suit/blob/6adcad57d28feb229625f1f10c53f5e3625e1b62/src/main/java/org/owasp/benchmark/testcode/BenchmarkTest00962.java#L42,1004
https://github.com/mariia10/sast-suit/blob/6adcad57d28feb229625f1f10c53f5e3625e1b62/src/main/java/org/owasp/benchmark/testcode/BenchmarkTest00963.java#L42,1004
https://github.com/mariia10/sast-suit/blob/6adcad57d28feb229625f1f10c53f5e3625e1b62/src/main/java/org/owasp/benchmark/testcode/BenchmarkTest00964.java#L42,1004
https://github.com/mariia10/sast-suit/blob/6adcad57d28feb229625f1f10c53f5e3625e1b62/src/main/java/org/owasp/benchmark/testcode/BenchmarkTest00965.java#L42,1004
https://github.com/mariia10/sast-suit/blob/6adcad57d28feb229625f1f10c53f5e3625e1b62/src/main/java/org/owasp/benchmark/testcode/BenchmarkTest00966.java#L42,1004
https://github.com/mariia10/sast-suit/blob/6adcad57d28feb229625f1f10c53f5e3625e1b62/src/main/java/org/owasp/benchmark/testcode/BenchmarkTest00967.java#L42,1004
https://github.com/mariia10/sast-suit/blob/6adcad57d28feb229625f1f10c53f5e3625e1b62/src/main/java/org/owasp/benchmark/testcode/BenchmarkTest00968.java#L42,1004
https://github.com/mariia10/sast-suit/blob/6adcad57d28feb229625f1f10c53f5e3625e1b62/src/main/java/org/owasp/benchmark/testcode/BenchmarkTest00969.java#L42,1004
https://github.com/mariia10/sast-suit/blob/6adcad57d28feb229625f1f10c53f5e3625e1b62/src/main/java/org/owasp/benchmark/testcode/BenchmarkTest00970.java#L42,1004
https://github.com/mariia10/sast-suit/blob/6adcad57d28feb229625f1f10c53f5e3625e1b62/src/main/java/org/owasp/benchmark/testcode/BenchmarkTest00971.java#L42,1004
https://github.com/mariia10/sast-suit/blob/6adcad57d28feb229625f1f10c53f5e3625e1b62/src/main/java/org/owasp/benchmark/testcode/BenchmarkTest00972.java#L42,1004
https://github.com/mariia10/sast-suit/blob/6adcad57d28feb229625f1f10c53f5e3625e1b62/src/main/java/org/owasp/benchmark/testcode/BenchmarkTest00973.java#L42,1004
https://github.com/mariia10/sast-suit/blob/6adcad57d28feb229625f1f10c53f5e3625e1b62/src/main/java/org/owasp/benchmark/testcode/BenchmarkTest00974.java#L42,1004
https://github.com/mariia10/sast-suit/blob/6adcad57d28feb229625f1f10c53f5e3625e1b62/src/main/java/org/owasp/benchmark/testcode/BenchmarkTest00975.java#L42,1004
https://github.com/mariia10/sast-suit/blob/6adcad57d28feb229625f1f10c53f5e3625e1b62/src/main/java/org/owasp/benchmark/testcode/BenchmarkTest00976.java#L42,1004
https://github.com/mariia10/sast-suit/blob/6adcad57d28feb229625f1f10c53f5e3625e1b62/src/main/java/org/owasp/benchmark/testcode/BenchmarkTest00977.java#L42,1004
https://github.com/mariia10/sast-suit/blob/6adcad57d28feb229625f1f10c53f5e3625e1b62/src/main/java/org/owasp/benchmark/testcode/BenchmarkTest00978.java#L42,1004
https://github.com/mariia10/sast-suit/blob/6adcad57d28feb229625f1f10c53f5e3625e1b62/src/main/java/org/owasp/benchmark/testcode/BenchmarkTest00979.java#L42,1004
https://github.com/mariia10/sast-suit/blob/6adcad57d28feb229625f1f10c53f5e3625e1b62/src/main/java/org/owasp/benchmark/testcode/BenchmarkTest00980.java#L42,1004
https://github.com/mariia10/sast-suit/blob/6adcad57d28feb229625f1f10c53f5e3625e1b62/src/main/java/org/owasp/benchmark/testcode/BenchmarkTest00981.java#L42,1004
https://github.com/mariia10/sast-suit/blob/6adcad57d28feb229625f1f10c53f5e3625e1b62/src/main/java/org/owasp/benchmark/testcode/BenchmarkTest00982.java#L42,1004
https://github.com/mariia10/sast-suit/blob/6adcad57d28feb229625f1f10c53f5e3625e1b62/src/main/java/org/owasp/benchmark/testcode/BenchmarkTest00983.java#L42,1004
https://github.com/mariia10/sast-suit/blob/6adcad57d28feb229625f1f10c53f5e3625e1b62/src/main/java/org/owasp/benchmark/testcode/BenchmarkTest00984.java#L42,1004
https://github.com/mariia10/sast-suit/blob/6adcad57d28feb229625f1f10c53f5e3625e1b62/src/main/java/org/owasp/benchmark/testcode/BenchmarkTest00985.java#L42,1004
https://github.com/mariia10/sast-suit/blob/6adcad57d28feb229625f1f10c53f5e3625e1b62/src/main/java/org/owasp/benchmark/testcode/BenchmarkTest00986.java#L42,1004
https://github.com/mariia10/sast-suit/blob/6adcad57d28feb229625f1f10c53f5e3625e1b62/src/main/java/org/owasp/benchmark/testcode/BenchmarkTest00987.java#L42,1004
https://github.com/mariia10/sast-suit/blob/6adcad57d28feb229625f1f10c53f5e3625e1b62/src/main/java/org/owasp/benchmark/testcode/BenchmarkTest00988.java#L42,1004
https://github.com/mariia10/sast-suit/blob/6adcad57d28feb229625f1f10c53f5e3625e1b62/src/main/java/org/owasp/benchmark/testcode/BenchmarkTest00989.java#L42,1004
https://github.com/mariia10/sast-suit/blob/6adcad57d28feb229625f1f10c53f5e3625e1b62/src/main/java/org/owasp/benchmark/testcode/BenchmarkTest00990.java#L42,1004
https://github.com/mariia10/sast-suit/blob/6adcad57d28feb229625f1f10c53f5e3625e1b62/src/main/java/org/owasp/benchmark/testcode/BenchmarkTest00991.java#L42,1004
https://github.com/mariia10/sast-suit/blob/6adcad57d28feb229625f1f10c53f5e3625e1b62/src/main/java/org/owasp/benchmark/testcode/BenchmarkTest00992.java#L42,1004
https://github.com/mariia10/sast-suit/blob/6adcad57d28feb229625f1f10c53f5e3625e1b62/src/main/java/org/owasp/benchmark/testcode/BenchmarkTest00993.java#L42,1004
https://github.com/mariia10/sast-suit/blob/6adcad57d28feb229625f1f10c53f5e3625e1b62/src/main/java/org/owasp/benchmark/testcode/BenchmarkTest00994.java#L42,1004
https://github.com/mariia10/sast-suit/blob/6adcad57d28feb229625f1f10c53f5e3625e1b62/src/main/java/org/owasp/benchmark/testcode/BenchmarkTest00995.java#L42,1004
https://github.com/mariia10/sast-suit/blob/6adcad57d28feb229625f1f10c53f5e3625e1b62/src/main/java/org/owasp/benchmark/testcode/BenchmarkTest00996.java#L43,1004
https://github.com/mariia10/sast-suit/blob/6adcad57d28feb229625f1f10c53f5e3625e1b62/src/main/java/org/owasp/benchmark/testcode/BenchmarkTest00997.java#L43,1004
https://github.com/mariia10/sast-suit/blob/6adcad57d28feb229625f1f10c53f5e3625e1b62/src/main/java/org/owasp/benchmark/testcode/BenchmarkTest00998.java#L43,1004
https://github.com/mariia10/sast-suit/blob/6adcad57d28feb229625f1f10c53f5e3625e1b62/src/main/java/org/owasp/benchmark/testcode/BenchmarkTest00999.java#L43,1004
https://github.com/mariia10/sast-suit/blob/6adcad57d28feb229625f1f10c53f5e3625e1b62/src/main/java/org/owasp/benchmark/testcode/BenchmarkTest01000.java#L43,1004
https://github.com/mariia10/sast-suit/blob/6adcad57d28feb229625f1f10c53f5e3625e1b62/src/main/java/org/owasp/benchmark/testcode/BenchmarkTest01001.java#L42,1004
https://github.com/mariia10/sast-suit/blob/6adcad57d28feb229625f1f10c53f5e3625e1b62/src/main/java/org/owasp/benchmark/testcode/BenchmarkTest01002.java#L42,1004
https://github.com/mariia10/sast-suit/blob/6adcad57d28feb229625f1f10c53f5e3625e1b62/src/main/java/org/owasp/benchmark/testcode/BenchmarkTest01003.java#L42,1004
https://github.com/mariia10/sast-suit/blob/6adcad57d28feb229625f1f10c53f5e3625e1b62/src/main/java/org/owasp/benchmark/testcode/BenchmarkTest01004.java#L42,1004
https://github.com/mariia10/sast-suit/blob/6adcad57d28feb229625f1f10c53f5e3625e1b62/src/main/java/org/owasp/benchmark/testcode/BenchmarkTest01005.java#L42,1004
https://github.com/mariia10/sast-suit/blob/6adcad57d28feb229625f1f10c53f5e3625e1b62/src/main/java/org/owasp/benchmark/testcode/BenchmarkTest01006.java#L42,1004
https://github.com/mariia10/sast-suit/blob/6adcad57d28feb229625f1f10c53f5e3625e1b62/src/main/java/org/owasp/benchmark/testcode/BenchmarkTest01007.java#L42,1004
https://github.com/mariia10/sast-suit/blob/6adcad57d28feb229625f1f10c53f5e3625e1b62/src/main/java/org/owasp/benchmark/testcode/BenchmarkTest01008.java#L42,1004
https://github.com/mariia10/sast-suit/blob/6adcad57d28feb229625f1f10c53f5e3625e1b62/src/main/java/org/owasp/benchmark/testcode/BenchmarkTest01009.java#L42,1004
https://github.com/mariia10/sast-suit/blob/6adcad57d28feb229625f1f10c53f5e3625e1b62/src/main/java/org/owasp/benchmark/testcode/BenchmarkTest01010.java#L42,1004
https://github.com/mariia10/sast-suit/blob/6adcad57d28feb229625f1f10c53f5e3625e1b62/src/main/java/org/owasp/benchmark/testcode/BenchmarkTest01011.java#L42,1004
https://github.com/mariia10/sast-suit/blob/6adcad57d28feb229625f1f10c53f5e3625e1b62/src/main/java/org/owasp/benchmark/testcode/BenchmarkTest01012.java#L42,1004
https://github.com/mariia10/sast-suit/blob/6adcad57d28feb229625f1f10c53f5e3625e1b62/src/main/java/org/owasp/benchmark/testcode/BenchmarkTest01013.java#L42,1004
https://github.com/mariia10/sast-suit/blob/6adcad57d28feb229625f1f10c53f5e3625e1b62/src/main/java/org/owasp/benchmark/testcode/BenchmarkTest01014.java#L42,1004
https://github.com/mariia10/sast-suit/blob/6adcad57d28feb229625f1f10c53f5e3625e1b62/src/main/java/org/owasp/benchmark/testcode/BenchmarkTest01822.java#L42,1004
https://github.com/mariia10/sast-suit/blob/6adcad57d28feb229625f1f10c53f5e3625e1b62/src/main/java/org/owasp/benchmark/testcode/BenchmarkTest01823.java#L42,1004
https://github.com/mariia10/sast-suit/blob/6adcad57d28feb229625f1f10c53f5e3625e1b62/src/main/java/org/owasp/benchmark/testcode/BenchmarkTest01824.java#L42,1004
https://github.com/mariia10/sast-suit/blob/6adcad57d28feb229625f1f10c53f5e3625e1b62/src/main/java/org/owasp/benchmark/testcode/BenchmarkTest01825.java#L42,1004
https://github.com/mariia10/sast-suit/blob/6adcad57d28feb229625f1f10c53f5e3625e1b62/src/main/java/org/owasp/benchmark/testcode/BenchmarkTest01826.java#L42,1004
https://github.com/mariia10/sast-suit/blob/6adcad57d28feb229625f1f10c53f5e3625e1b62/src/main/java/org/owasp/benchmark/testcode/BenchmarkTest01827.java#L42,1004
https://github.com/mariia10/sast-suit/blob/6adcad57d28feb229625f1f10c53f5e3625e1b62/src/main/java/org/owasp/benchmark/testcode/BenchmarkTest01828.java#L42,1004
https://github.com/mariia10/sast-suit/blob/6adcad57d28feb229625f1f10c53f5e3625e1b62/src/main/java/org/owasp/benchmark/testcode/BenchmarkTest01829.java#L42,1004
https://github.com/mariia10/sast-suit/blob/6adcad57d28feb229625f1f10c53f5e3625e1b62/src/main/java/org/owasp/benchmark/testcode/BenchmarkTest01830.java#L42,1004
https://github.com/mariia10/sast-suit/blob/6adcad57d28feb229625f1f10c53f5e3625e1b62/src/main/java/org/owasp/benchmark/testcode/BenchmarkTest01831.java#L42,1004
https://github.com/mariia10/sast-suit/blob/6adcad57d28feb229625f1f10c53f5e3625e1b62/src/main/java/org/owasp/benchmark/testcode/BenchmarkTest01832.java#L42,1004
https://github.com/mariia10/sast-suit/blob/6adcad57d28feb229625f1f10c53f5e3625e1b62/src/main/java/org/owasp/benchmark/testcode/BenchmarkTest01833.java#L42,1004
https://github.com/mariia10/sast-suit/blob/6adcad57d28feb229625f1f10c53f5e3625e1b62/src/main/java/org/owasp/benchmark/testcode/BenchmarkTest01834.java#L42,1004
https://github.com/mariia10/sast-suit/blob/6adcad57d28feb229625f1f10c53f5e3625e1b62/src/main/java/org/owasp/benchmark/testcode/BenchmarkTest01835.java#L42,1004
https://github.com/mariia10/sast-suit/blob/6adcad57d28feb229625f1f10c53f5e3625e1b62/src/main/java/org/owasp/benchmark/testcode/BenchmarkTest01836.java#L42,1004
https://github.com/mariia10/sast-suit/blob/6adcad57d28feb229625f1f10c53f5e3625e1b62/src/main/java/org/owasp/benchmark/testcode/BenchmarkTest01837.java#L42,1004
https://github.com/mariia10/sast-suit/blob/6adcad57d28feb229625f1f10c53f5e3625e1b62/src/main/java/org/owasp/benchmark/testcode/BenchmarkTest01838.java#L42,1004
https://github.com/mariia10/sast-suit/blob/6adcad57d28feb229625f1f10c53f5e3625e1b62/src/main/java/org/owasp/benchmark/testcode/BenchmarkTest01839.java#L42,1004
https://github.com/mariia10/sast-suit/blob/6adcad57d28feb229625f1f10c53f5e3625e1b62/src/main/java/org/owasp/benchmark/testcode/BenchmarkTest01840.java#L42,1004
https://github.com/mariia10/sast-suit/blob/6adcad57d28feb229625f1f10c53f5e3625e1b62/src/main/java/org/owasp/benchmark/testcode/BenchmarkTest01841.java#L42,1004
https://github.com/mariia10/sast-suit/blob/6adcad57d28feb229625f1f10c53f5e3625e1b62/src/main/java/org/owasp/benchmark/testcode/BenchmarkTest01842.java#L42,1004
https://github.com/mariia10/sast-suit/blob/6adcad57d28feb229625f1f10c53f5e3625e1b62/src/main/java/org/owasp/benchmark/testcode/BenchmarkTest01843.java#L42,1004
https://github.com/mariia10/sast-suit/blob/6adcad57d28feb229625f1f10c53f5e3625e1b62/src/main/java/org/owasp/benchmark/testcode/BenchmarkTest01844.java#L42,1004
https://github.com/mariia10/sast-suit/blob/6adcad57d28feb229625f1f10c53f5e3625e1b62/src/main/java/org/owasp/benchmark/testcode/BenchmarkTest01845.java#L42,1004
https://github.com/mariia10/sast-suit/blob/6adcad57d28feb229625f1f10c53f5e3625e1b62/src/main/java/org/owasp/benchmark/testcode/BenchmarkTest01846.java#L42,1004
https://github.com/mariia10/sast-suit/blob/6adcad57d28feb229625f1f10c53f5e3625e1b62/src/main/java/org/owasp/benchmark/testcode/BenchmarkTest01847.java#L42,1004
https://github.com/mariia10/sast-suit/blob/6adcad57d28feb229625f1f10c53f5e3625e1b62/src/main/java/org/owasp/benchmark/testcode/BenchmarkTest01848.java#L42,1004
https://github.com/mariia10/sast-suit/blob/6adcad57d28feb229625f1f10c53f5e3625e1b62/src/main/java/org/owasp/benchmark/testcode/BenchmarkTest01849.java#L42,1004
https://github.com/mariia10/sast-suit/blob/6adcad57d28feb229625f1f10c53f5e3625e1b62/src/main/java/org/owasp/benchmark/testcode/BenchmarkTest01850.java#L42,1004
https://github.com/mariia10/sast-suit/blob/6adcad57d28feb229625f1f10c53f5e3625e1b62/src/main/java/org/owasp/benchmark/testcode/BenchmarkTest01851.java#L42,1004
https://github.com/mariia10/sast-suit/blob/6adcad57d28feb229625f1f10c53f5e3625e1b62/src/main/java/org/owasp/benchmark/testcode/BenchmarkTest01852.java#L42,1004
https://github.com/mariia10/sast-suit/blob/6adcad57d28feb229625f1f10c53f5e3625e1b62/src/main/java/org/owasp/benchmark/testcode/BenchmarkTest01853.java#L42,1004
https://github.com/mariia10/sast-suit/blob/6adcad57d28feb229625f1f10c53f5e3625e1b62/src/main/java/org/owasp/benchmark/testcode/BenchmarkTest01854.java#L42,1004
https://github.com/mariia10/sast-suit/blob/6adcad57d28feb229625f1f10c53f5e3625e1b62/src/main/java/org/owasp/benchmark/testcode/BenchmarkTest01855.java#L42,1004
https://github.com/mariia10/sast-suit/blob/6adcad57d28feb229625f1f10c53f5e3625e1b62/src/main/java/org/owasp/benchmark/testcode/BenchmarkTest01856.java#L42,1004
https://github.com/mariia10/sast-suit/blob/6adcad57d28feb229625f1f10c53f5e3625e1b62/src/main/java/org/owasp/benchmark/testcode/BenchmarkTest01857.java#L42,1004
https://github.com/mariia10/sast-suit/blob/6adcad57d28feb229625f1f10c53f5e3625e1b62/src/main/java/org/owasp/benchmark/testcode/BenchmarkTest01858.java#L42,1004
https://github.com/mariia10/sast-suit/blob/6adcad57d28feb229625f1f10c53f5e3625e1b62/src/main/java/org/owasp/benchmark/testcode/BenchmarkTest01859.java#L42,1004
https://github.com/mariia10/sast-suit/blob/6adcad57d28feb229625f1f10c53f5e3625e1b62/src/main/java/org/owasp/benchmark/testcode/BenchmarkTest01860.java#L42,1004
https://github.com/mariia10/sast-suit/blob/6adcad57d28feb229625f1f10c53f5e3625e1b62/src/main/java/org/owasp/benchmark/testcode/BenchmarkTest01861.java#L42,1004
https://github.com/mariia10/sast-suit/blob/6adcad57d28feb229625f1f10c53f5e3625e1b62/src/main/java/org/owasp/benchmark/testcode/BenchmarkTest01862.java#L42,1004
https://github.com/mariia10/sast-suit/blob/6adcad57d28feb229625f1f10c53f5e3625e1b62/src/main/java/org/owasp/benchmark/testcode/BenchmarkTest01863.java#L42,1004
https://github.com/mariia10/sast-suit/blob/6adcad57d28feb229625f1f10c53f5e3625e1b62/src/main/java/org/owasp/benchmark/testcode/BenchmarkTest01864.java#L42,1004
https://github.com/mariia10/sast-suit/blob/6adcad57d28feb229625f1f10c53f5e3625e1b62/src/main/java/org/owasp/benchmark/testcode/BenchmarkTest01865.java#L42,1004
https://github.com/mariia10/sast-suit/blob/6adcad57d28feb229625f1f10c53f5e3625e1b62/src/main/java/org/owasp/benchmark/testcode/BenchmarkTest01866.java#L42,1004
https://github.com/mariia10/sast-suit/blob/6adcad57d28feb229625f1f10c53f5e3625e1b62/src/main/java/org/owasp/benchmark/testcode/BenchmarkTest01867.java#L42,1004
https://github.com/mariia10/sast-suit/blob/6adcad57d28feb229625f1f10c53f5e3625e1b62/src/main/java/org/owasp/benchmark/testcode/BenchmarkTest01868.java#L42,1004
https://github.com/mariia10/sast-suit/blob/6adcad57d28feb229625f1f10c53f5e3625e1b62/src/main/java/org/owasp/benchmark/testcode/BenchmarkTest01869.java#L42,1004
https://github.com/mariia10/sast-suit/blob/6adcad57d28feb229625f1f10c53f5e3625e1b62/src/main/java/org/owasp/benchmark/testcode/BenchmarkTest01870.java#L42,1004
https://github.com/mariia10/sast-suit/blob/6adcad57d28feb229625f1f10c53f5e3625e1b62/src/main/java/org/owasp/benchmark/testcode/BenchmarkTest01871.java#L42,1004
https://github.com/mariia10/sast-suit/blob/6adcad57d28feb229625f1f10c53f5e3625e1b62/src/main/java/org/owasp/benchmark/testcode/BenchmarkTest01872.java#L42,1004
https://github.com/mariia10/sast-suit/blob/6adcad57d28feb229625f1f10c53f5e3625e1b62/src/main/java/org/owasp/benchmark/testcode/BenchmarkTest01873.java#L42,1004
https://github.com/mariia10/sast-suit/blob/6adcad57d28feb229625f1f10c53f5e3625e1b62/src/main/java/org/owasp/benchmark/testcode/BenchmarkTest01874.java#L42,1004
https://github.com/mariia10/sast-suit/blob/6adcad57d28feb229625f1f10c53f5e3625e1b62/src/main/java/org/owasp/benchmark/testcode/BenchmarkTest01875.java#L42,1004
https://github.com/mariia10/sast-suit/blob/6adcad57d28feb229625f1f10c53f5e3625e1b62/src/main/java/org/owasp/benchmark/testcode/BenchmarkTest01876.java#L42,1004
https://github.com/mariia10/sast-suit/blob/6adcad57d28feb229625f1f10c53f5e3625e1b62/src/main/java/org/owasp/benchmark/testcode/BenchmarkTest01877.java#L43,1004
https://github.com/mariia10/sast-suit/blob/6adcad57d28feb229625f1f10c53f5e3625e1b62/src/main/java/org/owasp/benchmark/testcode/BenchmarkTest01878.java#L42,1004
https://github.com/mariia10/sast-suit/blob/6adcad57d28feb229625f1f10c53f5e3625e1b62/src/main/java/org/owasp/benchmark/testcode/BenchmarkTest01879.java#L42,1004
https://github.com/mariia10/sast-suit/blob/6adcad57d28feb229625f1f10c53f5e3625e1b62/src/main/java/org/owasp/benchmark/testcode/BenchmarkTest01880.java#L42,1004
https://github.com/mariia10/sast-suit/blob/6adcad57d28feb229625f1f10c53f5e3625e1b62/src/main/java/org/owasp/benchmark/testcode/BenchmarkTest01881.java#L42,1004
https://github.com/mariia10/sast-suit/blob/6adcad57d28feb229625f1f10c53f5e3625e1b62/src/main/java/org/owasp/benchmark/testcode/BenchmarkTest01882.java#L42,1004
https://github.com/mariia10/sast-suit/blob/6adcad57d28feb229625f1f10c53f5e3625e1b62/src/main/java/org/owasp/benchmark/testcode/BenchmarkTest01883.java#L42,1004
https://github.com/mariia10/sast-suit/blob/6adcad57d28feb229625f1f10c53f5e3625e1b62/src/main/java/org/owasp/benchmark/testcode/BenchmarkTest01884.java#L42,1004
https://github.com/mariia10/sast-suit/blob/6adcad57d28feb229625f1f10c53f5e3625e1b62/src/main/java/org/owasp/benchmark/testcode/BenchmarkTest01885.java#L42,1004
https://github.com/mariia10/sast-suit/blob/6adcad57d28feb229625f1f10c53f5e3625e1b62/src/main/java/org/owasp/benchmark/testcode/BenchmarkTest01886.java#L42,1004
https://github.com/mariia10/sast-suit/blob/6adcad57d28feb229625f1f10c53f5e3625e1b62/src/main/java/org/owasp/benchmark/testcode/BenchmarkTest01887.java#L42,1004
https://github.com/mariia10/sast-suit/blob/6adcad57d28feb229625f1f10c53f5e3625e1b62/src/main/java/org/owasp/benchmark/testcode/BenchmarkTest01888.java#L42,1004
https://github.com/mariia10/sast-suit/blob/6adcad57d28feb229625f1f10c53f5e3625e1b62/src/main/java/org/owasp/benchmark/testcode/BenchmarkTest01889.java#L42,1004
https://github.com/mariia10/sast-suit/blob/6adcad57d28feb229625f1f10c53f5e3625e1b62/src/main/java/org/owasp/benchmark/testcode/BenchmarkTest01890.java#L42,1004
https://github.com/mariia10/sast-suit/blob/6adcad57d28feb229625f1f10c53f5e3625e1b62/src/main/java/org/owasp/benchmark/testcode/BenchmarkTest01891.java#L42,1004
https://github.com/mariia10/sast-suit/blob/6adcad57d28feb229625f1f10c53f5e3625e1b62/src/main/java/org/owasp/benchmark/testcode/BenchmarkTest01892.java#L42,1004
https://github.com/mariia10/sast-suit/blob/6adcad57d28feb229625f1f10c53f5e3625e1b62/src/main/java/org/owasp/benchmark/testcode/BenchmarkTest01893.java#L42,1004
https://github.com/mariia10/sast-suit/blob/6adcad57d28feb229625f1f10c53f5e3625e1b62/src/main/java/org/owasp/benchmark/testcode/BenchmarkTest01894.java#L42,1004
https://github.com/mariia10/sast-suit/blob/6adcad57d28feb229625f1f10c53f5e3625e1b62/src/main/java/org/owasp/benchmark/testcode/BenchmarkTest00001.java#L42,352
https://github.com/mariia10/sast-suit/blob/6adcad57d28feb229625f1f10c53f5e3625e1b62/src/main/java/org/owasp/benchmark/testcode/BenchmarkTest00002.java#L42,352
https://github.com/mariia10/sast-suit/blob/6adcad57d28feb229625f1f10c53f5e3625e1b62/src/main/java/org/owasp/benchmark/testcode/BenchmarkTest00003.java#L42,352
https://github.com/mariia10/sast-suit/blob/6adcad57d28feb229625f1f10c53f5e3625e1b62/src/main/java/org/owasp/benchmark/testcode/BenchmarkTest00004.java#L42,352
https://github.com/mariia10/sast-suit/blob/6adcad57d28feb229625f1f10c53f5e3625e1b62/src/main/java/org/owasp/benchmark/testcode/BenchmarkTest00010.java#L99,352
https://github.com/mariia10/sast-suit/blob/6adcad57d28feb229625f1f10c53f5e3625e1b62/src/main/java/org/owasp/benchmark/testcode/BenchmarkTest00016.java#L75,352
https://github.com/mariia10/sast-suit/blob/6adcad57d28feb229625f1f10c53f5e3625e1b62/src/main/java/org/owasp/benchmark/testcode/BenchmarkTest00023.java#L83,352
https://github.com/mariia10/sast-suit/blob/6adcad57d28feb229625f1f10c53f5e3625e1b62/src/main/java/org/owasp/benchmark/testcode/BenchmarkTest00042.java#L86,352
https://github.com/mariia10/sast-suit/blob/6adcad57d28feb229625f1f10c53f5e3625e1b62/src/main/java/org/owasp/benchmark/testcode/BenchmarkTest00053.java#L42,352
https://github.com/mariia10/sast-suit/blob/6adcad57d28feb229625f1f10c53f5e3625e1b62/src/main/java/org/owasp/benchmark/testcode/BenchmarkTest00054.java#L42,352
https://github.com/mariia10/sast-suit/blob/6adcad57d28feb229625f1f10c53f5e3625e1b62/src/main/java/org/owasp/benchmark/testcode/BenchmarkTest00055.java#L42,352
https://github.com/mariia10/sast-suit/blob/6adcad57d28feb229625f1f10c53f5e3625e1b62/src/main/java/org/owasp/benchmark/testcode/BenchmarkTest00056.java#L42,352
https://github.com/mariia10/sast-suit/blob/6adcad57d28feb229625f1f10c53f5e3625e1b62/src/main/java/org/owasp/benchmark/testcode/BenchmarkTest00057.java#L42,352
https://github.com/mariia10/sast-suit/blob/6adcad57d28feb229625f1f10c53f5e3625e1b62/src/main/java/org/owasp/benchmark/testcode/BenchmarkTest00058.java#L42,352
https://github.com/mariia10/sast-suit/blob/6adcad57d28feb229625f1f10c53f5e3625e1b62/src/main/java/org/owasp/benchmark/testcode/BenchmarkTest00059.java#L42,352
https://github.com/mariia10/sast-suit/blob/6adcad57d28feb229625f1f10c53f5e3625e1b62/src/main/java/org/owasp/benchmark/testcode/BenchmarkTest00060.java#L42,352
https://github.com/mariia10/sast-suit/blob/6adcad57d28feb229625f1f10c53f5e3625e1b62/src/main/java/org/owasp/benchmark/testcode/BenchmarkTest00061.java#L42,352
https://github.com/mariia10/sast-suit/blob/6adcad57d28feb229625f1f10c53f5e3625e1b62/src/main/java/org/owasp/benchmark/testcode/BenchmarkTest00062.java#L42,352
https://github.com/mariia10/sast-suit/blob/6adcad57d28feb229625f1f10c53f5e3625e1b62/src/main/java/org/owasp/benchmark/testcode/BenchmarkTest00063.java#L42,352
https://github.com/mariia10/sast-suit/blob/6adcad57d28feb229625f1f10c53f5e3625e1b62/src/main/java/org/owasp/benchmark/testcode/BenchmarkTest00064.java#L42,352
https://github.com/mariia10/sast-suit/blob/6adcad57d28feb229625f1f10c53f5e3625e1b62/src/main/java/org/owasp/benchmark/testcode/BenchmarkTest00065.java#L42,352
https://github.com/mariia10/sast-suit/blob/6adcad57d28feb229625f1f10c53f5e3625e1b62/src/main/java/org/owasp/benchmark/testcode/BenchmarkTest00066.java#L42,352
https://github.com/mariia10/sast-suit/blob/6adcad57d28feb229625f1f10c53f5e3625e1b62/src/main/java/org/owasp/benchmark/testcode/BenchmarkTest00066.java#L109,352
https://github.com/mariia10/sast-suit/blob/6adcad57d28feb229625f1f10c53f5e3625e1b62/src/main/java/org/owasp/benchmark/testcode/BenchmarkTest00067.java#L42,352
https://github.com/mariia10/sast-suit/blob/6adcad57d28feb229625f1f10c53f5e3625e1b62/src/main/java/org/owasp/benchmark/testcode/BenchmarkTest00067.java#L125,352
https://github.com/mariia10/sast-suit/blob/6adcad57d28feb229625f1f10c53f5e3625e1b62/src/main/java/org/owasp/benchmark/testcode/BenchmarkTest00068.java#L42,352
https://github.com/mariia10/sast-suit/blob/6adcad57d28feb229625f1f10c53f5e3625e1b62/src/main/java/org/owasp/benchmark/testcode/BenchmarkTest00068.java#L109,352
https://github.com/mariia10/sast-suit/blob/6adcad57d28feb229625f1f10c53f5e3625e1b62/src/main/java/org/owasp/benchmark/testcode/BenchmarkTest00069.java#L42,352
https://github.com/mariia10/sast-suit/blob/6adcad57d28feb229625f1f10c53f5e3625e1b62/src/main/java/org/owasp/benchmark/testcode/BenchmarkTest00070.java#L42,352
https://github.com/mariia10/sast-suit/blob/6adcad57d28feb229625f1f10c53f5e3625e1b62/src/main/java/org/owasp/benchmark/testcode/BenchmarkTest00071.java#L42,352
https://github.com/mariia10/sast-suit/blob/6adcad57d28feb229625f1f10c53f5e3625e1b62/src/main/java/org/owasp/benchmark/testcode/BenchmarkTest00072.java#L42,352
https://github.com/mariia10/sast-suit/blob/6adcad57d28feb229625f1f10c53f5e3625e1b62/src/main/java/org/owasp/benchmark/testcode/BenchmarkTest00073.java#L42,352
https://github.com/mariia10/sast-suit/blob/6adcad57d28feb229625f1f10c53f5e3625e1b62/src/main/java/org/owasp/benchmark/testcode/BenchmarkTest00074.java#L42,352
https://github.com/mariia10/sast-suit/blob/6adcad57d28feb229625f1f10c53f5e3625e1b62/src/main/java/org/owasp/benchmark/testcode/BenchmarkTest00075.java#L42,352
https://github.com/mariia10/sast-suit/blob/6adcad57d28feb229625f1f10c53f5e3625e1b62/src/main/java/org/owasp/benchmark/testcode/BenchmarkTest00076.java#L42,352
https://github.com/mariia10/sast-suit/blob/6adcad57d28feb229625f1f10c53f5e3625e1b62/src/main/java/org/owasp/benchmark/testcode/BenchmarkTest00077.java#L42,352
https://github.com/mariia10/sast-suit/blob/6adcad57d28feb229625f1f10c53f5e3625e1b62/src/main/java/org/owasp/benchmark/testcode/BenchmarkTest00078.java#L42,352
https://github.com/mariia10/sast-suit/blob/6adcad57d28feb229625f1f10c53f5e3625e1b62/src/main/java/org/owasp/benchmark/testcode/BenchmarkTest00078.java#L110,352
https://github.com/mariia10/sast-suit/blob/6adcad57d28feb229625f1f10c53f5e3625e1b62/src/main/java/org/owasp/benchmark/testcode/BenchmarkTest00079.java#L42,352
https://github.com/mariia10/sast-suit/blob/6adcad57d28feb229625f1f10c53f5e3625e1b62/src/main/java/org/owasp/benchmark/testcode/BenchmarkTest00079.java#L108,352
https://github.com/mariia10/sast-suit/blob/6adcad57d28feb229625f1f10c53f5e3625e1b62/src/main/java/org/owasp/benchmark/testcode/BenchmarkTest00080.java#L42,352
https://github.com/mariia10/sast-suit/blob/6adcad57d28feb229625f1f10c53f5e3625e1b62/src/main/java/org/owasp/benchmark/testcode/BenchmarkTest00080.java#L103,352
https://github.com/mariia10/sast-suit/blob/6adcad57d28feb229625f1f10c53f5e3625e1b62/src/main/java/org/owasp/benchmark/testcode/BenchmarkTest00081.java#L42,352
https://github.com/mariia10/sast-suit/blob/6adcad57d28feb229625f1f10c53f5e3625e1b62/src/main/java/org/owasp/benchmark/testcode/BenchmarkTest00081.java#L102,352
https://github.com/mariia10/sast-suit/blob/6adcad57d28feb229625f1f10c53f5e3625e1b62/src/main/java/org/owasp/benchmark/testcode/BenchmarkTest00082.java#L42,352
https://github.com/mariia10/sast-suit/blob/6adcad57d28feb229625f1f10c53f5e3625e1b62/src/main/java/org/owasp/benchmark/testcode/BenchmarkTest00082.java#L103,352
https://github.com/mariia10/sast-suit/blob/6adcad57d28feb229625f1f10c53f5e3625e1b62/src/main/java/org/owasp/benchmark/testcode/BenchmarkTest00083.java#L42,352
https://github.com/mariia10/sast-suit/blob/6adcad57d28feb229625f1f10c53f5e3625e1b62/src/main/java/org/owasp/benchmark/testcode/BenchmarkTest00083.java#L107,352
https://github.com/mariia10/sast-suit/blob/6adcad57d28feb229625f1f10c53f5e3625e1b62/src/main/java/org/owasp/benchmark/testcode/BenchmarkTest00084.java#L42,352
https://github.com/mariia10/sast-suit/blob/6adcad57d28feb229625f1f10c53f5e3625e1b62/src/main/java/org/owasp/benchmark/testcode/BenchmarkTest00084.java#L104,352
https://github.com/mariia10/sast-suit/blob/6adcad57d28feb229625f1f10c53f5e3625e1b62/src/main/java/org/owasp/benchmark/testcode/BenchmarkTest00085.java#L42,352
https://github.com/mariia10/sast-suit/blob/6adcad57d28feb229625f1f10c53f5e3625e1b62/src/main/java/org/owasp/benchmark/testcode/BenchmarkTest00085.java#L108,352
https://github.com/mariia10/sast-suit/blob/6adcad57d28feb229625f1f10c53f5e3625e1b62/src/main/java/org/owasp/benchmark/testcode/BenchmarkTest00086.java#L42,352
https://github.com/mariia10/sast-suit/blob/6adcad57d28feb229625f1f10c53f5e3625e1b62/src/main/java/org/owasp/benchmark/testcode/BenchmarkTest00086.java#L108,352
https://github.com/mariia10/sast-suit/blob/6adcad57d28feb229625f1f10c53f5e3625e1b62/src/main/java/org/owasp/benchmark/testcode/BenchmarkTest00087.java#L42,352
https://github.com/mariia10/sast-suit/blob/6adcad57d28feb229625f1f10c53f5e3625e1b62/src/main/java/org/owasp/benchmark/testcode/BenchmarkTest00087.java#L95,352
https://github.com/mariia10/sast-suit/blob/6adcad57d28feb229625f1f10c53f5e3625e1b62/src/main/java/org/owasp/benchmark/testcode/BenchmarkTest00088.java#L42,352
https://github.com/mariia10/sast-suit/blob/6adcad57d28feb229625f1f10c53f5e3625e1b62/src/main/java/org/owasp/benchmark/testcode/BenchmarkTest00088.java#L88,352
https://github.com/mariia10/sast-suit/blob/6adcad57d28feb229625f1f10c53f5e3625e1b62/src/main/java/org/owasp/benchmark/testcode/BenchmarkTest00089.java#L42,352
https://github.com/mariia10/sast-suit/blob/6adcad57d28feb229625f1f10c53f5e3625e1b62/src/main/java/org/owasp/benchmark/testcode/BenchmarkTest00089.java#L93,352
https://github.com/mariia10/sast-suit/blob/6adcad57d28feb229625f1f10c53f5e3625e1b62/src/main/java/org/owasp/benchmark/testcode/BenchmarkTest00090.java#L42,352
https://github.com/mariia10/sast-suit/blob/6adcad57d28feb229625f1f10c53f5e3625e1b62/src/main/java/org/owasp/benchmark/testcode/BenchmarkTest00091.java#L42,352
https://github.com/mariia10/sast-suit/blob/6adcad57d28feb229625f1f10c53f5e3625e1b62/src/main/java/org/owasp/benchmark/testcode/BenchmarkTest00092.java#L42,352
https://github.com/mariia10/sast-suit/blob/6adcad57d28feb229625f1f10c53f5e3625e1b62/src/main/java/org/owasp/benchmark/testcode/BenchmarkTest00093.java#L42,352
https://github.com/mariia10/sast-suit/blob/6adcad57d28feb229625f1f10c53f5e3625e1b62/src/main/java/org/owasp/benchmark/testcode/BenchmarkTest00094.java#L42,352
https://github.com/mariia10/sast-suit/blob/6adcad57d28feb229625f1f10c53f5e3625e1b62/src/main/java/org/owasp/benchmark/testcode/BenchmarkTest00094.java#L113,352
https://github.com/mariia10/sast-suit/blob/6adcad57d28feb229625f1f10c53f5e3625e1b62/src/main/java/org/owasp/benchmark/testcode/BenchmarkTest00095.java#L42,352
https://github.com/mariia10/sast-suit/blob/6adcad57d28feb229625f1f10c53f5e3625e1b62/src/main/java/org/owasp/benchmark/testcode/BenchmarkTest00095.java#L110,352
https://github.com/mariia10/sast-suit/blob/6adcad57d28feb229625f1f10c53f5e3625e1b62/src/main/java/org/owasp/benchmark/testcode/BenchmarkTest00096.java#L42,352
https://github.com/mariia10/sast-suit/blob/6adcad57d28feb229625f1f10c53f5e3625e1b62/src/main/java/org/owasp/benchmark/testcode/BenchmarkTest00096.java#L109,352
https://github.com/mariia10/sast-suit/blob/6adcad57d28feb229625f1f10c53f5e3625e1b62/src/main/java/org/owasp/benchmark/testcode/BenchmarkTest00097.java#L42,352
https://github.com/mariia10/sast-suit/blob/6adcad57d28feb229625f1f10c53f5e3625e1b62/src/main/java/org/owasp/benchmark/testcode/BenchmarkTest00098.java#L42,352
https://github.com/mariia10/sast-suit/blob/6adcad57d28feb229625f1f10c53f5e3625e1b62/src/main/java/org/owasp/benchmark/testcode/BenchmarkTest00099.java#L42,352
https://github.com/mariia10/sast-suit/blob/6adcad57d28feb229625f1f10c53f5e3625e1b62/src/main/java/org/owasp/benchmark/testcode/BenchmarkTest00100.java#L42,352
https://github.com/mariia10/sast-suit/blob/6adcad57d28feb229625f1f10c53f5e3625e1b62/src/main/java/org/owasp/benchmark/testcode/BenchmarkTest00101.java#L42,352
https://github.com/mariia10/sast-suit/blob/6adcad57d28feb229625f1f10c53f5e3625e1b62/src/main/java/org/owasp/benchmark/testcode/BenchmarkTest00102.java#L42,352
https://github.com/mariia10/sast-suit/blob/6adcad57d28feb229625f1f10c53f5e3625e1b62/src/main/java/org/owasp/benchmark/testcode/BenchmarkTest00103.java#L42,352
https://github.com/mariia10/sast-suit/blob/6adcad57d28feb229625f1f10c53f5e3625e1b62/src/main/java/org/owasp/benchmark/testcode/BenchmarkTest00104.java#L42,352
https://github.com/mariia10/sast-suit/blob/6adcad57d28feb229625f1f10c53f5e3625e1b62/src/main/java/org/owasp/benchmark/testcode/BenchmarkTest00105.java#L42,352
https://github.com/mariia10/sast-suit/blob/6adcad57d28feb229625f1f10c53f5e3625e1b62/src/main/java/org/owasp/benchmark/testcode/BenchmarkTest00106.java#L42,352
https://github.com/mariia10/sast-suit/blob/6adcad57d28feb229625f1f10c53f5e3625e1b62/src/main/java/org/owasp/benchmark/testcode/BenchmarkTest00107.java#L42,352
https://github.com/mariia10/sast-suit/blob/6adcad57d28feb229625f1f10c53f5e3625e1b62/src/main/java/org/owasp/benchmark/testcode/BenchmarkTest00108.java#L42,352
https://github.com/mariia10/sast-suit/blob/6adcad57d28feb229625f1f10c53f5e3625e1b62/src/main/java/org/owasp/benchmark/testcode/BenchmarkTest00109.java#L42,352
https://github.com/mariia10/sast-suit/blob/6adcad57d28feb229625f1f10c53f5e3625e1b62/src/main/java/org/owasp/benchmark/testcode/BenchmarkTest00110.java#L42,352
https://github.com/mariia10/sast-suit/blob/6adcad57d28feb229625f1f10c53f5e3625e1b62/src/main/java/org/owasp/benchmark/testcode/BenchmarkTest00111.java#L42,352
https://github.com/mariia10/sast-suit/blob/6adcad57d28feb229625f1f10c53f5e3625e1b62/src/main/java/org/owasp/benchmark/testcode/BenchmarkTest00112.java#L42,352
https://github.com/mariia10/sast-suit/blob/6adcad57d28feb229625f1f10c53f5e3625e1b62/src/main/java/org/owasp/benchmark/testcode/BenchmarkTest00113.java#L42,352
https://github.com/mariia10/sast-suit/blob/6adcad57d28feb229625f1f10c53f5e3625e1b62/src/main/java/org/owasp/benchmark/testcode/BenchmarkTest00114.java#L42,352
https://github.com/mariia10/sast-suit/blob/6adcad57d28feb229625f1f10c53f5e3625e1b62/src/main/java/org/owasp/benchmark/testcode/BenchmarkTest00115.java#L42,352
https://github.com/mariia10/sast-suit/blob/6adcad57d28feb229625f1f10c53f5e3625e1b62/src/main/java/org/owasp/benchmark/testcode/BenchmarkTest00116.java#L42,352
https://github.com/mariia10/sast-suit/blob/6adcad57d28feb229625f1f10c53f5e3625e1b62/src/main/java/org/owasp/benchmark/testcode/BenchmarkTest00117.java#L42,352
https://github.com/mariia10/sast-suit/blob/6adcad57d28feb229625f1f10c53f5e3625e1b62/src/main/java/org/owasp/benchmark/testcode/BenchmarkTest00118.java#L42,352
https://github.com/mariia10/sast-suit/blob/6adcad57d28feb229625f1f10c53f5e3625e1b62/src/main/java/org/owasp/benchmark/testcode/BenchmarkTest00140.java#L100,352
https://github.com/mariia10/sast-suit/blob/6adcad57d28feb229625f1f10c53f5e3625e1b62/src/main/java/org/owasp/benchmark/testcode/BenchmarkTest00160.java#L97,352
https://github.com/mariia10/sast-suit/blob/6adcad57d28feb229625f1f10c53f5e3625e1b62/src/main/java/org/owasp/benchmark/testcode/BenchmarkTest00161.java#L95,352
https://github.com/mariia10/sast-suit/blob/6adcad57d28feb229625f1f10c53f5e3625e1b62/src/main/java/org/owasp/benchmark/testcode/BenchmarkTest00162.java#L88,352
https://github.com/mariia10/sast-suit/blob/6adcad57d28feb229625f1f10c53f5e3625e1b62/src/main/java/org/owasp/benchmark/testcode/BenchmarkTest00163.java#L89,352
https://github.com/mariia10/sast-suit/blob/6adcad57d28feb229625f1f10c53f5e3625e1b62/src/main/java/org/owasp/benchmark/testcode/BenchmarkTest00164.java#L93,352
https://github.com/mariia10/sast-suit/blob/6adcad57d28feb229625f1f10c53f5e3625e1b62/src/main/java/org/owasp/benchmark/testcode/BenchmarkTest00165.java#L91,352
https://github.com/mariia10/sast-suit/blob/6adcad57d28feb229625f1f10c53f5e3625e1b62/src/main/java/org/owasp/benchmark/testcode/BenchmarkTest00166.java#L89,352
https://github.com/mariia10/sast-suit/blob/6adcad57d28feb229625f1f10c53f5e3625e1b62/src/main/java/org/owasp/benchmark/testcode/BenchmarkTest00167.java#L96,352
https://github.com/mariia10/sast-suit/blob/6adcad57d28feb229625f1f10c53f5e3625e1b62/src/main/java/org/owasp/benchmark/testcode/BenchmarkTest00168.java#L94,352
https://github.com/mariia10/sast-suit/blob/6adcad57d28feb229625f1f10c53f5e3625e1b62/src/main/java/org/owasp/benchmark/testcode/BenchmarkTest00169.java#L84,352
https://github.com/mariia10/sast-suit/blob/6adcad57d28feb229625f1f10c53f5e3625e1b62/src/main/java/org/owasp/benchmark/testcode/BenchmarkTest00170.java#L95,352
https://github.com/mariia10/sast-suit/blob/6adcad57d28feb229625f1f10c53f5e3625e1b62/src/main/java/org/owasp/benchmark/testcode/BenchmarkTest00178.java#L96,352
https://github.com/mariia10/sast-suit/blob/6adcad57d28feb229625f1f10c53f5e3625e1b62/src/main/java/org/owasp/benchmark/testcode/BenchmarkTest00179.java#L93,352
https://github.com/mariia10/sast-suit/blob/6adcad57d28feb229625f1f10c53f5e3625e1b62/src/main/java/org/owasp/benchmark/testcode/BenchmarkTest00180.java#L98,352
https://github.com/mariia10/sast-suit/blob/6adcad57d28feb229625f1f10c53f5e3625e1b62/src/main/java/org/owasp/benchmark/testcode/BenchmarkTest00181.java#L93,352
https://github.com/mariia10/sast-suit/blob/6adcad57d28feb229625f1f10c53f5e3625e1b62/src/main/java/org/owasp/benchmark/testcode/BenchmarkTest00182.java#L112,352
https://github.com/mariia10/sast-suit/blob/6adcad57d28feb229625f1f10c53f5e3625e1b62/src/main/java/org/owasp/benchmark/testcode/BenchmarkTest00183.java#L110,352
https://github.com/mariia10/sast-suit/blob/6adcad57d28feb229625f1f10c53f5e3625e1b62/src/main/java/org/owasp/benchmark/testcode/BenchmarkTest00184.java#L95,352
https://github.com/mariia10/sast-suit/blob/6adcad57d28feb229625f1f10c53f5e3625e1b62/src/main/java/org/owasp/benchmark/testcode/BenchmarkTest00185.java#L96,352
https://github.com/mariia10/sast-suit/blob/6adcad57d28feb229625f1f10c53f5e3625e1b62/src/main/java/org/owasp/benchmark/testcode/BenchmarkTest00186.java#L111,352
https://github.com/mariia10/sast-suit/blob/6adcad57d28feb229625f1f10c53f5e3625e1b62/src/main/java/org/owasp/benchmark/testcode/BenchmarkTest00187.java#L100,352
https://github.com/mariia10/sast-suit/blob/6adcad57d28feb229625f1f10c53f5e3625e1b62/src/main/java/org/owasp/benchmark/testcode/BenchmarkTest00188.java#L95,352
https://github.com/mariia10/sast-suit/blob/6adcad57d28feb229625f1f10c53f5e3625e1b62/src/main/java/org/owasp/benchmark/testcode/BenchmarkTest00230.java#L103,352
https://github.com/mariia10/sast-suit/blob/6adcad57d28feb229625f1f10c53f5e3625e1b62/src/main/java/org/owasp/benchmark/testcode/BenchmarkTest00231.java#L103,352
https://github.com/mariia10/sast-suit/blob/6adcad57d28feb229625f1f10c53f5e3625e1b62/src/main/java/org/owasp/benchmark/testcode/BenchmarkTest00232.java#L104,352
https://github.com/mariia10/sast-suit/blob/6adcad57d28feb229625f1f10c53f5e3625e1b62/src/main/java/org/owasp/benchmark/testcode/BenchmarkTest00233.java#L100,352
https://github.com/mariia10/sast-suit/blob/6adcad57d28feb229625f1f10c53f5e3625e1b62/src/main/java/org/owasp/benchmark/testcode/BenchmarkTest00234.java#L104,352
https://github.com/mariia10/sast-suit/blob/6adcad57d28feb229625f1f10c53f5e3625e1b62/src/main/java/org/owasp/benchmark/testcode/BenchmarkTest00235.java#L100,352
https://github.com/mariia10/sast-suit/blob/6adcad57d28feb229625f1f10c53f5e3625e1b62/src/main/java/org/owasp/benchmark/testcode/BenchmarkTest00236.java#L103,352
https://github.com/mariia10/sast-suit/blob/6adcad57d28feb229625f1f10c53f5e3625e1b62/src/main/java/org/owasp/benchmark/testcode/BenchmarkTest00237.java#L117,352
https://github.com/mariia10/sast-suit/blob/6adcad57d28feb229625f1f10c53f5e3625e1b62/src/main/java/org/owasp/benchmark/testcode/BenchmarkTest00238.java#L106,352
https://github.com/mariia10/sast-suit/blob/6adcad57d28feb229625f1f10c53f5e3625e1b62/src/main/java/org/owasp/benchmark/testcode/BenchmarkTest00239.java#L119,352
https://github.com/mariia10/sast-suit/blob/6adcad57d28feb229625f1f10c53f5e3625e1b62/src/main/java/org/owasp/benchmark/testcode/BenchmarkTest00240.java#L101,352
https://github.com/mariia10/sast-suit/blob/6adcad57d28feb229625f1f10c53f5e3625e1b62/src/main/java/org/owasp/benchmark/testcode/BenchmarkTest00241.java#L89,352
https://github.com/mariia10/sast-suit/blob/6adcad57d28feb229625f1f10c53f5e3625e1b62/src/main/java/org/owasp/benchmark/testcode/BenchmarkTest00242.java#L94,352
https://github.com/mariia10/sast-suit/blob/6adcad57d28feb229625f1f10c53f5e3625e1b62/src/main/java/org/owasp/benchmark/testcode/BenchmarkTest00243.java#L111,352
https://github.com/mariia10/sast-suit/blob/6adcad57d28feb229625f1f10c53f5e3625e1b62/src/main/java/org/owasp/benchmark/testcode/BenchmarkTest00244.java#L111,352
https://github.com/mariia10/sast-suit/blob/6adcad57d28feb229625f1f10c53f5e3625e1b62/src/main/java/org/owasp/benchmark/testcode/BenchmarkTest00245.java#L124,352
https://github.com/mariia10/sast-suit/blob/6adcad57d28feb229625f1f10c53f5e3625e1b62/src/main/java/org/owasp/benchmark/testcode/BenchmarkTest00246.java#L112,352
https://github.com/mariia10/sast-suit/blob/6adcad57d28feb229625f1f10c53f5e3625e1b62/src/main/java/org/owasp/benchmark/testcode/BenchmarkTest00247.java#L107,352
https://github.com/mariia10/sast-suit/blob/6adcad57d28feb229625f1f10c53f5e3625e1b62/src/main/java/org/owasp/benchmark/testcode/BenchmarkTest00248.java#L100,352
https://github.com/mariia10/sast-suit/blob/6adcad57d28feb229625f1f10c53f5e3625e1b62/src/main/java/org/owasp/benchmark/testcode/BenchmarkTest00249.java#L100,352
https://github.com/mariia10/sast-suit/blob/6adcad57d28feb229625f1f10c53f5e3625e1b62/src/main/java/org/owasp/benchmark/testcode/BenchmarkTest00296.java#L95,352
https://github.com/mariia10/sast-suit/blob/6adcad57d28feb229625f1f10c53f5e3625e1b62/src/main/java/org/owasp/benchmark/testcode/BenchmarkTest00297.java#L92,352
https://github.com/mariia10/sast-suit/blob/6adcad57d28feb229625f1f10c53f5e3625e1b62/src/main/java/org/owasp/benchmark/testcode/BenchmarkTest00298.java#L95,352
https://github.com/mariia10/sast-suit/blob/6adcad57d28feb229625f1f10c53f5e3625e1b62/src/main/java/org/owasp/benchmark/testcode/BenchmarkTest00299.java#L96,352
https://github.com/mariia10/sast-suit/blob/6adcad57d28feb229625f1f10c53f5e3625e1b62/src/main/java/org/owasp/benchmark/testcode/BenchmarkTest00300.java#L83,352
https://github.com/mariia10/sast-suit/blob/6adcad57d28feb229625f1f10c53f5e3625e1b62/src/main/java/org/owasp/benchmark/testcode/BenchmarkTest00312.java#L97,352
https://github.com/mariia10/sast-suit/blob/6adcad57d28feb229625f1f10c53f5e3625e1b62/src/main/java/org/owasp/benchmark/testcode/BenchmarkTest00313.java#L97,352
https://github.com/mariia10/sast-suit/blob/6adcad57d28feb229625f1f10c53f5e3625e1b62/src/main/java/org/owasp/benchmark/testcode/BenchmarkTest00314.java#L98,352
https://github.com/mariia10/sast-suit/blob/6adcad57d28feb229625f1f10c53f5e3625e1b62/src/main/java/org/owasp/benchmark/testcode/BenchmarkTest00315.java#L105,352
https://github.com/mariia10/sast-suit/blob/6adcad57d28feb229625f1f10c53f5e3625e1b62/src/main/java/org/owasp/benchmark/testcode/BenchmarkTest00316.java#L115,352
https://github.com/mariia10/sast-suit/blob/6adcad57d28feb229625f1f10c53f5e3625e1b62/src/main/java/org/owasp/benchmark/testcode/BenchmarkTest00317.java#L97,352
https://github.com/mariia10/sast-suit/blob/6adcad57d28feb229625f1f10c53f5e3625e1b62/src/main/java/org/owasp/benchmark/testcode/BenchmarkTest00318.java#L114,352
https://github.com/mariia10/sast-suit/blob/6adcad57d28feb229625f1f10c53f5e3625e1b62/src/main/java/org/owasp/benchmark/testcode/BenchmarkTest00319.java#L111,352
https://github.com/mariia10/sast-suit/blob/6adcad57d28feb229625f1f10c53f5e3625e1b62/src/main/java/org/owasp/benchmark/testcode/BenchmarkTest00320.java#L97,352
https://github.com/mariia10/sast-suit/blob/6adcad57d28feb229625f1f10c53f5e3625e1b62/src/main/java/org/owasp/benchmark/testcode/BenchmarkTest00347.java#L83,352
https://github.com/mariia10/sast-suit/blob/6adcad57d28feb229625f1f10c53f5e3625e1b62/src/main/java/org/owasp/benchmark/testcode/BenchmarkTest00348.java#L68,352
https://github.com/mariia10/sast-suit/blob/6adcad57d28feb229625f1f10c53f5e3625e1b62/src/main/java/org/owasp/benchmark/testcode/BenchmarkTest00349.java#L87,352
https://github.com/mariia10/sast-suit/blob/6adcad57d28feb229625f1f10c53f5e3625e1b62/src/main/java/org/owasp/benchmark/testcode/BenchmarkTest00368.java#L85,352
https://github.com/mariia10/sast-suit/blob/6adcad57d28feb229625f1f10c53f5e3625e1b62/src/main/java/org/owasp/benchmark/testcode/BenchmarkTest00369.java#L88,352
https://github.com/mariia10/sast-suit/blob/6adcad57d28feb229625f1f10c53f5e3625e1b62/src/main/java/org/owasp/benchmark/testcode/BenchmarkTest00397.java#L86,352
https://github.com/mariia10/sast-suit/blob/6adcad57d28feb229625f1f10c53f5e3625e1b62/src/main/java/org/owasp/benchmark/testcode/BenchmarkTest00398.java#L90,352
https://github.com/mariia10/sast-suit/blob/6adcad57d28feb229625f1f10c53f5e3625e1b62/src/main/java/org/owasp/benchmark/testcode/BenchmarkTest00399.java#L105,352
https://github.com/mariia10/sast-suit/blob/6adcad57d28feb229625f1f10c53f5e3625e1b62/src/main/java/org/owasp/benchmark/testcode/BenchmarkTest00400.java#L103,352
https://github.com/mariia10/sast-suit/blob/6adcad57d28feb229625f1f10c53f5e3625e1b62/src/main/java/org/owasp/benchmark/testcode/BenchmarkTest00401.java#L90,352
https://github.com/mariia10/sast-suit/blob/6adcad57d28feb229625f1f10c53f5e3625e1b62/src/main/java/org/owasp/benchmark/testcode/BenchmarkTest00402.java#L87,352
https://github.com/mariia10/sast-suit/blob/6adcad57d28feb229625f1f10c53f5e3625e1b62/src/main/java/org/owasp/benchmark/testcode/BenchmarkTest00403.java#L74,352
https://github.com/mariia10/sast-suit/blob/6adcad57d28feb229625f1f10c53f5e3625e1b62/src/main/java/org/owasp/benchmark/testcode/BenchmarkTest00404.java#L76,352
https://github.com/mariia10/sast-suit/blob/6adcad57d28feb229625f1f10c53f5e3625e1b62/src/main/java/org/owasp/benchmark/testcode/BenchmarkTest00405.java#L72,352
https://github.com/mariia10/sast-suit/blob/6adcad57d28feb229625f1f10c53f5e3625e1b62/src/main/java/org/owasp/benchmark/testcode/BenchmarkTest00413.java#L97,352
https://github.com/mariia10/sast-suit/blob/6adcad57d28feb229625f1f10c53f5e3625e1b62/src/main/java/org/owasp/benchmark/testcode/BenchmarkTest00414.java#L110,352
https://github.com/mariia10/sast-suit/blob/6adcad57d28feb229625f1f10c53f5e3625e1b62/src/main/java/org/owasp/benchmark/testcode/BenchmarkTest00415.java#L98,352
https://github.com/mariia10/sast-suit/blob/6adcad57d28feb229625f1f10c53f5e3625e1b62/src/main/java/org/owasp/benchmark/testcode/BenchmarkTest00416.java#L97,352
https://github.com/mariia10/sast-suit/blob/6adcad57d28feb229625f1f10c53f5e3625e1b62/src/main/java/org/owasp/benchmark/testcode/BenchmarkTest00417.java#L97,352
https://github.com/mariia10/sast-suit/blob/6adcad57d28feb229625f1f10c53f5e3625e1b62/src/main/java/org/owasp/benchmark/testcode/BenchmarkTest00418.java#L93,352
https://github.com/mariia10/sast-suit/blob/6adcad57d28feb229625f1f10c53f5e3625e1b62/src/main/java/org/owasp/benchmark/testcode/BenchmarkTest00419.java#L96,352
https://github.com/mariia10/sast-suit/blob/6adcad57d28feb229625f1f10c53f5e3625e1b62/src/main/java/org/owasp/benchmark/testcode/BenchmarkTest00420.java#L91,352
https://github.com/mariia10/sast-suit/blob/6adcad57d28feb229625f1f10c53f5e3625e1b62/src/main/java/org/owasp/benchmark/testcode/BenchmarkTest00421.java#L85,352
https://github.com/mariia10/sast-suit/blob/6adcad57d28feb229625f1f10c53f5e3625e1b62/src/main/java/org/owasp/benchmark/testcode/BenchmarkTest00422.java#L90,352
https://github.com/mariia10/sast-suit/blob/6adcad57d28feb229625f1f10c53f5e3625e1b62/src/main/java/org/owasp/benchmark/testcode/BenchmarkTest00423.java#L87,352
https://github.com/mariia10/sast-suit/blob/6adcad57d28feb229625f1f10c53f5e3625e1b62/src/main/java/org/owasp/benchmark/testcode/BenchmarkTest00461.java#L89,352
https://github.com/mariia10/sast-suit/blob/6adcad57d28feb229625f1f10c53f5e3625e1b62/src/main/java/org/owasp/benchmark/testcode/BenchmarkTest00482.java#L89,352
https://github.com/mariia10/sast-suit/blob/6adcad57d28feb229625f1f10c53f5e3625e1b62/src/main/java/org/owasp/benchmark/testcode/BenchmarkTest00483.java#L94,352
https://github.com/mariia10/sast-suit/blob/6adcad57d28feb229625f1f10c53f5e3625e1b62/src/main/java/org/owasp/benchmark/testcode/BenchmarkTest00484.java#L93,352
https://github.com/mariia10/sast-suit/blob/6adcad57d28feb229625f1f10c53f5e3625e1b62/src/main/java/org/owasp/benchmark/testcode/BenchmarkTest00485.java#L89,352
https://github.com/mariia10/sast-suit/blob/6adcad57d28feb229625f1f10c53f5e3625e1b62/src/main/java/org/owasp/benchmark/testcode/BenchmarkTest00486.java#L87,352
https://github.com/mariia10/sast-suit/blob/6adcad57d28feb229625f1f10c53f5e3625e1b62/src/main/java/org/owasp/benchmark/testcode/BenchmarkTest00487.java#L92,352
https://github.com/mariia10/sast-suit/blob/6adcad57d28feb229625f1f10c53f5e3625e1b62/src/main/java/org/owasp/benchmark/testcode/BenchmarkTest00488.java#L98,352
https://github.com/mariia10/sast-suit/blob/6adcad57d28feb229625f1f10c53f5e3625e1b62/src/main/java/org/owasp/benchmark/testcode/BenchmarkTest00489.java#L93,352
https://github.com/mariia10/sast-suit/blob/6adcad57d28feb229625f1f10c53f5e3625e1b62/src/main/java/org/owasp/benchmark/testcode/BenchmarkTest00490.java#L98,352
https://github.com/mariia10/sast-suit/blob/6adcad57d28feb229625f1f10c53f5e3625e1b62/src/main/java/org/owasp/benchmark/testcode/BenchmarkTest00491.java#L77,352
https://github.com/mariia10/sast-suit/blob/6adcad57d28feb229625f1f10c53f5e3625e1b62/src/main/java/org/owasp/benchmark/testcode/BenchmarkTest00501.java#L106,352
https://github.com/mariia10/sast-suit/blob/6adcad57d28feb229625f1f10c53f5e3625e1b62/src/main/java/org/owasp/benchmark/testcode/BenchmarkTest00502.java#L97,352
https://github.com/mariia10/sast-suit/blob/6adcad57d28feb229625f1f10c53f5e3625e1b62/src/main/java/org/owasp/benchmark/testcode/BenchmarkTest00503.java#L102,352
https://github.com/mariia10/sast-suit/blob/6adcad57d28feb229625f1f10c53f5e3625e1b62/src/main/java/org/owasp/benchmark/testcode/BenchmarkTest00504.java#L90,352
https://github.com/mariia10/sast-suit/blob/6adcad57d28feb229625f1f10c53f5e3625e1b62/src/main/java/org/owasp/benchmark/testcode/BenchmarkTest00505.java#L94,352
https://github.com/mariia10/sast-suit/blob/6adcad57d28feb229625f1f10c53f5e3625e1b62/src/main/java/org/owasp/benchmark/testcode/BenchmarkTest00506.java#L110,352
https://github.com/mariia10/sast-suit/blob/6adcad57d28feb229625f1f10c53f5e3625e1b62/src/main/java/org/owasp/benchmark/testcode/BenchmarkTest00507.java#L90,352
https://github.com/mariia10/sast-suit/blob/6adcad57d28feb229625f1f10c53f5e3625e1b62/src/main/java/org/owasp/benchmark/testcode/BenchmarkTest00560.java#L103,352
https://github.com/mariia10/sast-suit/blob/6adcad57d28feb229625f1f10c53f5e3625e1b62/src/main/java/org/owasp/benchmark/testcode/BenchmarkTest00561.java#L108,352
https://github.com/mariia10/sast-suit/blob/6adcad57d28feb229625f1f10c53f5e3625e1b62/src/main/java/org/owasp/benchmark/testcode/BenchmarkTest00562.java#L117,352
https://github.com/mariia10/sast-suit/blob/6adcad57d28feb229625f1f10c53f5e3625e1b62/src/main/java/org/owasp/benchmark/testcode/BenchmarkTest00563.java#L97,352
https://github.com/mariia10/sast-suit/blob/6adcad57d28feb229625f1f10c53f5e3625e1b62/src/main/java/org/owasp/benchmark/testcode/BenchmarkTest00564.java#L99,352
https://github.com/mariia10/sast-suit/blob/6adcad57d28feb229625f1f10c53f5e3625e1b62/src/main/java/org/owasp/benchmark/testcode/BenchmarkTest00565.java#L83,352
https://github.com/mariia10/sast-suit/blob/6adcad57d28feb229625f1f10c53f5e3625e1b62/src/main/java/org/owasp/benchmark/testcode/BenchmarkTest00566.java#L85,352
https://github.com/mariia10/sast-suit/blob/6adcad57d28feb229625f1f10c53f5e3625e1b62/src/main/java/org/owasp/benchmark/testcode/BenchmarkTest00577.java#L111,352
https://github.com/mariia10/sast-suit/blob/6adcad57d28feb229625f1f10c53f5e3625e1b62/src/main/java/org/owasp/benchmark/testcode/BenchmarkTest00578.java#L107,352
https://github.com/mariia10/sast-suit/blob/6adcad57d28feb229625f1f10c53f5e3625e1b62/src/main/java/org/owasp/benchmark/testcode/BenchmarkTest00579.java#L110,352
https://github.com/mariia10/sast-suit/blob/6adcad57d28feb229625f1f10c53f5e3625e1b62/src/main/java/org/owasp/benchmark/testcode/BenchmarkTest00580.java#L109,352
https://github.com/mariia10/sast-suit/blob/6adcad57d28feb229625f1f10c53f5e3625e1b62/src/main/java/org/owasp/benchmark/testcode/BenchmarkTest00581.java#L102,352
https://github.com/mariia10/sast-suit/blob/6adcad57d28feb229625f1f10c53f5e3625e1b62/src/main/java/org/owasp/benchmark/testcode/BenchmarkTest00582.java#L107,352
https://github.com/mariia10/sast-suit/blob/6adcad57d28feb229625f1f10c53f5e3625e1b62/src/main/java/org/owasp/benchmark/testcode/BenchmarkTest00583.java#L106,352
https://github.com/mariia10/sast-suit/blob/6adcad57d28feb229625f1f10c53f5e3625e1b62/src/main/java/org/owasp/benchmark/testcode/BenchmarkTest00584.java#L108,352
https://github.com/mariia10/sast-suit/blob/6adcad57d28feb229625f1f10c53f5e3625e1b62/src/main/java/org/owasp/benchmark/testcode/BenchmarkTest00585.java#L100,352
https://github.com/mariia10/sast-suit/blob/6adcad57d28feb229625f1f10c53f5e3625e1b62/src/main/java/org/owasp/benchmark/testcode/BenchmarkTest00652.java#L89,352
https://github.com/mariia10/sast-suit/blob/6adcad57d28feb229625f1f10c53f5e3625e1b62/src/main/java/org/owasp/benchmark/testcode/BenchmarkTest00653.java#L90,352
https://github.com/mariia10/sast-suit/blob/6adcad57d28feb229625f1f10c53f5e3625e1b62/src/main/java/org/owasp/benchmark/testcode/BenchmarkTest00654.java#L96,352
https://github.com/mariia10/sast-suit/blob/6adcad57d28feb229625f1f10c53f5e3625e1b62/src/main/java/org/owasp/benchmark/testcode/BenchmarkTest00655.java#L78,352
https://github.com/mariia10/sast-suit/blob/6adcad57d28feb229625f1f10c53f5e3625e1b62/src/main/java/org/owasp/benchmark/testcode/BenchmarkTest00660.java#L90,352
https://github.com/mariia10/sast-suit/blob/6adcad57d28feb229625f1f10c53f5e3625e1b62/src/main/java/org/owasp/benchmark/testcode/BenchmarkTest00661.java#L94,352
https://github.com/mariia10/sast-suit/blob/6adcad57d28feb229625f1f10c53f5e3625e1b62/src/main/java/org/owasp/benchmark/testcode/BenchmarkTest00662.java#L97,352
https://github.com/mariia10/sast-suit/blob/6adcad57d28feb229625f1f10c53f5e3625e1b62/src/main/java/org/owasp/benchmark/testcode/BenchmarkTest00663.java#L95,352
https://github.com/mariia10/sast-suit/blob/6adcad57d28feb229625f1f10c53f5e3625e1b62/src/main/java/org/owasp/benchmark/testcode/BenchmarkTest00664.java#L109,352
https://github.com/mariia10/sast-suit/blob/6adcad57d28feb229625f1f10c53f5e3625e1b62/src/main/java/org/owasp/benchmark/testcode/BenchmarkTest00665.java#L93,352
https://github.com/mariia10/sast-suit/blob/6adcad57d28feb229625f1f10c53f5e3625e1b62/src/main/java/org/owasp/benchmark/testcode/BenchmarkTest00666.java#L92,352
https://github.com/mariia10/sast-suit/blob/6adcad57d28feb229625f1f10c53f5e3625e1b62/src/main/java/org/owasp/benchmark/testcode/BenchmarkTest00667.java#L92,352
https://github.com/mariia10/sast-suit/blob/6adcad57d28feb229625f1f10c53f5e3625e1b62/src/main/java/org/owasp/benchmark/testcode/BenchmarkTest00702.java#L94,352
https://github.com/mariia10/sast-suit/blob/6adcad57d28feb229625f1f10c53f5e3625e1b62/src/main/java/org/owasp/benchmark/testcode/BenchmarkTest00733.java#L87,352
https://github.com/mariia10/sast-suit/blob/6adcad57d28feb229625f1f10c53f5e3625e1b62/src/main/java/org/owasp/benchmark/testcode/BenchmarkTest00734.java#L104,352
https://github.com/mariia10/sast-suit/blob/6adcad57d28feb229625f1f10c53f5e3625e1b62/src/main/java/org/owasp/benchmark/testcode/BenchmarkTest00735.java#L96,352
https://github.com/mariia10/sast-suit/blob/6adcad57d28feb229625f1f10c53f5e3625e1b62/src/main/java/org/owasp/benchmark/testcode/BenchmarkTest00736.java#L76,352
https://github.com/mariia10/sast-suit/blob/6adcad57d28feb229625f1f10c53f5e3625e1b62/src/main/java/org/owasp/benchmark/testcode/BenchmarkTest00744.java#L104,352
https://github.com/mariia10/sast-suit/blob/6adcad57d28feb229625f1f10c53f5e3625e1b62/src/main/java/org/owasp/benchmark/testcode/BenchmarkTest00745.java#L94,352
https://github.com/mariia10/sast-suit/blob/6adcad57d28feb229625f1f10c53f5e3625e1b62/src/main/java/org/owasp/benchmark/testcode/BenchmarkTest00746.java#L113,352
https://github.com/mariia10/sast-suit/blob/6adcad57d28feb229625f1f10c53f5e3625e1b62/src/main/java/org/owasp/benchmark/testcode/BenchmarkTest00747.java#L93,352
https://github.com/mariia10/sast-suit/blob/6adcad57d28feb229625f1f10c53f5e3625e1b62/src/main/java/org/owasp/benchmark/testcode/BenchmarkTest00748.java#L114,352
https://github.com/mariia10/sast-suit/blob/6adcad57d28feb229625f1f10c53f5e3625e1b62/src/main/java/org/owasp/benchmark/testcode/BenchmarkTest00749.java#L91,352
https://github.com/mariia10/sast-suit/blob/6adcad57d28feb229625f1f10c53f5e3625e1b62/src/main/java/org/owasp/benchmark/testcode/BenchmarkTest00750.java#L94,352
https://github.com/mariia10/sast-suit/blob/6adcad57d28feb229625f1f10c53f5e3625e1b62/src/main/java/org/owasp/benchmark/testcode/BenchmarkTest00751.java#L95,352
https://github.com/mariia10/sast-suit/blob/6adcad57d28feb229625f1f10c53f5e3625e1b62/src/main/java/org/owasp/benchmark/testcode/BenchmarkTest00752.java#L106,352
https://github.com/mariia10/sast-suit/blob/6adcad57d28feb229625f1f10c53f5e3625e1b62/src/main/java/org/owasp/benchmark/testcode/BenchmarkTest00753.java#L89,352
https://github.com/mariia10/sast-suit/blob/6adcad57d28feb229625f1f10c53f5e3625e1b62/src/main/java/org/owasp/benchmark/testcode/BenchmarkTest00817.java#L128,352
https://github.com/mariia10/sast-suit/blob/6adcad57d28feb229625f1f10c53f5e3625e1b62/src/main/java/org/owasp/benchmark/testcode/BenchmarkTest00818.java#L111,352
https://github.com/mariia10/sast-suit/blob/6adcad57d28feb229625f1f10c53f5e3625e1b62/src/main/java/org/owasp/benchmark/testcode/BenchmarkTest00819.java#L113,352
https://github.com/mariia10/sast-suit/blob/6adcad57d28feb229625f1f10c53f5e3625e1b62/src/main/java/org/owasp/benchmark/testcode/BenchmarkTest00820.java#L93,352
https://github.com/mariia10/sast-suit/blob/6adcad57d28feb229625f1f10c53f5e3625e1b62/src/main/java/org/owasp/benchmark/testcode/BenchmarkTest00821.java#L94,352
https://github.com/mariia10/sast-suit/blob/6adcad57d28feb229625f1f10c53f5e3625e1b62/src/main/java/org/owasp/benchmark/testcode/BenchmarkTest00828.java#L118,352
https://github.com/mariia10/sast-suit/blob/6adcad57d28feb229625f1f10c53f5e3625e1b62/src/main/java/org/owasp/benchmark/testcode/BenchmarkTest00829.java#L135,352
https://github.com/mariia10/sast-suit/blob/6adcad57d28feb229625f1f10c53f5e3625e1b62/src/main/java/org/owasp/benchmark/testcode/BenchmarkTest00830.java#L115,352
https://github.com/mariia10/sast-suit/blob/6adcad57d28feb229625f1f10c53f5e3625e1b62/src/main/java/org/owasp/benchmark/testcode/BenchmarkTest00831.java#L130,352
https://github.com/mariia10/sast-suit/blob/6adcad57d28feb229625f1f10c53f5e3625e1b62/src/main/java/org/owasp/benchmark/testcode/BenchmarkTest00832.java#L109,352
https://github.com/mariia10/sast-suit/blob/6adcad57d28feb229625f1f10c53f5e3625e1b62/src/main/java/org/owasp/benchmark/testcode/BenchmarkTest00898.java#L93,352
https://github.com/mariia10/sast-suit/blob/6adcad57d28feb229625f1f10c53f5e3625e1b62/src/main/java/org/owasp/benchmark/testcode/BenchmarkTest00899.java#L104,352
https://github.com/mariia10/sast-suit/blob/6adcad57d28feb229625f1f10c53f5e3625e1b62/src/main/java/org/owasp/benchmark/testcode/BenchmarkTest00900.java#L103,352
https://github.com/mariia10/sast-suit/blob/6adcad57d28feb229625f1f10c53f5e3625e1b62/src/main/java/org/owasp/benchmark/testcode/BenchmarkTest00901.java#L103,352
https://github.com/mariia10/sast-suit/blob/6adcad57d28feb229625f1f10c53f5e3625e1b62/src/main/java/org/owasp/benchmark/testcode/BenchmarkTest00902.java#L89,352
https://github.com/mariia10/sast-suit/blob/6adcad57d28feb229625f1f10c53f5e3625e1b62/src/main/java/org/owasp/benchmark/testcode/BenchmarkTest00903.java#L89,352
https://github.com/mariia10/sast-suit/blob/6adcad57d28feb229625f1f10c53f5e3625e1b62/src/main/java/org/owasp/benchmark/testcode/BenchmarkTest00904.java#L77,352
https://github.com/mariia10/sast-suit/blob/6adcad57d28feb229625f1f10c53f5e3625e1b62/src/main/java/org/owasp/benchmark/testcode/BenchmarkTest00911.java#L95,352
https://github.com/mariia10/sast-suit/blob/6adcad57d28feb229625f1f10c53f5e3625e1b62/src/main/java/org/owasp/benchmark/testcode/BenchmarkTest00912.java#L98,352
https://github.com/mariia10/sast-suit/blob/6adcad57d28feb229625f1f10c53f5e3625e1b62/src/main/java/org/owasp/benchmark/testcode/BenchmarkTest00913.java#L112,352
https://github.com/mariia10/sast-suit/blob/6adcad57d28feb229625f1f10c53f5e3625e1b62/src/main/java/org/owasp/benchmark/testcode/BenchmarkTest00914.java#L92,352
https://github.com/mariia10/sast-suit/blob/6adcad57d28feb229625f1f10c53f5e3625e1b62/src/main/java/org/owasp/benchmark/testcode/BenchmarkTest00915.java#L90,352
https://github.com/mariia10/sast-suit/blob/6adcad57d28feb229625f1f10c53f5e3625e1b62/src/main/java/org/owasp/benchmark/testcode/BenchmarkTest00916.java#L92,352
https://github.com/mariia10/sast-suit/blob/6adcad57d28feb229625f1f10c53f5e3625e1b62/src/main/java/org/owasp/benchmark/testcode/BenchmarkTest00917.java#L99,352
https://github.com/mariia10/sast-suit/blob/6adcad57d28feb229625f1f10c53f5e3625e1b62/src/main/java/org/owasp/benchmark/testcode/BenchmarkTest00918.java#L98,352
https://github.com/mariia10/sast-suit/blob/6adcad57d28feb229625f1f10c53f5e3625e1b62/src/main/java/org/owasp/benchmark/testcode/BenchmarkTest00919.java#L87,352
https://github.com/mariia10/sast-suit/blob/6adcad57d28feb229625f1f10c53f5e3625e1b62/src/main/java/org/owasp/benchmark/testcode/BenchmarkTest00920.java#L87,352
https://github.com/mariia10/sast-suit/blob/6adcad57d28feb229625f1f10c53f5e3625e1b62/src/main/java/org/owasp/benchmark/testcode/BenchmarkTest00921.java#L91,352
https://github.com/mariia10/sast-suit/blob/6adcad57d28feb229625f1f10c53f5e3625e1b62/src/main/java/org/owasp/benchmark/testcode/BenchmarkTest00942.java#L42,352
https://github.com/mariia10/sast-suit/blob/6adcad57d28feb229625f1f10c53f5e3625e1b62/src/main/java/org/owasp/benchmark/testcode/BenchmarkTest00943.java#L42,352
https://github.com/mariia10/sast-suit/blob/6adcad57d28feb229625f1f10c53f5e3625e1b62/src/main/java/org/owasp/benchmark/testcode/BenchmarkTest00944.java#L42,352
https://github.com/mariia10/sast-suit/blob/6adcad57d28feb229625f1f10c53f5e3625e1b62/src/main/java/org/owasp/benchmark/testcode/BenchmarkTest00945.java#L42,352
https://github.com/mariia10/sast-suit/blob/6adcad57d28feb229625f1f10c53f5e3625e1b62/src/main/java/org/owasp/benchmark/testcode/BenchmarkTest00946.java#L42,352
https://github.com/mariia10/sast-suit/blob/6adcad57d28feb229625f1f10c53f5e3625e1b62/src/main/java/org/owasp/benchmark/testcode/BenchmarkTest00947.java#L42,352
https://github.com/mariia10/sast-suit/blob/6adcad57d28feb229625f1f10c53f5e3625e1b62/src/main/java/org/owasp/benchmark/testcode/BenchmarkTest00948.java#L42,352
https://github.com/mariia10/sast-suit/blob/6adcad57d28feb229625f1f10c53f5e3625e1b62/src/main/java/org/owasp/benchmark/testcode/BenchmarkTest00949.java#L42,352
https://github.com/mariia10/sast-suit/blob/6adcad57d28feb229625f1f10c53f5e3625e1b62/src/main/java/org/owasp/benchmark/testcode/BenchmarkTest00950.java#L42,352
https://github.com/mariia10/sast-suit/blob/6adcad57d28feb229625f1f10c53f5e3625e1b62/src/main/java/org/owasp/benchmark/testcode/BenchmarkTest00951.java#L42,352
https://github.com/mariia10/sast-suit/blob/6adcad57d28feb229625f1f10c53f5e3625e1b62/src/main/java/org/owasp/benchmark/testcode/BenchmarkTest00952.java#L42,352
https://github.com/mariia10/sast-suit/blob/6adcad57d28feb229625f1f10c53f5e3625e1b62/src/main/java/org/owasp/benchmark/testcode/BenchmarkTest00953.java#L42,352
https://github.com/mariia10/sast-suit/blob/6adcad57d28feb229625f1f10c53f5e3625e1b62/src/main/java/org/owasp/benchmark/testcode/BenchmarkTest00954.java#L42,352
https://github.com/mariia10/sast-suit/blob/6adcad57d28feb229625f1f10c53f5e3625e1b62/src/main/java/org/owasp/benchmark/testcode/BenchmarkTest00955.java#L42,352
https://github.com/mariia10/sast-suit/blob/6adcad57d28feb229625f1f10c53f5e3625e1b62/src/main/java/org/owasp/benchmark/testcode/BenchmarkTest00956.java#L42,352
https://github.com/mariia10/sast-suit/blob/6adcad57d28feb229625f1f10c53f5e3625e1b62/src/main/java/org/owasp/benchmark/testcode/BenchmarkTest00957.java#L42,352
https://github.com/mariia10/sast-suit/blob/6adcad57d28feb229625f1f10c53f5e3625e1b62/src/main/java/org/owasp/benchmark/testcode/BenchmarkTest00958.java#L42,352
https://github.com/mariia10/sast-suit/blob/6adcad57d28feb229625f1f10c53f5e3625e1b62/src/main/java/org/owasp/benchmark/testcode/BenchmarkTest00959.java#L42,352
https://github.com/mariia10/sast-suit/blob/6adcad57d28feb229625f1f10c53f5e3625e1b62/src/main/java/org/owasp/benchmark/testcode/BenchmarkTest00960.java#L42,352
https://github.com/mariia10/sast-suit/blob/6adcad57d28feb229625f1f10c53f5e3625e1b62/src/main/java/org/owasp/benchmark/testcode/BenchmarkTest00960.java#L104,352
https://github.com/mariia10/sast-suit/blob/6adcad57d28feb229625f1f10c53f5e3625e1b62/src/main/java/org/owasp/benchmark/testcode/BenchmarkTest00961.java#L42,352
https://github.com/mariia10/sast-suit/blob/6adcad57d28feb229625f1f10c53f5e3625e1b62/src/main/java/org/owasp/benchmark/testcode/BenchmarkTest00962.java#L42,352
https://github.com/mariia10/sast-suit/blob/6adcad57d28feb229625f1f10c53f5e3625e1b62/src/main/java/org/owasp/benchmark/testcode/BenchmarkTest00963.java#L42,352
https://github.com/mariia10/sast-suit/blob/6adcad57d28feb229625f1f10c53f5e3625e1b62/src/main/java/org/owasp/benchmark/testcode/BenchmarkTest00964.java#L42,352
https://github.com/mariia10/sast-suit/blob/6adcad57d28feb229625f1f10c53f5e3625e1b62/src/main/java/org/owasp/benchmark/testcode/BenchmarkTest00965.java#L42,352
https://github.com/mariia10/sast-suit/blob/6adcad57d28feb229625f1f10c53f5e3625e1b62/src/main/java/org/owasp/benchmark/testcode/BenchmarkTest00966.java#L42,352
https://github.com/mariia10/sast-suit/blob/6adcad57d28feb229625f1f10c53f5e3625e1b62/src/main/java/org/owasp/benchmark/testcode/BenchmarkTest00967.java#L42,352
https://github.com/mariia10/sast-suit/blob/6adcad57d28feb229625f1f10c53f5e3625e1b62/src/main/java/org/owasp/benchmark/testcode/BenchmarkTest00968.java#L42,352
https://github.com/mariia10/sast-suit/blob/6adcad57d28feb229625f1f10c53f5e3625e1b62/src/main/java/org/owasp/benchmark/testcode/BenchmarkTest00969.java#L42,352
https://github.com/mariia10/sast-suit/blob/6adcad57d28feb229625f1f10c53f5e3625e1b62/src/main/java/org/owasp/benchmark/testcode/BenchmarkTest00970.java#L42,352
https://github.com/mariia10/sast-suit/blob/6adcad57d28feb229625f1f10c53f5e3625e1b62/src/main/java/org/owasp/benchmark/testcode/BenchmarkTest00971.java#L42,352
https://github.com/mariia10/sast-suit/blob/6adcad57d28feb229625f1f10c53f5e3625e1b62/src/main/java/org/owasp/benchmark/testcode/BenchmarkTest00971.java#L103,352
https://github.com/mariia10/sast-suit/blob/6adcad57d28feb229625f1f10c53f5e3625e1b62/src/main/java/org/owasp/benchmark/testcode/BenchmarkTest00972.java#L42,352
https://github.com/mariia10/sast-suit/blob/6adcad57d28feb229625f1f10c53f5e3625e1b62/src/main/java/org/owasp/benchmark/testcode/BenchmarkTest00972.java#L103,352
https://github.com/mariia10/sast-suit/blob/6adcad57d28feb229625f1f10c53f5e3625e1b62/src/main/java/org/owasp/benchmark/testcode/BenchmarkTest00973.java#L42,352
https://github.com/mariia10/sast-suit/blob/6adcad57d28feb229625f1f10c53f5e3625e1b62/src/main/java/org/owasp/benchmark/testcode/BenchmarkTest00973.java#L102,352
https://github.com/mariia10/sast-suit/blob/6adcad57d28feb229625f1f10c53f5e3625e1b62/src/main/java/org/owasp/benchmark/testcode/BenchmarkTest00974.java#L42,352
https://github.com/mariia10/sast-suit/blob/6adcad57d28feb229625f1f10c53f5e3625e1b62/src/main/java/org/owasp/benchmark/testcode/BenchmarkTest00974.java#L102,352
https://github.com/mariia10/sast-suit/blob/6adcad57d28feb229625f1f10c53f5e3625e1b62/src/main/java/org/owasp/benchmark/testcode/BenchmarkTest00975.java#L42,352
https://github.com/mariia10/sast-suit/blob/6adcad57d28feb229625f1f10c53f5e3625e1b62/src/main/java/org/owasp/benchmark/testcode/BenchmarkTest00975.java#L102,352
https://github.com/mariia10/sast-suit/blob/6adcad57d28feb229625f1f10c53f5e3625e1b62/src/main/java/org/owasp/benchmark/testcode/BenchmarkTest00976.java#L42,352
https://github.com/mariia10/sast-suit/blob/6adcad57d28feb229625f1f10c53f5e3625e1b62/src/main/java/org/owasp/benchmark/testcode/BenchmarkTest00976.java#L103,352
https://github.com/mariia10/sast-suit/blob/6adcad57d28feb229625f1f10c53f5e3625e1b62/src/main/java/org/owasp/benchmark/testcode/BenchmarkTest00977.java#L42,352
https://github.com/mariia10/sast-suit/blob/6adcad57d28feb229625f1f10c53f5e3625e1b62/src/main/java/org/owasp/benchmark/testcode/BenchmarkTest00977.java#L88,352
https://github.com/mariia10/sast-suit/blob/6adcad57d28feb229625f1f10c53f5e3625e1b62/src/main/java/org/owasp/benchmark/testcode/BenchmarkTest00978.java#L42,352
https://github.com/mariia10/sast-suit/blob/6adcad57d28feb229625f1f10c53f5e3625e1b62/src/main/java/org/owasp/benchmark/testcode/BenchmarkTest00979.java#L42,352
https://github.com/mariia10/sast-suit/blob/6adcad57d28feb229625f1f10c53f5e3625e1b62/src/main/java/org/owasp/benchmark/testcode/BenchmarkTest00980.java#L42,352
https://github.com/mariia10/sast-suit/blob/6adcad57d28feb229625f1f10c53f5e3625e1b62/src/main/java/org/owasp/benchmark/testcode/BenchmarkTest00981.java#L42,352
https://github.com/mariia10/sast-suit/blob/6adcad57d28feb229625f1f10c53f5e3625e1b62/src/main/java/org/owasp/benchmark/testcode/BenchmarkTest00982.java#L42,352
https://github.com/mariia10/sast-suit/blob/6adcad57d28feb229625f1f10c53f5e3625e1b62/src/main/java/org/owasp/benchmark/testcode/BenchmarkTest00983.java#L42,352
https://github.com/mariia10/sast-suit/blob/6adcad57d28feb229625f1f10c53f5e3625e1b62/src/main/java/org/owasp/benchmark/testcode/BenchmarkTest00984.java#L42,352
https://github.com/mariia10/sast-suit/blob/6adcad57d28feb229625f1f10c53f5e3625e1b62/src/main/java/org/owasp/benchmark/testcode/BenchmarkTest00984.java#L107,352
https://github.com/mariia10/sast-suit/blob/6adcad57d28feb229625f1f10c53f5e3625e1b62/src/main/java/org/owasp/benchmark/testcode/BenchmarkTest00985.java#L42,352
https://github.com/mariia10/sast-suit/blob/6adcad57d28feb229625f1f10c53f5e3625e1b62/src/main/java/org/owasp/benchmark/testcode/BenchmarkTest00985.java#L107,352
https://github.com/mariia10/sast-suit/blob/6adcad57d28feb229625f1f10c53f5e3625e1b62/src/main/java/org/owasp/benchmark/testcode/BenchmarkTest00986.java#L42,352
https://github.com/mariia10/sast-suit/blob/6adcad57d28feb229625f1f10c53f5e3625e1b62/src/main/java/org/owasp/benchmark/testcode/BenchmarkTest00986.java#L107,352
https://github.com/mariia10/sast-suit/blob/6adcad57d28feb229625f1f10c53f5e3625e1b62/src/main/java/org/owasp/benchmark/testcode/BenchmarkTest00987.java#L42,352
https://github.com/mariia10/sast-suit/blob/6adcad57d28feb229625f1f10c53f5e3625e1b62/src/main/java/org/owasp/benchmark/testcode/BenchmarkTest00987.java#L105,352
https://github.com/mariia10/sast-suit/blob/6adcad57d28feb229625f1f10c53f5e3625e1b62/src/main/java/org/owasp/benchmark/testcode/BenchmarkTest00988.java#L42,352
https://github.com/mariia10/sast-suit/blob/6adcad57d28feb229625f1f10c53f5e3625e1b62/src/main/java/org/owasp/benchmark/testcode/BenchmarkTest00988.java#L105,352
https://github.com/mariia10/sast-suit/blob/6adcad57d28feb229625f1f10c53f5e3625e1b62/src/main/java/org/owasp/benchmark/testcode/BenchmarkTest00989.java#L42,352
https://github.com/mariia10/sast-suit/blob/6adcad57d28feb229625f1f10c53f5e3625e1b62/src/main/java/org/owasp/benchmark/testcode/BenchmarkTest00989.java#L104,352
https://github.com/mariia10/sast-suit/blob/6adcad57d28feb229625f1f10c53f5e3625e1b62/src/main/java/org/owasp/benchmark/testcode/BenchmarkTest00990.java#L42,352
https://github.com/mariia10/sast-suit/blob/6adcad57d28feb229625f1f10c53f5e3625e1b62/src/main/java/org/owasp/benchmark/testcode/BenchmarkTest00990.java#L104,352
https://github.com/mariia10/sast-suit/blob/6adcad57d28feb229625f1f10c53f5e3625e1b62/src/main/java/org/owasp/benchmark/testcode/BenchmarkTest00991.java#L42,352
https://github.com/mariia10/sast-suit/blob/6adcad57d28feb229625f1f10c53f5e3625e1b62/src/main/java/org/owasp/benchmark/testcode/BenchmarkTest00992.java#L42,352
https://github.com/mariia10/sast-suit/blob/6adcad57d28feb229625f1f10c53f5e3625e1b62/src/main/java/org/owasp/benchmark/testcode/BenchmarkTest00993.java#L42,352
https://github.com/mariia10/sast-suit/blob/6adcad57d28feb229625f1f10c53f5e3625e1b62/src/main/java/org/owasp/benchmark/testcode/BenchmarkTest00994.java#L42,352
https://github.com/mariia10/sast-suit/blob/6adcad57d28feb229625f1f10c53f5e3625e1b62/src/main/java/org/owasp/benchmark/testcode/BenchmarkTest00995.java#L42,352
https://github.com/mariia10/sast-suit/blob/6adcad57d28feb229625f1f10c53f5e3625e1b62/src/main/java/org/owasp/benchmark/testcode/BenchmarkTest00996.java#L43,352
https://github.com/mariia10/sast-suit/blob/6adcad57d28feb229625f1f10c53f5e3625e1b62/src/main/java/org/owasp/benchmark/testcode/BenchmarkTest00997.java#L43,352
https://github.com/mariia10/sast-suit/blob/6adcad57d28feb229625f1f10c53f5e3625e1b62/src/main/java/org/owasp/benchmark/testcode/BenchmarkTest00998.java#L43,352
https://github.com/mariia10/sast-suit/blob/6adcad57d28feb229625f1f10c53f5e3625e1b62/src/main/java/org/owasp/benchmark/testcode/BenchmarkTest00999.java#L43,352
https://github.com/mariia10/sast-suit/blob/6adcad57d28feb229625f1f10c53f5e3625e1b62/src/main/java/org/owasp/benchmark/testcode/BenchmarkTest01000.java#L43,352
https://github.com/mariia10/sast-suit/blob/6adcad57d28feb229625f1f10c53f5e3625e1b62/src/main/java/org/owasp/benchmark/testcode/BenchmarkTest01001.java#L42,352
https://github.com/mariia10/sast-suit/blob/6adcad57d28feb229625f1f10c53f5e3625e1b62/src/main/java/org/owasp/benchmark/testcode/BenchmarkTest01002.java#L42,352
https://github.com/mariia10/sast-suit/blob/6adcad57d28feb229625f1f10c53f5e3625e1b62/src/main/java/org/owasp/benchmark/testcode/BenchmarkTest01003.java#L42,352
https://github.com/mariia10/sast-suit/blob/6adcad57d28feb229625f1f10c53f5e3625e1b62/src/main/java/org/owasp/benchmark/testcode/BenchmarkTest01004.java#L42,352
https://github.com/mariia10/sast-suit/blob/6adcad57d28feb229625f1f10c53f5e3625e1b62/src/main/java/org/owasp/benchmark/testcode/BenchmarkTest01005.java#L42,352
https://github.com/mariia10/sast-suit/blob/6adcad57d28feb229625f1f10c53f5e3625e1b62/src/main/java/org/owasp/benchmark/testcode/BenchmarkTest01006.java#L42,352
https://github.com/mariia10/sast-suit/blob/6adcad57d28feb229625f1f10c53f5e3625e1b62/src/main/java/org/owasp/benchmark/testcode/BenchmarkTest01007.java#L42,352
https://github.com/mariia10/sast-suit/blob/6adcad57d28feb229625f1f10c53f5e3625e1b62/src/main/java/org/owasp/benchmark/testcode/BenchmarkTest01008.java#L42,352
https://github.com/mariia10/sast-suit/blob/6adcad57d28feb229625f1f10c53f5e3625e1b62/src/main/java/org/owasp/benchmark/testcode/BenchmarkTest01009.java#L42,352
https://github.com/mariia10/sast-suit/blob/6adcad57d28feb229625f1f10c53f5e3625e1b62/src/main/java/org/owasp/benchmark/testcode/BenchmarkTest01010.java#L42,352
https://github.com/mariia10/sast-suit/blob/6adcad57d28feb229625f1f10c53f5e3625e1b62/src/main/java/org/owasp/benchmark/testcode/BenchmarkTest01011.java#L42,352
https://github.com/mariia10/sast-suit/blob/6adcad57d28feb229625f1f10c53f5e3625e1b62/src/main/java/org/owasp/benchmark/testcode/BenchmarkTest01012.java#L42,352
https://github.com/mariia10/sast-suit/blob/6adcad57d28feb229625f1f10c53f5e3625e1b62/src/main/java/org/owasp/benchmark/testcode/BenchmarkTest01013.java#L42,352
https://github.com/mariia10/sast-suit/blob/6adcad57d28feb229625f1f10c53f5e3625e1b62/src/main/java/org/owasp/benchmark/testcode/BenchmarkTest01014.java#L42,352
https://github.com/mariia10/sast-suit/blob/6adcad57d28feb229625f1f10c53f5e3625e1b62/src/main/java/org/owasp/benchmark/testcode/BenchmarkTest01058.java#L90,352
https://github.com/mariia10/sast-suit/blob/6adcad57d28feb229625f1f10c53f5e3625e1b62/src/main/java/org/owasp/benchmark/testcode/BenchmarkTest01059.java#L89,352
https://github.com/mariia10/sast-suit/blob/6adcad57d28feb229625f1f10c53f5e3625e1b62/src/main/java/org/owasp/benchmark/testcode/BenchmarkTest01060.java#L89,352
https://github.com/mariia10/sast-suit/blob/6adcad57d28feb229625f1f10c53f5e3625e1b62/src/main/java/org/owasp/benchmark/testcode/BenchmarkTest01061.java#L74,352
https://github.com/mariia10/sast-suit/blob/6adcad57d28feb229625f1f10c53f5e3625e1b62/src/main/java/org/owasp/benchmark/testcode/BenchmarkTest01062.java#L74,352
https://github.com/mariia10/sast-suit/blob/6adcad57d28feb229625f1f10c53f5e3625e1b62/src/main/java/org/owasp/benchmark/testcode/BenchmarkTest01069.java#L97,352
https://github.com/mariia10/sast-suit/blob/6adcad57d28feb229625f1f10c53f5e3625e1b62/src/main/java/org/owasp/benchmark/testcode/BenchmarkTest01070.java#L96,352
https://github.com/mariia10/sast-suit/blob/6adcad57d28feb229625f1f10c53f5e3625e1b62/src/main/java/org/owasp/benchmark/testcode/BenchmarkTest01071.java#L96,352
https://github.com/mariia10/sast-suit/blob/6adcad57d28feb229625f1f10c53f5e3625e1b62/src/main/java/org/owasp/benchmark/testcode/BenchmarkTest01072.java#L93,352
https://github.com/mariia10/sast-suit/blob/6adcad57d28feb229625f1f10c53f5e3625e1b62/src/main/java/org/owasp/benchmark/testcode/BenchmarkTest01073.java#L97,352
https://github.com/mariia10/sast-suit/blob/6adcad57d28feb229625f1f10c53f5e3625e1b62/src/main/java/org/owasp/benchmark/testcode/BenchmarkTest01074.java#L91,352
https://github.com/mariia10/sast-suit/blob/6adcad57d28feb229625f1f10c53f5e3625e1b62/src/main/java/org/owasp/benchmark/testcode/BenchmarkTest01075.java#L91,352
https://github.com/mariia10/sast-suit/blob/6adcad57d28feb229625f1f10c53f5e3625e1b62/src/main/java/org/owasp/benchmark/testcode/BenchmarkTest01076.java#L91,352
https://github.com/mariia10/sast-suit/blob/6adcad57d28feb229625f1f10c53f5e3625e1b62/src/main/java/org/owasp/benchmark/testcode/BenchmarkTest01077.java#L90,352
https://github.com/mariia10/sast-suit/blob/6adcad57d28feb229625f1f10c53f5e3625e1b62/src/main/java/org/owasp/benchmark/testcode/BenchmarkTest01078.java#L90,352
https://github.com/mariia10/sast-suit/blob/6adcad57d28feb229625f1f10c53f5e3625e1b62/src/main/java/org/owasp/benchmark/testcode/BenchmarkTest01079.java#L90,352
https://github.com/mariia10/sast-suit/blob/6adcad57d28feb229625f1f10c53f5e3625e1b62/src/main/java/org/owasp/benchmark/testcode/BenchmarkTest01119.java#L100,352
https://github.com/mariia10/sast-suit/blob/6adcad57d28feb229625f1f10c53f5e3625e1b62/src/main/java/org/owasp/benchmark/testcode/BenchmarkTest01127.java#L99,352
https://github.com/mariia10/sast-suit/blob/6adcad57d28feb229625f1f10c53f5e3625e1b62/src/main/java/org/owasp/benchmark/testcode/BenchmarkTest01128.java#L98,352
https://github.com/mariia10/sast-suit/blob/6adcad57d28feb229625f1f10c53f5e3625e1b62/src/main/java/org/owasp/benchmark/testcode/BenchmarkTest01129.java#L98,352
https://github.com/mariia10/sast-suit/blob/6adcad57d28feb229625f1f10c53f5e3625e1b62/src/main/java/org/owasp/benchmark/testcode/BenchmarkTest01130.java#L98,352
https://github.com/mariia10/sast-suit/blob/6adcad57d28feb229625f1f10c53f5e3625e1b62/src/main/java/org/owasp/benchmark/testcode/BenchmarkTest01131.java#L98,352
https://github.com/mariia10/sast-suit/blob/6adcad57d28feb229625f1f10c53f5e3625e1b62/src/main/java/org/owasp/benchmark/testcode/BenchmarkTest01132.java#L98,352
https://github.com/mariia10/sast-suit/blob/6adcad57d28feb229625f1f10c53f5e3625e1b62/src/main/java/org/owasp/benchmark/testcode/BenchmarkTest01133.java#L99,352
https://github.com/mariia10/sast-suit/blob/6adcad57d28feb229625f1f10c53f5e3625e1b62/src/main/java/org/owasp/benchmark/testcode/BenchmarkTest01134.java#L84,352
https://github.com/mariia10/sast-suit/blob/6adcad57d28feb229625f1f10c53f5e3625e1b62/src/main/java/org/owasp/benchmark/testcode/BenchmarkTest01135.java#L106,352
https://github.com/mariia10/sast-suit/blob/6adcad57d28feb229625f1f10c53f5e3625e1b62/src/main/java/org/owasp/benchmark/testcode/BenchmarkTest01136.java#L107,352
https://github.com/mariia10/sast-suit/blob/6adcad57d28feb229625f1f10c53f5e3625e1b62/src/main/java/org/owasp/benchmark/testcode/BenchmarkTest01137.java#L103,352
https://github.com/mariia10/sast-suit/blob/6adcad57d28feb229625f1f10c53f5e3625e1b62/src/main/java/org/owasp/benchmark/testcode/BenchmarkTest01138.java#L101,352
https://github.com/mariia10/sast-suit/blob/6adcad57d28feb229625f1f10c53f5e3625e1b62/src/main/java/org/owasp/benchmark/testcode/BenchmarkTest01139.java#L101,352
https://github.com/mariia10/sast-suit/blob/6adcad57d28feb229625f1f10c53f5e3625e1b62/src/main/java/org/owasp/benchmark/testcode/BenchmarkTest01140.java#L100,352
https://github.com/mariia10/sast-suit/blob/6adcad57d28feb229625f1f10c53f5e3625e1b62/src/main/java/org/owasp/benchmark/testcode/BenchmarkTest01141.java#L100,352
https://github.com/mariia10/sast-suit/blob/6adcad57d28feb229625f1f10c53f5e3625e1b62/src/main/java/org/owasp/benchmark/testcode/BenchmarkTest01162.java#L92,352
https://github.com/mariia10/sast-suit/blob/6adcad57d28feb229625f1f10c53f5e3625e1b62/src/main/java/org/owasp/benchmark/testcode/BenchmarkTest01163.java#L92,352
https://github.com/mariia10/sast-suit/blob/6adcad57d28feb229625f1f10c53f5e3625e1b62/src/main/java/org/owasp/benchmark/testcode/BenchmarkTest01183.java#L91,352
https://github.com/mariia10/sast-suit/blob/6adcad57d28feb229625f1f10c53f5e3625e1b62/src/main/java/org/owasp/benchmark/testcode/BenchmarkTest01184.java#L90,352
https://github.com/mariia10/sast-suit/blob/6adcad57d28feb229625f1f10c53f5e3625e1b62/src/main/java/org/owasp/benchmark/testcode/BenchmarkTest01185.java#L76,352
https://github.com/mariia10/sast-suit/blob/6adcad57d28feb229625f1f10c53f5e3625e1b62/src/main/java/org/owasp/benchmark/testcode/BenchmarkTest01186.java#L76,352
https://github.com/mariia10/sast-suit/blob/6adcad57d28feb229625f1f10c53f5e3625e1b62/src/main/java/org/owasp/benchmark/testcode/BenchmarkTest01187.java#L76,352
https://github.com/mariia10/sast-suit/blob/6adcad57d28feb229625f1f10c53f5e3625e1b62/src/main/java/org/owasp/benchmark/testcode/BenchmarkTest01195.java#L95,352
https://github.com/mariia10/sast-suit/blob/6adcad57d28feb229625f1f10c53f5e3625e1b62/src/main/java/org/owasp/benchmark/testcode/BenchmarkTest01196.java#L95,352
https://github.com/mariia10/sast-suit/blob/6adcad57d28feb229625f1f10c53f5e3625e1b62/src/main/java/org/owasp/benchmark/testcode/BenchmarkTest01197.java#L99,352
https://github.com/mariia10/sast-suit/blob/6adcad57d28feb229625f1f10c53f5e3625e1b62/src/main/java/org/owasp/benchmark/testcode/BenchmarkTest01198.java#L95,352
https://github.com/mariia10/sast-suit/blob/6adcad57d28feb229625f1f10c53f5e3625e1b62/src/main/java/org/owasp/benchmark/testcode/BenchmarkTest01199.java#L93,352
https://github.com/mariia10/sast-suit/blob/6adcad57d28feb229625f1f10c53f5e3625e1b62/src/main/java/org/owasp/benchmark/testcode/BenchmarkTest01200.java#L93,352
https://github.com/mariia10/sast-suit/blob/6adcad57d28feb229625f1f10c53f5e3625e1b62/src/main/java/org/owasp/benchmark/testcode/BenchmarkTest01201.java#L93,352
https://github.com/mariia10/sast-suit/blob/6adcad57d28feb229625f1f10c53f5e3625e1b62/src/main/java/org/owasp/benchmark/testcode/BenchmarkTest01202.java#L93,352
https://github.com/mariia10/sast-suit/blob/6adcad57d28feb229625f1f10c53f5e3625e1b62/src/main/java/org/owasp/benchmark/testcode/BenchmarkTest01271.java#L84,352
https://github.com/mariia10/sast-suit/blob/6adcad57d28feb229625f1f10c53f5e3625e1b62/src/main/java/org/owasp/benchmark/testcode/BenchmarkTest01272.java#L83,352
https://github.com/mariia10/sast-suit/blob/6adcad57d28feb229625f1f10c53f5e3625e1b62/src/main/java/org/owasp/benchmark/testcode/BenchmarkTest01273.java#L83,352
https://github.com/mariia10/sast-suit/blob/6adcad57d28feb229625f1f10c53f5e3625e1b62/src/main/java/org/owasp/benchmark/testcode/BenchmarkTest01274.java#L83,352
https://github.com/mariia10/sast-suit/blob/6adcad57d28feb229625f1f10c53f5e3625e1b62/src/main/java/org/owasp/benchmark/testcode/BenchmarkTest01275.java#L83,352
https://github.com/mariia10/sast-suit/blob/6adcad57d28feb229625f1f10c53f5e3625e1b62/src/main/java/org/owasp/benchmark/testcode/BenchmarkTest01276.java#L83,352
https://github.com/mariia10/sast-suit/blob/6adcad57d28feb229625f1f10c53f5e3625e1b62/src/main/java/org/owasp/benchmark/testcode/BenchmarkTest01277.java#L84,352
https://github.com/mariia10/sast-suit/blob/6adcad57d28feb229625f1f10c53f5e3625e1b62/src/main/java/org/owasp/benchmark/testcode/BenchmarkTest01278.java#L84,352
https://github.com/mariia10/sast-suit/blob/6adcad57d28feb229625f1f10c53f5e3625e1b62/src/main/java/org/owasp/benchmark/testcode/BenchmarkTest01279.java#L84,352
https://github.com/mariia10/sast-suit/blob/6adcad57d28feb229625f1f10c53f5e3625e1b62/src/main/java/org/owasp/benchmark/testcode/BenchmarkTest01280.java#L69,352
https://github.com/mariia10/sast-suit/blob/6adcad57d28feb229625f1f10c53f5e3625e1b62/src/main/java/org/owasp/benchmark/testcode/BenchmarkTest01281.java#L69,352
https://github.com/mariia10/sast-suit/blob/6adcad57d28feb229625f1f10c53f5e3625e1b62/src/main/java/org/owasp/benchmark/testcode/BenchmarkTest01282.java#L69,352
https://github.com/mariia10/sast-suit/blob/6adcad57d28feb229625f1f10c53f5e3625e1b62/src/main/java/org/owasp/benchmark/testcode/BenchmarkTest01283.java#L69,352
https://github.com/mariia10/sast-suit/blob/6adcad57d28feb229625f1f10c53f5e3625e1b62/src/main/java/org/owasp/benchmark/testcode/BenchmarkTest01291.java#L92,352
https://github.com/mariia10/sast-suit/blob/6adcad57d28feb229625f1f10c53f5e3625e1b62/src/main/java/org/owasp/benchmark/testcode/BenchmarkTest01292.java#L91,352
https://github.com/mariia10/sast-suit/blob/6adcad57d28feb229625f1f10c53f5e3625e1b62/src/main/java/org/owasp/benchmark/testcode/BenchmarkTest01293.java#L92,352
https://github.com/mariia10/sast-suit/blob/6adcad57d28feb229625f1f10c53f5e3625e1b62/src/main/java/org/owasp/benchmark/testcode/BenchmarkTest01294.java#L86,352
https://github.com/mariia10/sast-suit/blob/6adcad57d28feb229625f1f10c53f5e3625e1b62/src/main/java/org/owasp/benchmark/testcode/BenchmarkTest01295.java#L86,352
https://github.com/mariia10/sast-suit/blob/6adcad57d28feb229625f1f10c53f5e3625e1b62/src/main/java/org/owasp/benchmark/testcode/BenchmarkTest01296.java#L86,352
https://github.com/mariia10/sast-suit/blob/6adcad57d28feb229625f1f10c53f5e3625e1b62/src/main/java/org/owasp/benchmark/testcode/BenchmarkTest01297.java#L85,352
https://github.com/mariia10/sast-suit/blob/6adcad57d28feb229625f1f10c53f5e3625e1b62/src/main/java/org/owasp/benchmark/testcode/BenchmarkTest01298.java#L85,352
https://github.com/mariia10/sast-suit/blob/6adcad57d28feb229625f1f10c53f5e3625e1b62/src/main/java/org/owasp/benchmark/testcode/BenchmarkTest01354.java#L88,352
https://github.com/mariia10/sast-suit/blob/6adcad57d28feb229625f1f10c53f5e3625e1b62/src/main/java/org/owasp/benchmark/testcode/BenchmarkTest01355.java#L88,352
https://github.com/mariia10/sast-suit/blob/6adcad57d28feb229625f1f10c53f5e3625e1b62/src/main/java/org/owasp/benchmark/testcode/BenchmarkTest01356.java#L88,352
https://github.com/mariia10/sast-suit/blob/6adcad57d28feb229625f1f10c53f5e3625e1b62/src/main/java/org/owasp/benchmark/testcode/BenchmarkTest01357.java#L87,352
https://github.com/mariia10/sast-suit/blob/6adcad57d28feb229625f1f10c53f5e3625e1b62/src/main/java/org/owasp/benchmark/testcode/BenchmarkTest01358.java#L87,352
https://github.com/mariia10/sast-suit/blob/6adcad57d28feb229625f1f10c53f5e3625e1b62/src/main/java/org/owasp/benchmark/testcode/BenchmarkTest01359.java#L73,352
https://github.com/mariia10/sast-suit/blob/6adcad57d28feb229625f1f10c53f5e3625e1b62/src/main/java/org/owasp/benchmark/testcode/BenchmarkTest01366.java#L96,352
https://github.com/mariia10/sast-suit/blob/6adcad57d28feb229625f1f10c53f5e3625e1b62/src/main/java/org/owasp/benchmark/testcode/BenchmarkTest01367.java#L96,352
https://github.com/mariia10/sast-suit/blob/6adcad57d28feb229625f1f10c53f5e3625e1b62/src/main/java/org/owasp/benchmark/testcode/BenchmarkTest01368.java#L96,352
https://github.com/mariia10/sast-suit/blob/6adcad57d28feb229625f1f10c53f5e3625e1b62/src/main/java/org/owasp/benchmark/testcode/BenchmarkTest01369.java#L95,352
https://github.com/mariia10/sast-suit/blob/6adcad57d28feb229625f1f10c53f5e3625e1b62/src/main/java/org/owasp/benchmark/testcode/BenchmarkTest01370.java#L92,352
https://github.com/mariia10/sast-suit/blob/6adcad57d28feb229625f1f10c53f5e3625e1b62/src/main/java/org/owasp/benchmark/testcode/BenchmarkTest01371.java#L89,352
https://github.com/mariia10/sast-suit/blob/6adcad57d28feb229625f1f10c53f5e3625e1b62/src/main/java/org/owasp/benchmark/testcode/BenchmarkTest01372.java#L89,352
https://github.com/mariia10/sast-suit/blob/6adcad57d28feb229625f1f10c53f5e3625e1b62/src/main/java/org/owasp/benchmark/testcode/BenchmarkTest01373.java#L89,352
https://github.com/mariia10/sast-suit/blob/6adcad57d28feb229625f1f10c53f5e3625e1b62/src/main/java/org/owasp/benchmark/testcode/BenchmarkTest01431.java#L97,352
https://github.com/mariia10/sast-suit/blob/6adcad57d28feb229625f1f10c53f5e3625e1b62/src/main/java/org/owasp/benchmark/testcode/BenchmarkTest01432.java#L97,352
https://github.com/mariia10/sast-suit/blob/6adcad57d28feb229625f1f10c53f5e3625e1b62/src/main/java/org/owasp/benchmark/testcode/BenchmarkTest01433.java#L97,352
https://github.com/mariia10/sast-suit/blob/6adcad57d28feb229625f1f10c53f5e3625e1b62/src/main/java/org/owasp/benchmark/testcode/BenchmarkTest01434.java#L97,352
https://github.com/mariia10/sast-suit/blob/6adcad57d28feb229625f1f10c53f5e3625e1b62/src/main/java/org/owasp/benchmark/testcode/BenchmarkTest01435.java#L97,352
https://github.com/mariia10/sast-suit/blob/6adcad57d28feb229625f1f10c53f5e3625e1b62/src/main/java/org/owasp/benchmark/testcode/BenchmarkTest01436.java#L83,352
https://github.com/mariia10/sast-suit/blob/6adcad57d28feb229625f1f10c53f5e3625e1b62/src/main/java/org/owasp/benchmark/testcode/BenchmarkTest01447.java#L105,352
https://github.com/mariia10/sast-suit/blob/6adcad57d28feb229625f1f10c53f5e3625e1b62/src/main/java/org/owasp/benchmark/testcode/BenchmarkTest01448.java#L102,352
https://github.com/mariia10/sast-suit/blob/6adcad57d28feb229625f1f10c53f5e3625e1b62/src/main/java/org/owasp/benchmark/testcode/BenchmarkTest01449.java#L102,352
https://github.com/mariia10/sast-suit/blob/6adcad57d28feb229625f1f10c53f5e3625e1b62/src/main/java/org/owasp/benchmark/testcode/BenchmarkTest01450.java#L106,352
https://github.com/mariia10/sast-suit/blob/6adcad57d28feb229625f1f10c53f5e3625e1b62/src/main/java/org/owasp/benchmark/testcode/BenchmarkTest01451.java#L100,352
https://github.com/mariia10/sast-suit/blob/6adcad57d28feb229625f1f10c53f5e3625e1b62/src/main/java/org/owasp/benchmark/testcode/BenchmarkTest01452.java#L100,352
https://github.com/mariia10/sast-suit/blob/6adcad57d28feb229625f1f10c53f5e3625e1b62/src/main/java/org/owasp/benchmark/testcode/BenchmarkTest01453.java#L99,352
https://github.com/mariia10/sast-suit/blob/6adcad57d28feb229625f1f10c53f5e3625e1b62/src/main/java/org/owasp/benchmark/testcode/BenchmarkTest01502.java#L87,352
https://github.com/mariia10/sast-suit/blob/6adcad57d28feb229625f1f10c53f5e3625e1b62/src/main/java/org/owasp/benchmark/testcode/BenchmarkTest01518.java#L86,352
https://github.com/mariia10/sast-suit/blob/6adcad57d28feb229625f1f10c53f5e3625e1b62/src/main/java/org/owasp/benchmark/testcode/BenchmarkTest01519.java#L86,352
https://github.com/mariia10/sast-suit/blob/6adcad57d28feb229625f1f10c53f5e3625e1b62/src/main/java/org/owasp/benchmark/testcode/BenchmarkTest01520.java#L86,352
https://github.com/mariia10/sast-suit/blob/6adcad57d28feb229625f1f10c53f5e3625e1b62/src/main/java/org/owasp/benchmark/testcode/BenchmarkTest01521.java#L71,352
https://github.com/mariia10/sast-suit/blob/6adcad57d28feb229625f1f10c53f5e3625e1b62/src/main/java/org/owasp/benchmark/testcode/BenchmarkTest01522.java#L71,352
https://github.com/mariia10/sast-suit/blob/6adcad57d28feb229625f1f10c53f5e3625e1b62/src/main/java/org/owasp/benchmark/testcode/BenchmarkTest01523.java#L71,352
https://github.com/mariia10/sast-suit/blob/6adcad57d28feb229625f1f10c53f5e3625e1b62/src/main/java/org/owasp/benchmark/testcode/BenchmarkTest01524.java#L71,352
https://github.com/mariia10/sast-suit/blob/6adcad57d28feb229625f1f10c53f5e3625e1b62/src/main/java/org/owasp/benchmark/testcode/BenchmarkTest01534.java#L94,352
https://github.com/mariia10/sast-suit/blob/6adcad57d28feb229625f1f10c53f5e3625e1b62/src/main/java/org/owasp/benchmark/testcode/BenchmarkTest01535.java#L90,352
https://github.com/mariia10/sast-suit/blob/6adcad57d28feb229625f1f10c53f5e3625e1b62/src/main/java/org/owasp/benchmark/testcode/BenchmarkTest01536.java#L90,352
https://github.com/mariia10/sast-suit/blob/6adcad57d28feb229625f1f10c53f5e3625e1b62/src/main/java/org/owasp/benchmark/testcode/BenchmarkTest01537.java#L90,352
https://github.com/mariia10/sast-suit/blob/6adcad57d28feb229625f1f10c53f5e3625e1b62/src/main/java/org/owasp/benchmark/testcode/BenchmarkTest01538.java#L94,352
https://github.com/mariia10/sast-suit/blob/6adcad57d28feb229625f1f10c53f5e3625e1b62/src/main/java/org/owasp/benchmark/testcode/BenchmarkTest01539.java#L94,352
https://github.com/mariia10/sast-suit/blob/6adcad57d28feb229625f1f10c53f5e3625e1b62/src/main/java/org/owasp/benchmark/testcode/BenchmarkTest01540.java#L94,352
https://github.com/mariia10/sast-suit/blob/6adcad57d28feb229625f1f10c53f5e3625e1b62/src/main/java/org/owasp/benchmark/testcode/BenchmarkTest01541.java#L90,352
https://github.com/mariia10/sast-suit/blob/6adcad57d28feb229625f1f10c53f5e3625e1b62/src/main/java/org/owasp/benchmark/testcode/BenchmarkTest01542.java#L88,352
https://github.com/mariia10/sast-suit/blob/6adcad57d28feb229625f1f10c53f5e3625e1b62/src/main/java/org/owasp/benchmark/testcode/BenchmarkTest01543.java#L88,352
https://github.com/mariia10/sast-suit/blob/6adcad57d28feb229625f1f10c53f5e3625e1b62/src/main/java/org/owasp/benchmark/testcode/BenchmarkTest01544.java#L88,352
https://github.com/mariia10/sast-suit/blob/6adcad57d28feb229625f1f10c53f5e3625e1b62/src/main/java/org/owasp/benchmark/testcode/BenchmarkTest01545.java#L88,352
https://github.com/mariia10/sast-suit/blob/6adcad57d28feb229625f1f10c53f5e3625e1b62/src/main/java/org/owasp/benchmark/testcode/BenchmarkTest01575.java#L87,352
https://github.com/mariia10/sast-suit/blob/6adcad57d28feb229625f1f10c53f5e3625e1b62/src/main/java/org/owasp/benchmark/testcode/BenchmarkTest01602.java#L86,352
https://github.com/mariia10/sast-suit/blob/6adcad57d28feb229625f1f10c53f5e3625e1b62/src/main/java/org/owasp/benchmark/testcode/BenchmarkTest01603.java#L86,352
https://github.com/mariia10/sast-suit/blob/6adcad57d28feb229625f1f10c53f5e3625e1b62/src/main/java/org/owasp/benchmark/testcode/BenchmarkTest01604.java#L71,352
https://github.com/mariia10/sast-suit/blob/6adcad57d28feb229625f1f10c53f5e3625e1b62/src/main/java/org/owasp/benchmark/testcode/BenchmarkTest01605.java#L71,352
https://github.com/mariia10/sast-suit/blob/6adcad57d28feb229625f1f10c53f5e3625e1b62/src/main/java/org/owasp/benchmark/testcode/BenchmarkTest01611.java#L94,352
https://github.com/mariia10/sast-suit/blob/6adcad57d28feb229625f1f10c53f5e3625e1b62/src/main/java/org/owasp/benchmark/testcode/BenchmarkTest01612.java#L88,352
https://github.com/mariia10/sast-suit/blob/6adcad57d28feb229625f1f10c53f5e3625e1b62/src/main/java/org/owasp/benchmark/testcode/BenchmarkTest01613.java#L87,352
https://github.com/mariia10/sast-suit/blob/6adcad57d28feb229625f1f10c53f5e3625e1b62/src/main/java/org/owasp/benchmark/testcode/BenchmarkTest01614.java#L87,352
https://github.com/mariia10/sast-suit/blob/6adcad57d28feb229625f1f10c53f5e3625e1b62/src/main/java/org/owasp/benchmark/testcode/BenchmarkTest01648.java#L109,352
https://github.com/mariia10/sast-suit/blob/6adcad57d28feb229625f1f10c53f5e3625e1b62/src/main/java/org/owasp/benchmark/testcode/BenchmarkTest01675.java#L109,352
https://github.com/mariia10/sast-suit/blob/6adcad57d28feb229625f1f10c53f5e3625e1b62/src/main/java/org/owasp/benchmark/testcode/BenchmarkTest01676.java#L108,352
https://github.com/mariia10/sast-suit/blob/6adcad57d28feb229625f1f10c53f5e3625e1b62/src/main/java/org/owasp/benchmark/testcode/BenchmarkTest01677.java#L108,352
https://github.com/mariia10/sast-suit/blob/6adcad57d28feb229625f1f10c53f5e3625e1b62/src/main/java/org/owasp/benchmark/testcode/BenchmarkTest01678.java#L108,352
https://github.com/mariia10/sast-suit/blob/6adcad57d28feb229625f1f10c53f5e3625e1b62/src/main/java/org/owasp/benchmark/testcode/BenchmarkTest01679.java#L108,352
https://github.com/mariia10/sast-suit/blob/6adcad57d28feb229625f1f10c53f5e3625e1b62/src/main/java/org/owasp/benchmark/testcode/BenchmarkTest01680.java#L107,352
https://github.com/mariia10/sast-suit/blob/6adcad57d28feb229625f1f10c53f5e3625e1b62/src/main/java/org/owasp/benchmark/testcode/BenchmarkTest01681.java#L107,352
https://github.com/mariia10/sast-suit/blob/6adcad57d28feb229625f1f10c53f5e3625e1b62/src/main/java/org/owasp/benchmark/testcode/BenchmarkTest01682.java#L93,352
https://github.com/mariia10/sast-suit/blob/6adcad57d28feb229625f1f10c53f5e3625e1b62/src/main/java/org/owasp/benchmark/testcode/BenchmarkTest01683.java#L93,352
https://github.com/mariia10/sast-suit/blob/6adcad57d28feb229625f1f10c53f5e3625e1b62/src/main/java/org/owasp/benchmark/testcode/BenchmarkTest01684.java#L93,352
https://github.com/mariia10/sast-suit/blob/6adcad57d28feb229625f1f10c53f5e3625e1b62/src/main/java/org/owasp/benchmark/testcode/BenchmarkTest01694.java#L116,352
https://github.com/mariia10/sast-suit/blob/6adcad57d28feb229625f1f10c53f5e3625e1b62/src/main/java/org/owasp/benchmark/testcode/BenchmarkTest01695.java#L115,352
https://github.com/mariia10/sast-suit/blob/6adcad57d28feb229625f1f10c53f5e3625e1b62/src/main/java/org/owasp/benchmark/testcode/BenchmarkTest01696.java#L112,352
https://github.com/mariia10/sast-suit/blob/6adcad57d28feb229625f1f10c53f5e3625e1b62/src/main/java/org/owasp/benchmark/testcode/BenchmarkTest01697.java#L112,352
https://github.com/mariia10/sast-suit/blob/6adcad57d28feb229625f1f10c53f5e3625e1b62/src/main/java/org/owasp/benchmark/testcode/BenchmarkTest01698.java#L112,352
https://github.com/mariia10/sast-suit/blob/6adcad57d28feb229625f1f10c53f5e3625e1b62/src/main/java/org/owasp/benchmark/testcode/BenchmarkTest01699.java#L112,352
https://github.com/mariia10/sast-suit/blob/6adcad57d28feb229625f1f10c53f5e3625e1b62/src/main/java/org/owasp/benchmark/testcode/BenchmarkTest01700.java#L112,352
https://github.com/mariia10/sast-suit/blob/6adcad57d28feb229625f1f10c53f5e3625e1b62/src/main/java/org/owasp/benchmark/testcode/BenchmarkTest01701.java#L112,352
https://github.com/mariia10/sast-suit/blob/6adcad57d28feb229625f1f10c53f5e3625e1b62/src/main/java/org/owasp/benchmark/testcode/BenchmarkTest01702.java#L112,352
https://github.com/mariia10/sast-suit/blob/6adcad57d28feb229625f1f10c53f5e3625e1b62/src/main/java/org/owasp/benchmark/testcode/BenchmarkTest01703.java#L110,352
https://github.com/mariia10/sast-suit/blob/6adcad57d28feb229625f1f10c53f5e3625e1b62/src/main/java/org/owasp/benchmark/testcode/BenchmarkTest01704.java#L109,352
https://github.com/mariia10/sast-suit/blob/6adcad57d28feb229625f1f10c53f5e3625e1b62/src/main/java/org/owasp/benchmark/testcode/BenchmarkTest01705.java#L109,352
https://github.com/mariia10/sast-suit/blob/6adcad57d28feb229625f1f10c53f5e3625e1b62/src/main/java/org/owasp/benchmark/testcode/BenchmarkTest01706.java#L109,352
https://github.com/mariia10/sast-suit/blob/6adcad57d28feb229625f1f10c53f5e3625e1b62/src/main/java/org/owasp/benchmark/testcode/BenchmarkTest01707.java#L109,352
https://github.com/mariia10/sast-suit/blob/6adcad57d28feb229625f1f10c53f5e3625e1b62/src/main/java/org/owasp/benchmark/testcode/BenchmarkTest01781.java#L85,352
https://github.com/mariia10/sast-suit/blob/6adcad57d28feb229625f1f10c53f5e3625e1b62/src/main/java/org/owasp/benchmark/testcode/BenchmarkTest01782.java#L84,352
https://github.com/mariia10/sast-suit/blob/6adcad57d28feb229625f1f10c53f5e3625e1b62/src/main/java/org/owasp/benchmark/testcode/BenchmarkTest01783.java#L84,352
https://github.com/mariia10/sast-suit/blob/6adcad57d28feb229625f1f10c53f5e3625e1b62/src/main/java/org/owasp/benchmark/testcode/BenchmarkTest01784.java#L84,352
https://github.com/mariia10/sast-suit/blob/6adcad57d28feb229625f1f10c53f5e3625e1b62/src/main/java/org/owasp/benchmark/testcode/BenchmarkTest01785.java#L84,352
https://github.com/mariia10/sast-suit/blob/6adcad57d28feb229625f1f10c53f5e3625e1b62/src/main/java/org/owasp/benchmark/testcode/BenchmarkTest01786.java#L84,352
https://github.com/mariia10/sast-suit/blob/6adcad57d28feb229625f1f10c53f5e3625e1b62/src/main/java/org/owasp/benchmark/testcode/BenchmarkTest01787.java#L84,352
https://github.com/mariia10/sast-suit/blob/6adcad57d28feb229625f1f10c53f5e3625e1b62/src/main/java/org/owasp/benchmark/testcode/BenchmarkTest01788.java#L85,352
https://github.com/mariia10/sast-suit/blob/6adcad57d28feb229625f1f10c53f5e3625e1b62/src/main/java/org/owasp/benchmark/testcode/BenchmarkTest01789.java#L70,352
https://github.com/mariia10/sast-suit/blob/6adcad57d28feb229625f1f10c53f5e3625e1b62/src/main/java/org/owasp/benchmark/testcode/BenchmarkTest01797.java#L89,352
https://github.com/mariia10/sast-suit/blob/6adcad57d28feb229625f1f10c53f5e3625e1b62/src/main/java/org/owasp/benchmark/testcode/BenchmarkTest01798.java#L87,352
https://github.com/mariia10/sast-suit/blob/6adcad57d28feb229625f1f10c53f5e3625e1b62/src/main/java/org/owasp/benchmark/testcode/BenchmarkTest01799.java#L87,352
https://github.com/mariia10/sast-suit/blob/6adcad57d28feb229625f1f10c53f5e3625e1b62/src/main/java/org/owasp/benchmark/testcode/BenchmarkTest01800.java#L86,352
https://github.com/mariia10/sast-suit/blob/6adcad57d28feb229625f1f10c53f5e3625e1b62/src/main/java/org/owasp/benchmark/testcode/BenchmarkTest01801.java#L86,352
https://github.com/mariia10/sast-suit/blob/6adcad57d28feb229625f1f10c53f5e3625e1b62/src/main/java/org/owasp/benchmark/testcode/BenchmarkTest01822.java#L42,352
https://github.com/mariia10/sast-suit/blob/6adcad57d28feb229625f1f10c53f5e3625e1b62/src/main/java/org/owasp/benchmark/testcode/BenchmarkTest01823.java#L42,352
https://github.com/mariia10/sast-suit/blob/6adcad57d28feb229625f1f10c53f5e3625e1b62/src/main/java/org/owasp/benchmark/testcode/BenchmarkTest01824.java#L42,352
https://github.com/mariia10/sast-suit/blob/6adcad57d28feb229625f1f10c53f5e3625e1b62/src/main/java/org/owasp/benchmark/testcode/BenchmarkTest01825.java#L42,352
https://github.com/mariia10/sast-suit/blob/6adcad57d28feb229625f1f10c53f5e3625e1b62/src/main/java/org/owasp/benchmark/testcode/BenchmarkTest01826.java#L42,352
https://github.com/mariia10/sast-suit/blob/6adcad57d28feb229625f1f10c53f5e3625e1b62/src/main/java/org/owasp/benchmark/testcode/BenchmarkTest01827.java#L42,352
https://github.com/mariia10/sast-suit/blob/6adcad57d28feb229625f1f10c53f5e3625e1b62/src/main/java/org/owasp/benchmark/testcode/BenchmarkTest01828.java#L42,352
https://github.com/mariia10/sast-suit/blob/6adcad57d28feb229625f1f10c53f5e3625e1b62/src/main/java/org/owasp/benchmark/testcode/BenchmarkTest01829.java#L42,352
https://github.com/mariia10/sast-suit/blob/6adcad57d28feb229625f1f10c53f5e3625e1b62/src/main/java/org/owasp/benchmark/testcode/BenchmarkTest01830.java#L42,352
https://github.com/mariia10/sast-suit/blob/6adcad57d28feb229625f1f10c53f5e3625e1b62/src/main/java/org/owasp/benchmark/testcode/BenchmarkTest01831.java#L42,352
https://github.com/mariia10/sast-suit/blob/6adcad57d28feb229625f1f10c53f5e3625e1b62/src/main/java/org/owasp/benchmark/testcode/BenchmarkTest01832.java#L42,352
https://github.com/mariia10/sast-suit/blob/6adcad57d28feb229625f1f10c53f5e3625e1b62/src/main/java/org/owasp/benchmark/testcode/BenchmarkTest01833.java#L42,352
https://github.com/mariia10/sast-suit/blob/6adcad57d28feb229625f1f10c53f5e3625e1b62/src/main/java/org/owasp/benchmark/testcode/BenchmarkTest01834.java#L42,352
https://github.com/mariia10/sast-suit/blob/6adcad57d28feb229625f1f10c53f5e3625e1b62/src/main/java/org/owasp/benchmark/testcode/BenchmarkTest01835.java#L42,352
https://github.com/mariia10/sast-suit/blob/6adcad57d28feb229625f1f10c53f5e3625e1b62/src/main/java/org/owasp/benchmark/testcode/BenchmarkTest01836.java#L42,352
https://github.com/mariia10/sast-suit/blob/6adcad57d28feb229625f1f10c53f5e3625e1b62/src/main/java/org/owasp/benchmark/testcode/BenchmarkTest01837.java#L42,352
https://github.com/mariia10/sast-suit/blob/6adcad57d28feb229625f1f10c53f5e3625e1b62/src/main/java/org/owasp/benchmark/testcode/BenchmarkTest01838.java#L42,352
https://github.com/mariia10/sast-suit/blob/6adcad57d28feb229625f1f10c53f5e3625e1b62/src/main/java/org/owasp/benchmark/testcode/BenchmarkTest01839.java#L42,352
https://github.com/mariia10/sast-suit/blob/6adcad57d28feb229625f1f10c53f5e3625e1b62/src/main/java/org/owasp/benchmark/testcode/BenchmarkTest01840.java#L42,352
https://github.com/mariia10/sast-suit/blob/6adcad57d28feb229625f1f10c53f5e3625e1b62/src/main/java/org/owasp/benchmark/testcode/BenchmarkTest01841.java#L42,352
https://github.com/mariia10/sast-suit/blob/6adcad57d28feb229625f1f10c53f5e3625e1b62/src/main/java/org/owasp/benchmark/testcode/BenchmarkTest01842.java#L42,352
https://github.com/mariia10/sast-suit/blob/6adcad57d28feb229625f1f10c53f5e3625e1b62/src/main/java/org/owasp/benchmark/testcode/BenchmarkTest01842.java#L104,352
https://github.com/mariia10/sast-suit/blob/6adcad57d28feb229625f1f10c53f5e3625e1b62/src/main/java/org/owasp/benchmark/testcode/BenchmarkTest01843.java#L42,352
https://github.com/mariia10/sast-suit/blob/6adcad57d28feb229625f1f10c53f5e3625e1b62/src/main/java/org/owasp/benchmark/testcode/BenchmarkTest01843.java#L104,352
https://github.com/mariia10/sast-suit/blob/6adcad57d28feb229625f1f10c53f5e3625e1b62/src/main/java/org/owasp/benchmark/testcode/BenchmarkTest01844.java#L42,352
https://github.com/mariia10/sast-suit/blob/6adcad57d28feb229625f1f10c53f5e3625e1b62/src/main/java/org/owasp/benchmark/testcode/BenchmarkTest01845.java#L42,352
https://github.com/mariia10/sast-suit/blob/6adcad57d28feb229625f1f10c53f5e3625e1b62/src/main/java/org/owasp/benchmark/testcode/BenchmarkTest01846.java#L42,352
https://github.com/mariia10/sast-suit/blob/6adcad57d28feb229625f1f10c53f5e3625e1b62/src/main/java/org/owasp/benchmark/testcode/BenchmarkTest01847.java#L42,352
https://github.com/mariia10/sast-suit/blob/6adcad57d28feb229625f1f10c53f5e3625e1b62/src/main/java/org/owasp/benchmark/testcode/BenchmarkTest01848.java#L42,352
https://github.com/mariia10/sast-suit/blob/6adcad57d28feb229625f1f10c53f5e3625e1b62/src/main/java/org/owasp/benchmark/testcode/BenchmarkTest01849.java#L42,352
https://github.com/mariia10/sast-suit/blob/6adcad57d28feb229625f1f10c53f5e3625e1b62/src/main/java/org/owasp/benchmark/testcode/BenchmarkTest01850.java#L42,352
https://github.com/mariia10/sast-suit/blob/6adcad57d28feb229625f1f10c53f5e3625e1b62/src/main/java/org/owasp/benchmark/testcode/BenchmarkTest01851.java#L42,352
https://github.com/mariia10/sast-suit/blob/6adcad57d28feb229625f1f10c53f5e3625e1b62/src/main/java/org/owasp/benchmark/testcode/BenchmarkTest01852.java#L42,352
https://github.com/mariia10/sast-suit/blob/6adcad57d28feb229625f1f10c53f5e3625e1b62/src/main/java/org/owasp/benchmark/testcode/BenchmarkTest01853.java#L42,352
https://github.com/mariia10/sast-suit/blob/6adcad57d28feb229625f1f10c53f5e3625e1b62/src/main/java/org/owasp/benchmark/testcode/BenchmarkTest01853.java#L104,352
https://github.com/mariia10/sast-suit/blob/6adcad57d28feb229625f1f10c53f5e3625e1b62/src/main/java/org/owasp/benchmark/testcode/BenchmarkTest01854.java#L42,352
https://github.com/mariia10/sast-suit/blob/6adcad57d28feb229625f1f10c53f5e3625e1b62/src/main/java/org/owasp/benchmark/testcode/BenchmarkTest01854.java#L103,352
https://github.com/mariia10/sast-suit/blob/6adcad57d28feb229625f1f10c53f5e3625e1b62/src/main/java/org/owasp/benchmark/testcode/BenchmarkTest01855.java#L42,352
https://github.com/mariia10/sast-suit/blob/6adcad57d28feb229625f1f10c53f5e3625e1b62/src/main/java/org/owasp/benchmark/testcode/BenchmarkTest01855.java#L103,352
https://github.com/mariia10/sast-suit/blob/6adcad57d28feb229625f1f10c53f5e3625e1b62/src/main/java/org/owasp/benchmark/testcode/BenchmarkTest01856.java#L42,352
https://github.com/mariia10/sast-suit/blob/6adcad57d28feb229625f1f10c53f5e3625e1b62/src/main/java/org/owasp/benchmark/testcode/BenchmarkTest01856.java#L103,352
https://github.com/mariia10/sast-suit/blob/6adcad57d28feb229625f1f10c53f5e3625e1b62/src/main/java/org/owasp/benchmark/testcode/BenchmarkTest01857.java#L42,352
https://github.com/mariia10/sast-suit/blob/6adcad57d28feb229625f1f10c53f5e3625e1b62/src/main/java/org/owasp/benchmark/testcode/BenchmarkTest01857.java#L103,352
https://github.com/mariia10/sast-suit/blob/6adcad57d28feb229625f1f10c53f5e3625e1b62/src/main/java/org/owasp/benchmark/testcode/BenchmarkTest01858.java#L42,352
https://github.com/mariia10/sast-suit/blob/6adcad57d28feb229625f1f10c53f5e3625e1b62/src/main/java/org/owasp/benchmark/testcode/BenchmarkTest01858.java#L103,352
https://github.com/mariia10/sast-suit/blob/6adcad57d28feb229625f1f10c53f5e3625e1b62/src/main/java/org/owasp/benchmark/testcode/BenchmarkTest01859.java#L42,352
https://github.com/mariia10/sast-suit/blob/6adcad57d28feb229625f1f10c53f5e3625e1b62/src/main/java/org/owasp/benchmark/testcode/BenchmarkTest01859.java#L103,352
https://github.com/mariia10/sast-suit/blob/6adcad57d28feb229625f1f10c53f5e3625e1b62/src/main/java/org/owasp/benchmark/testcode/BenchmarkTest01860.java#L42,352
https://github.com/mariia10/sast-suit/blob/6adcad57d28feb229625f1f10c53f5e3625e1b62/src/main/java/org/owasp/benchmark/testcode/BenchmarkTest01860.java#L103,352
https://github.com/mariia10/sast-suit/blob/6adcad57d28feb229625f1f10c53f5e3625e1b62/src/main/java/org/owasp/benchmark/testcode/BenchmarkTest01861.java#L42,352
https://github.com/mariia10/sast-suit/blob/6adcad57d28feb229625f1f10c53f5e3625e1b62/src/main/java/org/owasp/benchmark/testcode/BenchmarkTest01861.java#L88,352
https://github.com/mariia10/sast-suit/blob/6adcad57d28feb229625f1f10c53f5e3625e1b62/src/main/java/org/owasp/benchmark/testcode/BenchmarkTest01862.java#L42,352
https://github.com/mariia10/sast-suit/blob/6adcad57d28feb229625f1f10c53f5e3625e1b62/src/main/java/org/owasp/benchmark/testcode/BenchmarkTest01862.java#L88,352
https://github.com/mariia10/sast-suit/blob/6adcad57d28feb229625f1f10c53f5e3625e1b62/src/main/java/org/owasp/benchmark/testcode/BenchmarkTest01863.java#L42,352
https://github.com/mariia10/sast-suit/blob/6adcad57d28feb229625f1f10c53f5e3625e1b62/src/main/java/org/owasp/benchmark/testcode/BenchmarkTest01863.java#L88,352
https://github.com/mariia10/sast-suit/blob/6adcad57d28feb229625f1f10c53f5e3625e1b62/src/main/java/org/owasp/benchmark/testcode/BenchmarkTest01864.java#L42,352
https://github.com/mariia10/sast-suit/blob/6adcad57d28feb229625f1f10c53f5e3625e1b62/src/main/java/org/owasp/benchmark/testcode/BenchmarkTest01865.java#L42,352
https://github.com/mariia10/sast-suit/blob/6adcad57d28feb229625f1f10c53f5e3625e1b62/src/main/java/org/owasp/benchmark/testcode/BenchmarkTest01866.java#L42,352
https://github.com/mariia10/sast-suit/blob/6adcad57d28feb229625f1f10c53f5e3625e1b62/src/main/java/org/owasp/benchmark/testcode/BenchmarkTest01866.java#L107,352
https://github.com/mariia10/sast-suit/blob/6adcad57d28feb229625f1f10c53f5e3625e1b62/src/main/java/org/owasp/benchmark/testcode/BenchmarkTest01867.java#L42,352
https://github.com/mariia10/sast-suit/blob/6adcad57d28feb229625f1f10c53f5e3625e1b62/src/main/java/org/owasp/benchmark/testcode/BenchmarkTest01867.java#L107,352
https://github.com/mariia10/sast-suit/blob/6adcad57d28feb229625f1f10c53f5e3625e1b62/src/main/java/org/owasp/benchmark/testcode/BenchmarkTest01868.java#L42,352
https://github.com/mariia10/sast-suit/blob/6adcad57d28feb229625f1f10c53f5e3625e1b62/src/main/java/org/owasp/benchmark/testcode/BenchmarkTest01868.java#L111,352
https://github.com/mariia10/sast-suit/blob/6adcad57d28feb229625f1f10c53f5e3625e1b62/src/main/java/org/owasp/benchmark/testcode/BenchmarkTest01869.java#L42,352
https://github.com/mariia10/sast-suit/blob/6adcad57d28feb229625f1f10c53f5e3625e1b62/src/main/java/org/owasp/benchmark/testcode/BenchmarkTest01869.java#L111,352
https://github.com/mariia10/sast-suit/blob/6adcad57d28feb229625f1f10c53f5e3625e1b62/src/main/java/org/owasp/benchmark/testcode/BenchmarkTest01870.java#L42,352
https://github.com/mariia10/sast-suit/blob/6adcad57d28feb229625f1f10c53f5e3625e1b62/src/main/java/org/owasp/benchmark/testcode/BenchmarkTest01870.java#L104,352
https://github.com/mariia10/sast-suit/blob/6adcad57d28feb229625f1f10c53f5e3625e1b62/src/main/java/org/owasp/benchmark/testcode/BenchmarkTest01871.java#L42,352
https://github.com/mariia10/sast-suit/blob/6adcad57d28feb229625f1f10c53f5e3625e1b62/src/main/java/org/owasp/benchmark/testcode/BenchmarkTest01871.java#L104,352
https://github.com/mariia10/sast-suit/blob/6adcad57d28feb229625f1f10c53f5e3625e1b62/src/main/java/org/owasp/benchmark/testcode/BenchmarkTest01872.java#L42,352
https://github.com/mariia10/sast-suit/blob/6adcad57d28feb229625f1f10c53f5e3625e1b62/src/main/java/org/owasp/benchmark/testcode/BenchmarkTest01873.java#L42,352
https://github.com/mariia10/sast-suit/blob/6adcad57d28feb229625f1f10c53f5e3625e1b62/src/main/java/org/owasp/benchmark/testcode/BenchmarkTest01874.java#L42,352
https://github.com/mariia10/sast-suit/blob/6adcad57d28feb229625f1f10c53f5e3625e1b62/src/main/java/org/owasp/benchmark/testcode/BenchmarkTest01875.java#L42,352
https://github.com/mariia10/sast-suit/blob/6adcad57d28feb229625f1f10c53f5e3625e1b62/src/main/java/org/owasp/benchmark/testcode/BenchmarkTest01876.java#L42,352
https://github.com/mariia10/sast-suit/blob/6adcad57d28feb229625f1f10c53f5e3625e1b62/src/main/java/org/owasp/benchmark/testcode/BenchmarkTest01877.java#L43,352
https://github.com/mariia10/sast-suit/blob/6adcad57d28feb229625f1f10c53f5e3625e1b62/src/main/java/org/owasp/benchmark/testcode/BenchmarkTest01878.java#L42,352
https://github.com/mariia10/sast-suit/blob/6adcad57d28feb229625f1f10c53f5e3625e1b62/src/main/java/org/owasp/benchmark/testcode/BenchmarkTest01879.java#L42,352
https://github.com/mariia10/sast-suit/blob/6adcad57d28feb229625f1f10c53f5e3625e1b62/src/main/java/org/owasp/benchmark/testcode/BenchmarkTest01880.java#L42,352
https://github.com/mariia10/sast-suit/blob/6adcad57d28feb229625f1f10c53f5e3625e1b62/src/main/java/org/owasp/benchmark/testcode/BenchmarkTest01881.java#L42,352
https://github.com/mariia10/sast-suit/blob/6adcad57d28feb229625f1f10c53f5e3625e1b62/src/main/java/org/owasp/benchmark/testcode/BenchmarkTest01882.java#L42,352
https://github.com/mariia10/sast-suit/blob/6adcad57d28feb229625f1f10c53f5e3625e1b62/src/main/java/org/owasp/benchmark/testcode/BenchmarkTest01883.java#L42,352
https://github.com/mariia10/sast-suit/blob/6adcad57d28feb229625f1f10c53f5e3625e1b62/src/main/java/org/owasp/benchmark/testcode/BenchmarkTest01884.java#L42,352
https://github.com/mariia10/sast-suit/blob/6adcad57d28feb229625f1f10c53f5e3625e1b62/src/main/java/org/owasp/benchmark/testcode/BenchmarkTest01885.java#L42,352
https://github.com/mariia10/sast-suit/blob/6adcad57d28feb229625f1f10c53f5e3625e1b62/src/main/java/org/owasp/benchmark/testcode/BenchmarkTest01886.java#L42,352
https://github.com/mariia10/sast-suit/blob/6adcad57d28feb229625f1f10c53f5e3625e1b62/src/main/java/org/owasp/benchmark/testcode/BenchmarkTest01887.java#L42,352
https://github.com/mariia10/sast-suit/blob/6adcad57d28feb229625f1f10c53f5e3625e1b62/src/main/java/org/owasp/benchmark/testcode/BenchmarkTest01888.java#L42,352
https://github.com/mariia10/sast-suit/blob/6adcad57d28feb229625f1f10c53f5e3625e1b62/src/main/java/org/owasp/benchmark/testcode/BenchmarkTest01889.java#L42,352
https://github.com/mariia10/sast-suit/blob/6adcad57d28feb229625f1f10c53f5e3625e1b62/src/main/java/org/owasp/benchmark/testcode/BenchmarkTest01890.java#L42,352
https://github.com/mariia10/sast-suit/blob/6adcad57d28feb229625f1f10c53f5e3625e1b62/src/main/java/org/owasp/benchmark/testcode/BenchmarkTest01891.java#L42,352
https://github.com/mariia10/sast-suit/blob/6adcad57d28feb229625f1f10c53f5e3625e1b62/src/main/java/org/owasp/benchmark/testcode/BenchmarkTest01892.java#L42,352
https://github.com/mariia10/sast-suit/blob/6adcad57d28feb229625f1f10c53f5e3625e1b62/src/main/java/org/owasp/benchmark/testcode/BenchmarkTest01893.java#L42,352
https://github.com/mariia10/sast-suit/blob/6adcad57d28feb229625f1f10c53f5e3625e1b62/src/main/java/org/owasp/benchmark/testcode/BenchmarkTest01894.java#L42,352
https://github.com/mariia10/sast-suit/blob/6adcad57d28feb229625f1f10c53f5e3625e1b62/src/main/java/org/owasp/benchmark/testcode/BenchmarkTest01910.java#L90,352
https://github.com/mariia10/sast-suit/blob/6adcad57d28feb229625f1f10c53f5e3625e1b62/src/main/java/org/owasp/benchmark/testcode/BenchmarkTest01930.java#L89,352
https://github.com/mariia10/sast-suit/blob/6adcad57d28feb229625f1f10c53f5e3625e1b62/src/main/java/org/owasp/benchmark/testcode/BenchmarkTest01931.java#L89,352
https://github.com/mariia10/sast-suit/blob/6adcad57d28feb229625f1f10c53f5e3625e1b62/src/main/java/org/owasp/benchmark/testcode/BenchmarkTest01932.java#L88,352
https://github.com/mariia10/sast-suit/blob/6adcad57d28feb229625f1f10c53f5e3625e1b62/src/main/java/org/owasp/benchmark/testcode/BenchmarkTest01933.java#L89,352
https://github.com/mariia10/sast-suit/blob/6adcad57d28feb229625f1f10c53f5e3625e1b62/src/main/java/org/owasp/benchmark/testcode/BenchmarkTest01934.java#L89,352
https://github.com/mariia10/sast-suit/blob/6adcad57d28feb229625f1f10c53f5e3625e1b62/src/main/java/org/owasp/benchmark/testcode/BenchmarkTest01935.java#L74,352
https://github.com/mariia10/sast-suit/blob/6adcad57d28feb229625f1f10c53f5e3625e1b62/src/main/java/org/owasp/benchmark/testcode/BenchmarkTest01945.java#L97,352
https://github.com/mariia10/sast-suit/blob/6adcad57d28feb229625f1f10c53f5e3625e1b62/src/main/java/org/owasp/benchmark/testcode/BenchmarkTest01946.java#L97,352
https://github.com/mariia10/sast-suit/blob/6adcad57d28feb229625f1f10c53f5e3625e1b62/src/main/java/org/owasp/benchmark/testcode/BenchmarkTest01947.java#L97,352
https://github.com/mariia10/sast-suit/blob/6adcad57d28feb229625f1f10c53f5e3625e1b62/src/main/java/org/owasp/benchmark/testcode/BenchmarkTest01948.java#L97,352
https://github.com/mariia10/sast-suit/blob/6adcad57d28feb229625f1f10c53f5e3625e1b62/src/main/java/org/owasp/benchmark/testcode/BenchmarkTest01949.java#L93,352
https://github.com/mariia10/sast-suit/blob/6adcad57d28feb229625f1f10c53f5e3625e1b62/src/main/java/org/owasp/benchmark/testcode/BenchmarkTest01950.java#L91,352
https://github.com/mariia10/sast-suit/blob/6adcad57d28feb229625f1f10c53f5e3625e1b62/src/main/java/org/owasp/benchmark/testcode/BenchmarkTest01951.java#L91,352
https://github.com/mariia10/sast-suit/blob/6adcad57d28feb229625f1f10c53f5e3625e1b62/src/main/java/org/owasp/benchmark/testcode/BenchmarkTest01952.java#L91,352
https://github.com/mariia10/sast-suit/blob/6adcad57d28feb229625f1f10c53f5e3625e1b62/src/main/java/org/owasp/benchmark/testcode/BenchmarkTest01953.java#L90,352
https://github.com/mariia10/sast-suit/blob/6adcad57d28feb229625f1f10c53f5e3625e1b62/src/main/java/org/owasp/benchmark/testcode/BenchmarkTest01954.java#L90,352
https://github.com/mariia10/sast-suit/blob/6adcad57d28feb229625f1f10c53f5e3625e1b62/src/main/java/org/owasp/benchmark/testcode/BenchmarkTest01992.java#L100,352
https://github.com/mariia10/sast-suit/blob/6adcad57d28feb229625f1f10c53f5e3625e1b62/src/main/java/org/owasp/benchmark/testcode/BenchmarkTest01999.java#L100,352
https://github.com/mariia10/sast-suit/blob/6adcad57d28feb229625f1f10c53f5e3625e1b62/src/main/java/org/owasp/benchmark/testcode/BenchmarkTest02000.java#L100,352
https://github.com/mariia10/sast-suit/blob/6adcad57d28feb229625f1f10c53f5e3625e1b62/src/main/java/org/owasp/benchmark/testcode/BenchmarkTest02001.java#L99,352
https://github.com/mariia10/sast-suit/blob/6adcad57d28feb229625f1f10c53f5e3625e1b62/src/main/java/org/owasp/benchmark/testcode/BenchmarkTest02002.java#L98,352
https://github.com/mariia10/sast-suit/blob/6adcad57d28feb229625f1f10c53f5e3625e1b62/src/main/java/org/owasp/benchmark/testcode/BenchmarkTest02003.java#L98,352
https://github.com/mariia10/sast-suit/blob/6adcad57d28feb229625f1f10c53f5e3625e1b62/src/main/java/org/owasp/benchmark/testcode/BenchmarkTest02004.java#L99,352
https://github.com/mariia10/sast-suit/blob/6adcad57d28feb229625f1f10c53f5e3625e1b62/src/main/java/org/owasp/benchmark/testcode/BenchmarkTest02005.java#L84,352
https://github.com/mariia10/sast-suit/blob/6adcad57d28feb229625f1f10c53f5e3625e1b62/src/main/java/org/owasp/benchmark/testcode/BenchmarkTest02006.java#L84,352
https://github.com/mariia10/sast-suit/blob/6adcad57d28feb229625f1f10c53f5e3625e1b62/src/main/java/org/owasp/benchmark/testcode/BenchmarkTest02007.java#L107,352
https://github.com/mariia10/sast-suit/blob/6adcad57d28feb229625f1f10c53f5e3625e1b62/src/main/java/org/owasp/benchmark/testcode/BenchmarkTest02008.java#L106,352
https://github.com/mariia10/sast-suit/blob/6adcad57d28feb229625f1f10c53f5e3625e1b62/src/main/java/org/owasp/benchmark/testcode/BenchmarkTest02009.java#L106,352
https://github.com/mariia10/sast-suit/blob/6adcad57d28feb229625f1f10c53f5e3625e1b62/src/main/java/org/owasp/benchmark/testcode/BenchmarkTest02010.java#L103,352
https://github.com/mariia10/sast-suit/blob/6adcad57d28feb229625f1f10c53f5e3625e1b62/src/main/java/org/owasp/benchmark/testcode/BenchmarkTest02011.java#L103,352
https://github.com/mariia10/sast-suit/blob/6adcad57d28feb229625f1f10c53f5e3625e1b62/src/main/java/org/owasp/benchmark/testcode/BenchmarkTest02012.java#L107,352
https://github.com/mariia10/sast-suit/blob/6adcad57d28feb229625f1f10c53f5e3625e1b62/src/main/java/org/owasp/benchmark/testcode/BenchmarkTest02013.java#L103,352
https://github.com/mariia10/sast-suit/blob/6adcad57d28feb229625f1f10c53f5e3625e1b62/src/main/java/org/owasp/benchmark/testcode/BenchmarkTest02014.java#L100,352
https://github.com/mariia10/sast-suit/blob/6adcad57d28feb229625f1f10c53f5e3625e1b62/src/main/java/org/owasp/benchmark/testcode/BenchmarkTest02038.java#L92,352
https://github.com/mariia10/sast-suit/blob/6adcad57d28feb229625f1f10c53f5e3625e1b62/src/main/java/org/owasp/benchmark/testcode/BenchmarkTest02039.java#L92,352
https://github.com/mariia10/sast-suit/blob/6adcad57d28feb229625f1f10c53f5e3625e1b62/src/main/java/org/owasp/benchmark/testcode/BenchmarkTest02040.java#L92,352
https://github.com/mariia10/sast-suit/blob/6adcad57d28feb229625f1f10c53f5e3625e1b62/src/main/java/org/owasp/benchmark/testcode/BenchmarkTest02060.java#L91,352
https://github.com/mariia10/sast-suit/blob/6adcad57d28feb229625f1f10c53f5e3625e1b62/src/main/java/org/owasp/benchmark/testcode/BenchmarkTest02061.java#L90,352
https://github.com/mariia10/sast-suit/blob/6adcad57d28feb229625f1f10c53f5e3625e1b62/src/main/java/org/owasp/benchmark/testcode/BenchmarkTest02062.java#L90,352
https://github.com/mariia10/sast-suit/blob/6adcad57d28feb229625f1f10c53f5e3625e1b62/src/main/java/org/owasp/benchmark/testcode/BenchmarkTest02063.java#L91,352
https://github.com/mariia10/sast-suit/blob/6adcad57d28feb229625f1f10c53f5e3625e1b62/src/main/java/org/owasp/benchmark/testcode/BenchmarkTest02064.java#L76,352
https://github.com/mariia10/sast-suit/blob/6adcad57d28feb229625f1f10c53f5e3625e1b62/src/main/java/org/owasp/benchmark/testcode/BenchmarkTest02065.java#L76,352
https://github.com/mariia10/sast-suit/blob/6adcad57d28feb229625f1f10c53f5e3625e1b62/src/main/java/org/owasp/benchmark/testcode/BenchmarkTest02066.java#L76,352
https://github.com/mariia10/sast-suit/blob/6adcad57d28feb229625f1f10c53f5e3625e1b62/src/main/java/org/owasp/benchmark/testcode/BenchmarkTest02071.java#L99,352
https://github.com/mariia10/sast-suit/blob/6adcad57d28feb229625f1f10c53f5e3625e1b62/src/main/java/org/owasp/benchmark/testcode/BenchmarkTest02072.java#L99,352
https://github.com/mariia10/sast-suit/blob/6adcad57d28feb229625f1f10c53f5e3625e1b62/src/main/java/org/owasp/benchmark/testcode/BenchmarkTest02073.java#L98,352
https://github.com/mariia10/sast-suit/blob/6adcad57d28feb229625f1f10c53f5e3625e1b62/src/main/java/org/owasp/benchmark/testcode/BenchmarkTest02074.java#L95,352
https://github.com/mariia10/sast-suit/blob/6adcad57d28feb229625f1f10c53f5e3625e1b62/src/main/java/org/owasp/benchmark/testcode/BenchmarkTest02075.java#L95,352
https://github.com/mariia10/sast-suit/blob/6adcad57d28feb229625f1f10c53f5e3625e1b62/src/main/java/org/owasp/benchmark/testcode/BenchmarkTest02076.java#L95,352
https://github.com/mariia10/sast-suit/blob/6adcad57d28feb229625f1f10c53f5e3625e1b62/src/main/java/org/owasp/benchmark/testcode/BenchmarkTest02077.java#L99,352
https://github.com/mariia10/sast-suit/blob/6adcad57d28feb229625f1f10c53f5e3625e1b62/src/main/java/org/owasp/benchmark/testcode/BenchmarkTest02078.java#L95,352
https://github.com/mariia10/sast-suit/blob/6adcad57d28feb229625f1f10c53f5e3625e1b62/src/main/java/org/owasp/benchmark/testcode/BenchmarkTest02079.java#L93,352
https://github.com/mariia10/sast-suit/blob/6adcad57d28feb229625f1f10c53f5e3625e1b62/src/main/java/org/owasp/benchmark/testcode/BenchmarkTest02080.java#L93,352
https://github.com/mariia10/sast-suit/blob/6adcad57d28feb229625f1f10c53f5e3625e1b62/src/main/java/org/owasp/benchmark/testcode/BenchmarkTest02081.java#L92,352
https://github.com/mariia10/sast-suit/blob/6adcad57d28feb229625f1f10c53f5e3625e1b62/src/main/java/org/owasp/benchmark/testcode/BenchmarkTest02082.java#L92,352
https://github.com/mariia10/sast-suit/blob/6adcad57d28feb229625f1f10c53f5e3625e1b62/src/main/java/org/owasp/benchmark/testcode/BenchmarkTest02083.java#L92,352
https://github.com/mariia10/sast-suit/blob/6adcad57d28feb229625f1f10c53f5e3625e1b62/src/main/java/org/owasp/benchmark/testcode/BenchmarkTest02117.java#L85,352
https://github.com/mariia10/sast-suit/blob/6adcad57d28feb229625f1f10c53f5e3625e1b62/src/main/java/org/owasp/benchmark/testcode/BenchmarkTest02138.java#L85,352
https://github.com/mariia10/sast-suit/blob/6adcad57d28feb229625f1f10c53f5e3625e1b62/src/main/java/org/owasp/benchmark/testcode/BenchmarkTest02139.java#L84,352
https://github.com/mariia10/sast-suit/blob/6adcad57d28feb229625f1f10c53f5e3625e1b62/src/main/java/org/owasp/benchmark/testcode/BenchmarkTest02140.java#L83,352
https://github.com/mariia10/sast-suit/blob/6adcad57d28feb229625f1f10c53f5e3625e1b62/src/main/java/org/owasp/benchmark/testcode/BenchmarkTest02141.java#L84,352
https://github.com/mariia10/sast-suit/blob/6adcad57d28feb229625f1f10c53f5e3625e1b62/src/main/java/org/owasp/benchmark/testcode/BenchmarkTest02142.java#L69,352
https://github.com/mariia10/sast-suit/blob/6adcad57d28feb229625f1f10c53f5e3625e1b62/src/main/java/org/owasp/benchmark/testcode/BenchmarkTest02143.java#L69,352
https://github.com/mariia10/sast-suit/blob/6adcad57d28feb229625f1f10c53f5e3625e1b62/src/main/java/org/owasp/benchmark/testcode/BenchmarkTest02144.java#L69,352
https://github.com/mariia10/sast-suit/blob/6adcad57d28feb229625f1f10c53f5e3625e1b62/src/main/java/org/owasp/benchmark/testcode/BenchmarkTest02157.java#L91,352
https://github.com/mariia10/sast-suit/blob/6adcad57d28feb229625f1f10c53f5e3625e1b62/src/main/java/org/owasp/benchmark/testcode/BenchmarkTest02158.java#L88,352
https://github.com/mariia10/sast-suit/blob/6adcad57d28feb229625f1f10c53f5e3625e1b62/src/main/java/org/owasp/benchmark/testcode/BenchmarkTest02159.java#L88,352
https://github.com/mariia10/sast-suit/blob/6adcad57d28feb229625f1f10c53f5e3625e1b62/src/main/java/org/owasp/benchmark/testcode/BenchmarkTest02160.java#L88,352
https://github.com/mariia10/sast-suit/blob/6adcad57d28feb229625f1f10c53f5e3625e1b62/src/main/java/org/owasp/benchmark/testcode/BenchmarkTest02161.java#L85,352
https://github.com/mariia10/sast-suit/blob/6adcad57d28feb229625f1f10c53f5e3625e1b62/src/main/java/org/owasp/benchmark/testcode/BenchmarkTest02162.java#L85,352
https://github.com/mariia10/sast-suit/blob/6adcad57d28feb229625f1f10c53f5e3625e1b62/src/main/java/org/owasp/benchmark/testcode/BenchmarkTest02163.java#L85,352
https://github.com/mariia10/sast-suit/blob/6adcad57d28feb229625f1f10c53f5e3625e1b62/src/main/java/org/owasp/benchmark/testcode/BenchmarkTest02164.java#L85,352
https://github.com/mariia10/sast-suit/blob/6adcad57d28feb229625f1f10c53f5e3625e1b62/src/main/java/org/owasp/benchmark/testcode/BenchmarkTest02209.java#L89,352
https://github.com/mariia10/sast-suit/blob/6adcad57d28feb229625f1f10c53f5e3625e1b62/src/main/java/org/owasp/benchmark/testcode/BenchmarkTest02245.java#L87,352
https://github.com/mariia10/sast-suit/blob/6adcad57d28feb229625f1f10c53f5e3625e1b62/src/main/java/org/owasp/benchmark/testcode/BenchmarkTest02246.java#L87,352
https://github.com/mariia10/sast-suit/blob/6adcad57d28feb229625f1f10c53f5e3625e1b62/src/main/java/org/owasp/benchmark/testcode/BenchmarkTest02247.java#L73,352
https://github.com/mariia10/sast-suit/blob/6adcad57d28feb229625f1f10c53f5e3625e1b62/src/main/java/org/owasp/benchmark/testcode/BenchmarkTest02248.java#L73,352
https://github.com/mariia10/sast-suit/blob/6adcad57d28feb229625f1f10c53f5e3625e1b62/src/main/java/org/owasp/benchmark/testcode/BenchmarkTest02254.java#L95,352
https://github.com/mariia10/sast-suit/blob/6adcad57d28feb229625f1f10c53f5e3625e1b62/src/main/java/org/owasp/benchmark/testcode/BenchmarkTest02255.java#L92,352
https://github.com/mariia10/sast-suit/blob/6adcad57d28feb229625f1f10c53f5e3625e1b62/src/main/java/org/owasp/benchmark/testcode/BenchmarkTest02256.java#L92,352
https://github.com/mariia10/sast-suit/blob/6adcad57d28feb229625f1f10c53f5e3625e1b62/src/main/java/org/owasp/benchmark/testcode/BenchmarkTest02257.java#L92,352
https://github.com/mariia10/sast-suit/blob/6adcad57d28feb229625f1f10c53f5e3625e1b62/src/main/java/org/owasp/benchmark/testcode/BenchmarkTest02258.java#L92,352
https://github.com/mariia10/sast-suit/blob/6adcad57d28feb229625f1f10c53f5e3625e1b62/src/main/java/org/owasp/benchmark/testcode/BenchmarkTest02259.java#L92,352
https://github.com/mariia10/sast-suit/blob/6adcad57d28feb229625f1f10c53f5e3625e1b62/src/main/java/org/owasp/benchmark/testcode/BenchmarkTest02260.java#L89,352
https://github.com/mariia10/sast-suit/blob/6adcad57d28feb229625f1f10c53f5e3625e1b62/src/main/java/org/owasp/benchmark/testcode/BenchmarkTest02337.java#L98,352
https://github.com/mariia10/sast-suit/blob/6adcad57d28feb229625f1f10c53f5e3625e1b62/src/main/java/org/owasp/benchmark/testcode/BenchmarkTest02338.java#L98,352
https://github.com/mariia10/sast-suit/blob/6adcad57d28feb229625f1f10c53f5e3625e1b62/src/main/java/org/owasp/benchmark/testcode/BenchmarkTest02339.java#L83,352
https://github.com/mariia10/sast-suit/blob/6adcad57d28feb229625f1f10c53f5e3625e1b62/src/main/java/org/owasp/benchmark/testcode/BenchmarkTest02345.java#L105,352
https://github.com/mariia10/sast-suit/blob/6adcad57d28feb229625f1f10c53f5e3625e1b62/src/main/java/org/owasp/benchmark/testcode/BenchmarkTest02346.java#L105,352
https://github.com/mariia10/sast-suit/blob/6adcad57d28feb229625f1f10c53f5e3625e1b62/src/main/java/org/owasp/benchmark/testcode/BenchmarkTest02347.java#L102,352
https://github.com/mariia10/sast-suit/blob/6adcad57d28feb229625f1f10c53f5e3625e1b62/src/main/java/org/owasp/benchmark/testcode/BenchmarkTest02348.java#L99,352
https://github.com/mariia10/sast-suit/blob/6adcad57d28feb229625f1f10c53f5e3625e1b62/src/main/java/org/owasp/benchmark/testcode/BenchmarkTest02349.java#L99,352
https://github.com/mariia10/sast-suit/blob/6adcad57d28feb229625f1f10c53f5e3625e1b62/src/main/java/org/owasp/benchmark/testcode/BenchmarkTest02350.java#L99,352
https://github.com/mariia10/sast-suit/blob/6adcad57d28feb229625f1f10c53f5e3625e1b62/src/main/java/org/owasp/benchmark/testcode/BenchmarkTest02351.java#L99,352
https://github.com/mariia10/sast-suit/blob/6adcad57d28feb229625f1f10c53f5e3625e1b62/src/main/java/org/owasp/benchmark/testcode/BenchmarkTest02415.java#L87,352
https://github.com/mariia10/sast-suit/blob/6adcad57d28feb229625f1f10c53f5e3625e1b62/src/main/java/org/owasp/benchmark/testcode/BenchmarkTest02416.java#L86,352
https://github.com/mariia10/sast-suit/blob/6adcad57d28feb229625f1f10c53f5e3625e1b62/src/main/java/org/owasp/benchmark/testcode/BenchmarkTest02417.java#L86,352
https://github.com/mariia10/sast-suit/blob/6adcad57d28feb229625f1f10c53f5e3625e1b62/src/main/java/org/owasp/benchmark/testcode/BenchmarkTest02418.java#L86,352
https://github.com/mariia10/sast-suit/blob/6adcad57d28feb229625f1f10c53f5e3625e1b62/src/main/java/org/owasp/benchmark/testcode/BenchmarkTest02419.java#L86,352
https://github.com/mariia10/sast-suit/blob/6adcad57d28feb229625f1f10c53f5e3625e1b62/src/main/java/org/owasp/benchmark/testcode/BenchmarkTest02420.java#L85,352
https://github.com/mariia10/sast-suit/blob/6adcad57d28feb229625f1f10c53f5e3625e1b62/src/main/java/org/owasp/benchmark/testcode/BenchmarkTest02421.java#L85,352
https://github.com/mariia10/sast-suit/blob/6adcad57d28feb229625f1f10c53f5e3625e1b62/src/main/java/org/owasp/benchmark/testcode/BenchmarkTest02422.java#L85,352
https://github.com/mariia10/sast-suit/blob/6adcad57d28feb229625f1f10c53f5e3625e1b62/src/main/java/org/owasp/benchmark/testcode/BenchmarkTest02423.java#L85,352
https://github.com/mariia10/sast-suit/blob/6adcad57d28feb229625f1f10c53f5e3625e1b62/src/main/java/org/owasp/benchmark/testcode/BenchmarkTest02424.java#L85,352
https://github.com/mariia10/sast-suit/blob/6adcad57d28feb229625f1f10c53f5e3625e1b62/src/main/java/org/owasp/benchmark/testcode/BenchmarkTest02425.java#L85,352
https://github.com/mariia10/sast-suit/blob/6adcad57d28feb229625f1f10c53f5e3625e1b62/src/main/java/org/owasp/benchmark/testcode/BenchmarkTest02426.java#L86,352
https://github.com/mariia10/sast-suit/blob/6adcad57d28feb229625f1f10c53f5e3625e1b62/src/main/java/org/owasp/benchmark/testcode/BenchmarkTest02427.java#L71,352
https://github.com/mariia10/sast-suit/blob/6adcad57d28feb229625f1f10c53f5e3625e1b62/src/main/java/org/owasp/benchmark/testcode/BenchmarkTest02434.java#L93,352
https://github.com/mariia10/sast-suit/blob/6adcad57d28feb229625f1f10c53f5e3625e1b62/src/main/java/org/owasp/benchmark/testcode/BenchmarkTest02435.java#L93,352
https://github.com/mariia10/sast-suit/blob/6adcad57d28feb229625f1f10c53f5e3625e1b62/src/main/java/org/owasp/benchmark/testcode/BenchmarkTest02436.java#L90,352
https://github.com/mariia10/sast-suit/blob/6adcad57d28feb229625f1f10c53f5e3625e1b62/src/main/java/org/owasp/benchmark/testcode/BenchmarkTest02437.java#L90,352
https://github.com/mariia10/sast-suit/blob/6adcad57d28feb229625f1f10c53f5e3625e1b62/src/main/java/org/owasp/benchmark/testcode/BenchmarkTest02438.java#L90,352
https://github.com/mariia10/sast-suit/blob/6adcad57d28feb229625f1f10c53f5e3625e1b62/src/main/java/org/owasp/benchmark/testcode/BenchmarkTest02439.java#L94,352
https://github.com/mariia10/sast-suit/blob/6adcad57d28feb229625f1f10c53f5e3625e1b62/src/main/java/org/owasp/benchmark/testcode/BenchmarkTest02440.java#L88,352
https://github.com/mariia10/sast-suit/blob/6adcad57d28feb229625f1f10c53f5e3625e1b62/src/main/java/org/owasp/benchmark/testcode/BenchmarkTest02441.java#L88,352
https://github.com/mariia10/sast-suit/blob/6adcad57d28feb229625f1f10c53f5e3625e1b62/src/main/java/org/owasp/benchmark/testcode/BenchmarkTest02442.java#L88,352
https://github.com/mariia10/sast-suit/blob/6adcad57d28feb229625f1f10c53f5e3625e1b62/src/main/java/org/owasp/benchmark/testcode/BenchmarkTest02443.java#L88,352
https://github.com/mariia10/sast-suit/blob/6adcad57d28feb229625f1f10c53f5e3625e1b62/src/main/java/org/owasp/benchmark/testcode/BenchmarkTest02444.java#L87,352
https://github.com/mariia10/sast-suit/blob/6adcad57d28feb229625f1f10c53f5e3625e1b62/src/main/java/org/owasp/benchmark/testcode/BenchmarkTest02445.java#L87,352
https://github.com/mariia10/sast-suit/blob/6adcad57d28feb229625f1f10c53f5e3625e1b62/src/main/java/org/owasp/benchmark/testcode/BenchmarkTest02473.java#L87,352
https://github.com/mariia10/sast-suit/blob/6adcad57d28feb229625f1f10c53f5e3625e1b62/src/main/java/org/owasp/benchmark/testcode/BenchmarkTest02497.java#L86,352
https://github.com/mariia10/sast-suit/blob/6adcad57d28feb229625f1f10c53f5e3625e1b62/src/main/java/org/owasp/benchmark/testcode/BenchmarkTest02498.java#L86,352
https://github.com/mariia10/sast-suit/blob/6adcad57d28feb229625f1f10c53f5e3625e1b62/src/main/java/org/owasp/benchmark/testcode/BenchmarkTest02499.java#L86,352
https://github.com/mariia10/sast-suit/blob/6adcad57d28feb229625f1f10c53f5e3625e1b62/src/main/java/org/owasp/benchmark/testcode/BenchmarkTest02500.java#L85,352
https://github.com/mariia10/sast-suit/blob/6adcad57d28feb229625f1f10c53f5e3625e1b62/src/main/java/org/owasp/benchmark/testcode/BenchmarkTest02501.java#L85,352
https://github.com/mariia10/sast-suit/blob/6adcad57d28feb229625f1f10c53f5e3625e1b62/src/main/java/org/owasp/benchmark/testcode/BenchmarkTest02502.java#L85,352
https://github.com/mariia10/sast-suit/blob/6adcad57d28feb229625f1f10c53f5e3625e1b62/src/main/java/org/owasp/benchmark/testcode/BenchmarkTest02503.java#L85,352
https://github.com/mariia10/sast-suit/blob/6adcad57d28feb229625f1f10c53f5e3625e1b62/src/main/java/org/owasp/benchmark/testcode/BenchmarkTest02504.java#L85,352
https://github.com/mariia10/sast-suit/blob/6adcad57d28feb229625f1f10c53f5e3625e1b62/src/main/java/org/owasp/benchmark/testcode/BenchmarkTest02505.java#L86,352
https://github.com/mariia10/sast-suit/blob/6adcad57d28feb229625f1f10c53f5e3625e1b62/src/main/java/org/owasp/benchmark/testcode/BenchmarkTest02506.java#L86,352
https://github.com/mariia10/sast-suit/blob/6adcad57d28feb229625f1f10c53f5e3625e1b62/src/main/java/org/owasp/benchmark/testcode/BenchmarkTest02507.java#L71,352
https://github.com/mariia10/sast-suit/blob/6adcad57d28feb229625f1f10c53f5e3625e1b62/src/main/java/org/owasp/benchmark/testcode/BenchmarkTest02508.java#L71,352
https://github.com/mariia10/sast-suit/blob/6adcad57d28feb229625f1f10c53f5e3625e1b62/src/main/java/org/owasp/benchmark/testcode/BenchmarkTest02519.java#L90,352
https://github.com/mariia10/sast-suit/blob/6adcad57d28feb229625f1f10c53f5e3625e1b62/src/main/java/org/owasp/benchmark/testcode/BenchmarkTest02520.java#L90,352
https://github.com/mariia10/sast-suit/blob/6adcad57d28feb229625f1f10c53f5e3625e1b62/src/main/java/org/owasp/benchmark/testcode/BenchmarkTest02521.java#L88,352
https://github.com/mariia10/sast-suit/blob/6adcad57d28feb229625f1f10c53f5e3625e1b62/src/main/java/org/owasp/benchmark/testcode/BenchmarkTest02522.java#L87,352
https://github.com/mariia10/sast-suit/blob/6adcad57d28feb229625f1f10c53f5e3625e1b62/src/main/java/org/owasp/benchmark/testcode/BenchmarkTest02602.java#L109,352
https://github.com/mariia10/sast-suit/blob/6adcad57d28feb229625f1f10c53f5e3625e1b62/src/main/java/org/owasp/benchmark/testcode/BenchmarkTest02603.java#L109,352
https://github.com/mariia10/sast-suit/blob/6adcad57d28feb229625f1f10c53f5e3625e1b62/src/main/java/org/owasp/benchmark/testcode/BenchmarkTest02604.java#L108,352
https://github.com/mariia10/sast-suit/blob/6adcad57d28feb229625f1f10c53f5e3625e1b62/src/main/java/org/owasp/benchmark/testcode/BenchmarkTest02605.java#L108,352
https://github.com/mariia10/sast-suit/blob/6adcad57d28feb229625f1f10c53f5e3625e1b62/src/main/java/org/owasp/benchmark/testcode/BenchmarkTest02606.java#L108,352
https://github.com/mariia10/sast-suit/blob/6adcad57d28feb229625f1f10c53f5e3625e1b62/src/main/java/org/owasp/benchmark/testcode/BenchmarkTest02607.java#L93,352
https://github.com/mariia10/sast-suit/blob/6adcad57d28feb229625f1f10c53f5e3625e1b62/src/main/java/org/owasp/benchmark/testcode/BenchmarkTest02614.java#L115,352
https://github.com/mariia10/sast-suit/blob/6adcad57d28feb229625f1f10c53f5e3625e1b62/src/main/java/org/owasp/benchmark/testcode/BenchmarkTest02615.java#L112,352
https://github.com/mariia10/sast-suit/blob/6adcad57d28feb229625f1f10c53f5e3625e1b62/src/main/java/org/owasp/benchmark/testcode/BenchmarkTest02616.java#L112,352
https://github.com/mariia10/sast-suit/blob/6adcad57d28feb229625f1f10c53f5e3625e1b62/src/main/java/org/owasp/benchmark/testcode/BenchmarkTest02617.java#L116,352
https://github.com/mariia10/sast-suit/blob/6adcad57d28feb229625f1f10c53f5e3625e1b62/src/main/java/org/owasp/benchmark/testcode/BenchmarkTest02618.java#L112,352
https://github.com/mariia10/sast-suit/blob/6adcad57d28feb229625f1f10c53f5e3625e1b62/src/main/java/org/owasp/benchmark/testcode/BenchmarkTest02619.java#L110,352
https://github.com/mariia10/sast-suit/blob/6adcad57d28feb229625f1f10c53f5e3625e1b62/src/main/java/org/owasp/benchmark/testcode/BenchmarkTest02620.java#L109,352
https://github.com/mariia10/sast-suit/blob/6adcad57d28feb229625f1f10c53f5e3625e1b62/src/main/java/org/owasp/benchmark/testcode/BenchmarkTest02621.java#L109,352
https://github.com/mariia10/sast-suit/blob/6adcad57d28feb229625f1f10c53f5e3625e1b62/src/main/java/org/owasp/benchmark/testcode/BenchmarkTest02700.java#L86,352
https://github.com/mariia10/sast-suit/blob/6adcad57d28feb229625f1f10c53f5e3625e1b62/src/main/java/org/owasp/benchmark/testcode/BenchmarkTest02701.java#L86,352
https://github.com/mariia10/sast-suit/blob/6adcad57d28feb229625f1f10c53f5e3625e1b62/src/main/java/org/owasp/benchmark/testcode/BenchmarkTest02702.java#L85,352
https://github.com/mariia10/sast-suit/blob/6adcad57d28feb229625f1f10c53f5e3625e1b62/src/main/java/org/owasp/benchmark/testcode/BenchmarkTest02703.java#L85,352
https://github.com/mariia10/sast-suit/blob/6adcad57d28feb229625f1f10c53f5e3625e1b62/src/main/java/org/owasp/benchmark/testcode/BenchmarkTest02704.java#L85,352
https://github.com/mariia10/sast-suit/blob/6adcad57d28feb229625f1f10c53f5e3625e1b62/src/main/java/org/owasp/benchmark/testcode/BenchmarkTest02705.java#L84,352
https://github.com/mariia10/sast-suit/blob/6adcad57d28feb229625f1f10c53f5e3625e1b62/src/main/java/org/owasp/benchmark/testcode/BenchmarkTest02706.java#L84,352
https://github.com/mariia10/sast-suit/blob/6adcad57d28feb229625f1f10c53f5e3625e1b62/src/main/java/org/owasp/benchmark/testcode/BenchmarkTest02707.java#L84,352
https://github.com/mariia10/sast-suit/blob/6adcad57d28feb229625f1f10c53f5e3625e1b62/src/main/java/org/owasp/benchmark/testcode/BenchmarkTest02708.java#L85,352
https://github.com/mariia10/sast-suit/blob/6adcad57d28feb229625f1f10c53f5e3625e1b62/src/main/java/org/owasp/benchmark/testcode/BenchmarkTest02709.java#L70,352
https://github.com/mariia10/sast-suit/blob/6adcad57d28feb229625f1f10c53f5e3625e1b62/src/main/java/org/owasp/benchmark/testcode/BenchmarkTest02710.java#L70,352
https://github.com/mariia10/sast-suit/blob/6adcad57d28feb229625f1f10c53f5e3625e1b62/src/main/java/org/owasp/benchmark/testcode/BenchmarkTest02711.java#L70,352
https://github.com/mariia10/sast-suit/blob/6adcad57d28feb229625f1f10c53f5e3625e1b62/src/main/java/org/owasp/benchmark/testcode/BenchmarkTest02715.java#L89,352
https://github.com/mariia10/sast-suit/blob/6adcad57d28feb229625f1f10c53f5e3625e1b62/src/main/java/org/owasp/benchmark/testcode/BenchmarkTest02716.java#L87,352
https://github.com/mariia10/sast-suit/blob/6adcad57d28feb229625f1f10c53f5e3625e1b62/src/main/java/org/owasp/benchmark/testcode/BenchmarkTest02717.java#L87,352
https://github.com/mariia10/sast-suit/blob/6adcad57d28feb229625f1f10c53f5e3625e1b62/src/main/java/org/owasp/benchmark/testcode/BenchmarkTest02718.java#L87,352
https://github.com/mariia10/sast-suit/blob/6adcad57d28feb229625f1f10c53f5e3625e1b62/src/main/java/org/owasp/benchmark/testcode/BenchmarkTest02719.java#L86,352
https://github.com/mariia10/sast-suit/blob/6adcad57d28feb229625f1f10c53f5e3625e1b62/src/main/java/org/owasp/benchmark/testcode/BenchmarkTest02720.java#L86,352
https://github.com/mariia10/sast-suit/blob/6adcad57d28feb229625f1f10c53f5e3625e1b62/src/main/java/org/owasp/benchmark/testcode/BenchmarkTest02721.java#L86,352
https://github.com/mariia10/sast-suit/blob/6adcad57d28feb229625f1f10c53f5e3625e1b62/src/main/java/org/owasp/benchmark/testcode/BenchmarkTest00087.java#L91,614
https://github.com/mariia10/sast-suit/blob/6adcad57d28feb229625f1f10c53f5e3625e1b62/src/main/java/org/owasp/benchmark/testcode/BenchmarkTest00169.java#L80,614
https://github.com/mariia10/sast-suit/blob/6adcad57d28feb229625f1f10c53f5e3625e1b62/src/main/java/org/owasp/benchmark/testcode/BenchmarkTest00170.java#L91,614
https://github.com/mariia10/sast-suit/blob/6adcad57d28feb229625f1f10c53f5e3625e1b62/src/main/java/org/owasp/benchmark/testcode/BenchmarkTest00241.java#L85,614
https://github.com/mariia10/sast-suit/blob/6adcad57d28feb229625f1f10c53f5e3625e1b62/src/main/java/org/owasp/benchmark/testcode/BenchmarkTest00300.java#L79,614
https://github.com/mariia10/sast-suit/blob/6adcad57d28feb229625f1f10c53f5e3625e1b62/src/main/java/org/owasp/benchmark/testcode/BenchmarkTest00348.java#L64,614
https://github.com/mariia10/sast-suit/blob/6adcad57d28feb229625f1f10c53f5e3625e1b62/src/main/java/org/owasp/benchmark/testcode/BenchmarkTest00403.java#L70,614
https://github.com/mariia10/sast-suit/blob/6adcad57d28feb229625f1f10c53f5e3625e1b62/src/main/java/org/owasp/benchmark/testcode/BenchmarkTest00491.java#L73,614
https://github.com/mariia10/sast-suit/blob/6adcad57d28feb229625f1f10c53f5e3625e1b62/src/main/java/org/owasp/benchmark/testcode/BenchmarkTest00565.java#L79,614
https://github.com/mariia10/sast-suit/blob/6adcad57d28feb229625f1f10c53f5e3625e1b62/src/main/java/org/owasp/benchmark/testcode/BenchmarkTest00566.java#L81,614
https://github.com/mariia10/sast-suit/blob/6adcad57d28feb229625f1f10c53f5e3625e1b62/src/main/java/org/owasp/benchmark/testcode/BenchmarkTest00736.java#L72,614
https://github.com/mariia10/sast-suit/blob/6adcad57d28feb229625f1f10c53f5e3625e1b62/src/main/java/org/owasp/benchmark/testcode/BenchmarkTest00820.java#L89,614
https://github.com/mariia10/sast-suit/blob/6adcad57d28feb229625f1f10c53f5e3625e1b62/src/main/java/org/owasp/benchmark/testcode/BenchmarkTest00821.java#L90,614
https://github.com/mariia10/sast-suit/blob/6adcad57d28feb229625f1f10c53f5e3625e1b62/src/main/java/org/owasp/benchmark/testcode/BenchmarkTest00903.java#L85,614
https://github.com/mariia10/sast-suit/blob/6adcad57d28feb229625f1f10c53f5e3625e1b62/src/main/java/org/owasp/benchmark/testcode/BenchmarkTest00977.java#L84,614
https://github.com/mariia10/sast-suit/blob/6adcad57d28feb229625f1f10c53f5e3625e1b62/src/main/java/org/owasp/benchmark/testcode/BenchmarkTest01061.java#L70,614
https://github.com/mariia10/sast-suit/blob/6adcad57d28feb229625f1f10c53f5e3625e1b62/src/main/java/org/owasp/benchmark/testcode/BenchmarkTest01134.java#L80,614
https://github.com/mariia10/sast-suit/blob/6adcad57d28feb229625f1f10c53f5e3625e1b62/src/main/java/org/owasp/benchmark/testcode/BenchmarkTest01185.java#L72,614
https://github.com/mariia10/sast-suit/blob/6adcad57d28feb229625f1f10c53f5e3625e1b62/src/main/java/org/owasp/benchmark/testcode/BenchmarkTest01186.java#L72,614
https://github.com/mariia10/sast-suit/blob/6adcad57d28feb229625f1f10c53f5e3625e1b62/src/main/java/org/owasp/benchmark/testcode/BenchmarkTest01187.java#L72,614
https://github.com/mariia10/sast-suit/blob/6adcad57d28feb229625f1f10c53f5e3625e1b62/src/main/java/org/owasp/benchmark/testcode/BenchmarkTest01280.java#L65,614
https://github.com/mariia10/sast-suit/blob/6adcad57d28feb229625f1f10c53f5e3625e1b62/src/main/java/org/owasp/benchmark/testcode/BenchmarkTest01281.java#L65,614
https://github.com/mariia10/sast-suit/blob/6adcad57d28feb229625f1f10c53f5e3625e1b62/src/main/java/org/owasp/benchmark/testcode/BenchmarkTest01282.java#L65,614
https://github.com/mariia10/sast-suit/blob/6adcad57d28feb229625f1f10c53f5e3625e1b62/src/main/java/org/owasp/benchmark/testcode/BenchmarkTest01283.java#L65,614
https://github.com/mariia10/sast-suit/blob/6adcad57d28feb229625f1f10c53f5e3625e1b62/src/main/java/org/owasp/benchmark/testcode/BenchmarkTest01521.java#L67,614
https://github.com/mariia10/sast-suit/blob/6adcad57d28feb229625f1f10c53f5e3625e1b62/src/main/java/org/owasp/benchmark/testcode/BenchmarkTest01682.java#L89,614
https://github.com/mariia10/sast-suit/blob/6adcad57d28feb229625f1f10c53f5e3625e1b62/src/main/java/org/owasp/benchmark/testcode/BenchmarkTest01683.java#L89,614
https://github.com/mariia10/sast-suit/blob/6adcad57d28feb229625f1f10c53f5e3625e1b62/src/main/java/org/owasp/benchmark/testcode/BenchmarkTest01789.java#L66,614
https://github.com/mariia10/sast-suit/blob/6adcad57d28feb229625f1f10c53f5e3625e1b62/src/main/java/org/owasp/benchmark/testcode/BenchmarkTest01861.java#L84,614
https://github.com/mariia10/sast-suit/blob/6adcad57d28feb229625f1f10c53f5e3625e1b62/src/main/java/org/owasp/benchmark/testcode/BenchmarkTest02005.java#L80,614
https://github.com/mariia10/sast-suit/blob/6adcad57d28feb229625f1f10c53f5e3625e1b62/src/main/java/org/owasp/benchmark/testcode/BenchmarkTest02142.java#L65,614
https://github.com/mariia10/sast-suit/blob/6adcad57d28feb229625f1f10c53f5e3625e1b62/src/main/java/org/owasp/benchmark/testcode/BenchmarkTest02339.java#L79,614
https://github.com/mariia10/sast-suit/blob/6adcad57d28feb229625f1f10c53f5e3625e1b62/src/main/java/org/owasp/benchmark/testcode/BenchmarkTest02427.java#L67,614
https://github.com/mariia10/sast-suit/blob/6adcad57d28feb229625f1f10c53f5e3625e1b62/src/main/java/org/owasp/benchmark/testcode/BenchmarkTest02507.java#L67,614
https://github.com/mariia10/sast-suit/blob/6adcad57d28feb229625f1f10c53f5e3625e1b62/src/main/java/org/owasp/benchmark/testcode/BenchmarkTest02709.java#L66,614
https://github.com/mariia10/sast-suit/blob/6adcad57d28feb229625f1f10c53f5e3625e1b62/src/main/java/org/owasp/benchmark/testcode/BenchmarkTest02710.java#L66,614
https://github.com/mariia10/sast-suit/blob/6adcad57d28feb229625f1f10c53f5e3625e1b62/src/main/java/org/owasp/benchmark/testcode/BenchmarkTest00036.java#L65,79
https://github.com/mariia10/sast-suit/blob/6adcad57d28feb229625f1f10c53f5e3625e1b62/src/main/java/org/owasp/benchmark/testcode/BenchmarkTest00049.java#L72,79
https://github.com/mariia10/sast-suit/blob/6adcad57d28feb229625f1f10c53f5e3625e1b62/src/main/java/org/owasp/benchmark/testcode/BenchmarkTest00156.java#L64,79
https://github.com/mariia10/sast-suit/blob/6adcad57d28feb229625f1f10c53f5e3625e1b62/src/main/java/org/owasp/benchmark/testcode/BenchmarkTest00157.java#L59,79
https://github.com/mariia10/sast-suit/blob/6adcad57d28feb229625f1f10c53f5e3625e1b62/src/main/java/org/owasp/benchmark/testcode/BenchmarkTest00286.java#L56,79
https://github.com/mariia10/sast-suit/blob/6adcad57d28feb229625f1f10c53f5e3625e1b62/src/main/java/org/owasp/benchmark/testcode/BenchmarkTest00287.java#L59,79
https://github.com/mariia10/sast-suit/blob/6adcad57d28feb229625f1f10c53f5e3625e1b62/src/main/java/org/owasp/benchmark/testcode/BenchmarkTest00288.java#L65,79
https://github.com/mariia10/sast-suit/blob/6adcad57d28feb229625f1f10c53f5e3625e1b62/src/main/java/org/owasp/benchmark/testcode/BenchmarkTest00289.java#L56,79
https://github.com/mariia10/sast-suit/blob/6adcad57d28feb229625f1f10c53f5e3625e1b62/src/main/java/org/owasp/benchmark/testcode/BenchmarkTest00290.java#L57,79
https://github.com/mariia10/sast-suit/blob/6adcad57d28feb229625f1f10c53f5e3625e1b62/src/main/java/org/owasp/benchmark/testcode/BenchmarkTest00291.java#L59,79
https://github.com/mariia10/sast-suit/blob/6adcad57d28feb229625f1f10c53f5e3625e1b62/src/main/java/org/owasp/benchmark/testcode/BenchmarkTest00292.java#L62,79
https://github.com/mariia10/sast-suit/blob/6adcad57d28feb229625f1f10c53f5e3625e1b62/src/main/java/org/owasp/benchmark/testcode/BenchmarkTest00301.java#L61,79
https://github.com/mariia10/sast-suit/blob/6adcad57d28feb229625f1f10c53f5e3625e1b62/src/main/java/org/owasp/benchmark/testcode/BenchmarkTest00392.java#L56,79
https://github.com/mariia10/sast-suit/blob/6adcad57d28feb229625f1f10c53f5e3625e1b62/src/main/java/org/owasp/benchmark/testcode/BenchmarkTest00393.java#L54,79
https://github.com/mariia10/sast-suit/blob/6adcad57d28feb229625f1f10c53f5e3625e1b62/src/main/java/org/owasp/benchmark/testcode/BenchmarkTest00394.java#L62,79
https://github.com/mariia10/sast-suit/blob/6adcad57d28feb229625f1f10c53f5e3625e1b62/src/main/java/org/owasp/benchmark/testcode/BenchmarkTest00395.java#L53,79
https://github.com/mariia10/sast-suit/blob/6adcad57d28feb229625f1f10c53f5e3625e1b62/src/main/java/org/owasp/benchmark/testcode/BenchmarkTest00478.java#L60,79
https://github.com/mariia10/sast-suit/blob/6adcad57d28feb229625f1f10c53f5e3625e1b62/src/main/java/org/owasp/benchmark/testcode/BenchmarkTest00479.java#L56,79
https://github.com/mariia10/sast-suit/blob/6adcad57d28feb229625f1f10c53f5e3625e1b62/src/main/java/org/owasp/benchmark/testcode/BenchmarkTest00492.java#L55,79
https://github.com/mariia10/sast-suit/blob/6adcad57d28feb229625f1f10c53f5e3625e1b62/src/main/java/org/owasp/benchmark/testcode/BenchmarkTest00493.java#L59,79
https://github.com/mariia10/sast-suit/blob/6adcad57d28feb229625f1f10c53f5e3625e1b62/src/main/java/org/owasp/benchmark/testcode/BenchmarkTest00555.java#L68,79
https://github.com/mariia10/sast-suit/blob/6adcad57d28feb229625f1f10c53f5e3625e1b62/src/main/java/org/owasp/benchmark/testcode/BenchmarkTest00556.java#L82,79
https://github.com/mariia10/sast-suit/blob/6adcad57d28feb229625f1f10c53f5e3625e1b62/src/main/java/org/owasp/benchmark/testcode/BenchmarkTest00557.java#L67,79
https://github.com/mariia10/sast-suit/blob/6adcad57d28feb229625f1f10c53f5e3625e1b62/src/main/java/org/owasp/benchmark/testcode/BenchmarkTest00729.java#L53,79
https://github.com/mariia10/sast-suit/blob/6adcad57d28feb229625f1f10c53f5e3625e1b62/src/main/java/org/owasp/benchmark/testcode/BenchmarkTest00730.java#L57,79
https://github.com/mariia10/sast-suit/blob/6adcad57d28feb229625f1f10c53f5e3625e1b62/src/main/java/org/owasp/benchmark/testcode/BenchmarkTest00737.java#L71,79
https://github.com/mariia10/sast-suit/blob/6adcad57d28feb229625f1f10c53f5e3625e1b62/src/main/java/org/owasp/benchmark/testcode/BenchmarkTest00813.java#L81,79
https://github.com/mariia10/sast-suit/blob/6adcad57d28feb229625f1f10c53f5e3625e1b62/src/main/java/org/owasp/benchmark/testcode/BenchmarkTest00822.java#L78,79
https://github.com/mariia10/sast-suit/blob/6adcad57d28feb229625f1f10c53f5e3625e1b62/src/main/java/org/owasp/benchmark/testcode/BenchmarkTest01056.java#L57,79
https://github.com/mariia10/sast-suit/blob/6adcad57d28feb229625f1f10c53f5e3625e1b62/src/main/java/org/owasp/benchmark/testcode/BenchmarkTest01057.java#L54,79
https://github.com/mariia10/sast-suit/blob/6adcad57d28feb229625f1f10c53f5e3625e1b62/src/main/java/org/owasp/benchmark/testcode/BenchmarkTest01063.java#L54,79
https://github.com/mariia10/sast-suit/blob/6adcad57d28feb229625f1f10c53f5e3625e1b62/src/main/java/org/owasp/benchmark/testcode/BenchmarkTest01181.java#L56,79
https://github.com/mariia10/sast-suit/blob/6adcad57d28feb229625f1f10c53f5e3625e1b62/src/main/java/org/owasp/benchmark/testcode/BenchmarkTest01188.java#L56,79
https://github.com/mariia10/sast-suit/blob/6adcad57d28feb229625f1f10c53f5e3625e1b62/src/main/java/org/owasp/benchmark/testcode/BenchmarkTest01265.java#L52,79
https://github.com/mariia10/sast-suit/blob/6adcad57d28feb229625f1f10c53f5e3625e1b62/src/main/java/org/owasp/benchmark/testcode/BenchmarkTest01266.java#L52,79
https://github.com/mariia10/sast-suit/blob/6adcad57d28feb229625f1f10c53f5e3625e1b62/src/main/java/org/owasp/benchmark/testcode/BenchmarkTest01267.java#L49,79
https://github.com/mariia10/sast-suit/blob/6adcad57d28feb229625f1f10c53f5e3625e1b62/src/main/java/org/owasp/benchmark/testcode/BenchmarkTest01268.java#L52,79
https://github.com/mariia10/sast-suit/blob/6adcad57d28feb229625f1f10c53f5e3625e1b62/src/main/java/org/owasp/benchmark/testcode/BenchmarkTest01284.java#L49,79
https://github.com/mariia10/sast-suit/blob/6adcad57d28feb229625f1f10c53f5e3625e1b62/src/main/java/org/owasp/benchmark/testcode/BenchmarkTest01350.java#L56,79
https://github.com/mariia10/sast-suit/blob/6adcad57d28feb229625f1f10c53f5e3625e1b62/src/main/java/org/owasp/benchmark/testcode/BenchmarkTest01351.java#L56,79
https://github.com/mariia10/sast-suit/blob/6adcad57d28feb229625f1f10c53f5e3625e1b62/src/main/java/org/owasp/benchmark/testcode/BenchmarkTest01352.java#L53,79
https://github.com/mariia10/sast-suit/blob/6adcad57d28feb229625f1f10c53f5e3625e1b62/src/main/java/org/owasp/benchmark/testcode/BenchmarkTest01428.java#L63,79
https://github.com/mariia10/sast-suit/blob/6adcad57d28feb229625f1f10c53f5e3625e1b62/src/main/java/org/owasp/benchmark/testcode/BenchmarkTest01429.java#L63,79
https://github.com/mariia10/sast-suit/blob/6adcad57d28feb229625f1f10c53f5e3625e1b62/src/main/java/org/owasp/benchmark/testcode/BenchmarkTest01437.java#L63,79
https://github.com/mariia10/sast-suit/blob/6adcad57d28feb229625f1f10c53f5e3625e1b62/src/main/java/org/owasp/benchmark/testcode/BenchmarkTest01438.java#L63,79
https://github.com/mariia10/sast-suit/blob/6adcad57d28feb229625f1f10c53f5e3625e1b62/src/main/java/org/owasp/benchmark/testcode/BenchmarkTest01439.java#L63,79
https://github.com/mariia10/sast-suit/blob/6adcad57d28feb229625f1f10c53f5e3625e1b62/src/main/java/org/owasp/benchmark/testcode/BenchmarkTest01595.java#L51,79
https://github.com/mariia10/sast-suit/blob/6adcad57d28feb229625f1f10c53f5e3625e1b62/src/main/java/org/owasp/benchmark/testcode/BenchmarkTest01596.java#L54,79
https://github.com/mariia10/sast-suit/blob/6adcad57d28feb229625f1f10c53f5e3625e1b62/src/main/java/org/owasp/benchmark/testcode/BenchmarkTest01597.java#L54,79
https://github.com/mariia10/sast-suit/blob/6adcad57d28feb229625f1f10c53f5e3625e1b62/src/main/java/org/owasp/benchmark/testcode/BenchmarkTest01598.java#L51,79
https://github.com/mariia10/sast-suit/blob/6adcad57d28feb229625f1f10c53f5e3625e1b62/src/main/java/org/owasp/benchmark/testcode/BenchmarkTest01599.java#L51,79
https://github.com/mariia10/sast-suit/blob/6adcad57d28feb229625f1f10c53f5e3625e1b62/src/main/java/org/owasp/benchmark/testcode/BenchmarkTest01670.java#L73,79
https://github.com/mariia10/sast-suit/blob/6adcad57d28feb229625f1f10c53f5e3625e1b62/src/main/java/org/owasp/benchmark/testcode/BenchmarkTest01671.java#L73,79
https://github.com/mariia10/sast-suit/blob/6adcad57d28feb229625f1f10c53f5e3625e1b62/src/main/java/org/owasp/benchmark/testcode/BenchmarkTest01927.java#L54,79
https://github.com/mariia10/sast-suit/blob/6adcad57d28feb229625f1f10c53f5e3625e1b62/src/main/java/org/owasp/benchmark/testcode/BenchmarkTest02057.java#L59,79
https://github.com/mariia10/sast-suit/blob/6adcad57d28feb229625f1f10c53f5e3625e1b62/src/main/java/org/owasp/benchmark/testcode/BenchmarkTest02134.java#L49,79
https://github.com/mariia10/sast-suit/blob/6adcad57d28feb229625f1f10c53f5e3625e1b62/src/main/java/org/owasp/benchmark/testcode/BenchmarkTest02136.java#L52,79
https://github.com/mariia10/sast-suit/blob/6adcad57d28feb229625f1f10c53f5e3625e1b62/src/main/java/org/owasp/benchmark/testcode/BenchmarkTest02145.java#L49,79
https://github.com/mariia10/sast-suit/blob/6adcad57d28feb229625f1f10c53f5e3625e1b62/src/main/java/org/owasp/benchmark/testcode/BenchmarkTest02239.java#L53,79
https://github.com/mariia10/sast-suit/blob/6adcad57d28feb229625f1f10c53f5e3625e1b62/src/main/java/org/owasp/benchmark/testcode/BenchmarkTest02240.java#L53,79
https://github.com/mariia10/sast-suit/blob/6adcad57d28feb229625f1f10c53f5e3625e1b62/src/main/java/org/owasp/benchmark/testcode/BenchmarkTest02241.java#L53,79
https://github.com/mariia10/sast-suit/blob/6adcad57d28feb229625f1f10c53f5e3625e1b62/src/main/java/org/owasp/benchmark/testcode/BenchmarkTest02326.java#L63,79
https://github.com/mariia10/sast-suit/blob/6adcad57d28feb229625f1f10c53f5e3625e1b62/src/main/java/org/owasp/benchmark/testcode/BenchmarkTest02327.java#L66,79
https://github.com/mariia10/sast-suit/blob/6adcad57d28feb229625f1f10c53f5e3625e1b62/src/main/java/org/owasp/benchmark/testcode/BenchmarkTest02328.java#L66,79
https://github.com/mariia10/sast-suit/blob/6adcad57d28feb229625f1f10c53f5e3625e1b62/src/main/java/org/owasp/benchmark/testcode/BenchmarkTest02329.java#L66,79
https://github.com/mariia10/sast-suit/blob/6adcad57d28feb229625f1f10c53f5e3625e1b62/src/main/java/org/owasp/benchmark/testcode/BenchmarkTest02330.java#L66,79
https://github.com/mariia10/sast-suit/blob/6adcad57d28feb229625f1f10c53f5e3625e1b62/src/main/java/org/owasp/benchmark/testcode/BenchmarkTest02331.java#L63,79
https://github.com/mariia10/sast-suit/blob/6adcad57d28feb229625f1f10c53f5e3625e1b62/src/main/java/org/owasp/benchmark/testcode/BenchmarkTest02332.java#L63,79
https://github.com/mariia10/sast-suit/blob/6adcad57d28feb229625f1f10c53f5e3625e1b62/src/main/java/org/owasp/benchmark/testcode/BenchmarkTest02492.java#L51,79
https://github.com/mariia10/sast-suit/blob/6adcad57d28feb229625f1f10c53f5e3625e1b62/src/main/java/org/owasp/benchmark/testcode/BenchmarkTest02493.java#L54,79
https://github.com/mariia10/sast-suit/blob/6adcad57d28feb229625f1f10c53f5e3625e1b62/src/main/java/org/owasp/benchmark/testcode/BenchmarkTest02494.java#L51,79
https://github.com/mariia10/sast-suit/blob/6adcad57d28feb229625f1f10c53f5e3625e1b62/src/main/java/org/owasp/benchmark/testcode/BenchmarkTest02495.java#L54,79
https://github.com/mariia10/sast-suit/blob/6adcad57d28feb229625f1f10c53f5e3625e1b62/src/main/java/org/owasp/benchmark/testcode/BenchmarkTest02509.java#L51,79
https://github.com/mariia10/sast-suit/blob/6adcad57d28feb229625f1f10c53f5e3625e1b62/src/main/java/org/owasp/benchmark/testcode/BenchmarkTest02599.java#L73,79
https://github.com/mariia10/sast-suit/blob/6adcad57d28feb229625f1f10c53f5e3625e1b62/src/main/java/org/owasp/benchmark/testcode/BenchmarkTest02600.java#L76,79
https://github.com/mariia10/sast-suit/blob/6adcad57d28feb229625f1f10c53f5e3625e1b62/src/main/java/org/owasp/benchmark/testcode/BenchmarkTest02601.java#L76,79
https://github.com/mariia10/sast-suit/blob/6adcad57d28feb229625f1f10c53f5e3625e1b62/src/main/java/org/owasp/benchmark/testcode/BenchmarkTest02608.java#L73,79
https://github.com/mariia10/sast-suit/blob/6adcad57d28feb229625f1f10c53f5e3625e1b62/src/main/java/org/owasp/benchmark/testcode/BenchmarkTest02609.java#L73,79
https://github.com/mariia10/sast-suit/blob/6adcad57d28feb229625f1f10c53f5e3625e1b62/src/main/java/org/owasp/benchmark/testcode/BenchmarkTest00116.java#L90,643
https://github.com/mariia10/sast-suit/blob/6adcad57d28feb229625f1f10c53f5e3625e1b62/src/main/java/org/owasp/benchmark/testcode/BenchmarkTest00117.java#L89,643
https://github.com/mariia10/sast-suit/blob/6adcad57d28feb229625f1f10c53f5e3625e1b62/src/main/java/org/owasp/benchmark/testcode/BenchmarkTest00118.java#L87,643
https://github.com/mariia10/sast-suit/blob/6adcad57d28feb229625f1f10c53f5e3625e1b62/src/main/java/org/owasp/benchmark/testcode/BenchmarkTest00207.java#L75,643
https://github.com/mariia10/sast-suit/blob/6adcad57d28feb229625f1f10c53f5e3625e1b62/src/main/java/org/owasp/benchmark/testcode/BenchmarkTest00442.java#L68,643
https://github.com/mariia10/sast-suit/blob/6adcad57d28feb229625f1f10c53f5e3625e1b62/src/main/java/org/owasp/benchmark/testcode/BenchmarkTest00520.java#L72,643
https://github.com/mariia10/sast-suit/blob/6adcad57d28feb229625f1f10c53f5e3625e1b62/src/main/java/org/owasp/benchmark/testcode/BenchmarkTest00607.java#L79,643
https://github.com/mariia10/sast-suit/blob/6adcad57d28feb229625f1f10c53f5e3625e1b62/src/main/java/org/owasp/benchmark/testcode/BenchmarkTest00852.java#L93,643
https://github.com/mariia10/sast-suit/blob/6adcad57d28feb229625f1f10c53f5e3625e1b62/src/main/java/org/owasp/benchmark/testcode/BenchmarkTest01013.java#L84,643
https://github.com/mariia10/sast-suit/blob/6adcad57d28feb229625f1f10c53f5e3625e1b62/src/main/java/org/owasp/benchmark/testcode/BenchmarkTest01014.java#L82,643
https://github.com/mariia10/sast-suit/blob/6adcad57d28feb229625f1f10c53f5e3625e1b62/src/main/java/org/owasp/benchmark/testcode/BenchmarkTest01223.java#L72,643
https://github.com/mariia10/sast-suit/blob/6adcad57d28feb229625f1f10c53f5e3625e1b62/src/main/java/org/owasp/benchmark/testcode/BenchmarkTest01224.java#L70,643
https://github.com/mariia10/sast-suit/blob/6adcad57d28feb229625f1f10c53f5e3625e1b62/src/main/java/org/owasp/benchmark/testcode/BenchmarkTest01225.java#L70,643
https://github.com/mariia10/sast-suit/blob/6adcad57d28feb229625f1f10c53f5e3625e1b62/src/main/java/org/owasp/benchmark/testcode/BenchmarkTest01316.java#L63,643
https://github.com/mariia10/sast-suit/blob/6adcad57d28feb229625f1f10c53f5e3625e1b62/src/main/java/org/owasp/benchmark/testcode/BenchmarkTest01397.java#L67,643
https://github.com/mariia10/sast-suit/blob/6adcad57d28feb229625f1f10c53f5e3625e1b62/src/main/java/org/owasp/benchmark/testcode/BenchmarkTest01478.java#L79,643
https://github.com/mariia10/sast-suit/blob/6adcad57d28feb229625f1f10c53f5e3625e1b62/src/main/java/org/owasp/benchmark/testcode/BenchmarkTest01479.java#L79,643
https://github.com/mariia10/sast-suit/blob/6adcad57d28feb229625f1f10c53f5e3625e1b62/src/main/java/org/owasp/benchmark/testcode/BenchmarkTest01632.java#L67,643
https://github.com/mariia10/sast-suit/blob/6adcad57d28feb229625f1f10c53f5e3625e1b62/src/main/java/org/owasp/benchmark/testcode/BenchmarkTest01633.java#L65,643
https://github.com/mariia10/sast-suit/blob/6adcad57d28feb229625f1f10c53f5e3625e1b62/src/main/java/org/owasp/benchmark/testcode/BenchmarkTest01734.java#L89,643
https://github.com/mariia10/sast-suit/blob/6adcad57d28feb229625f1f10c53f5e3625e1b62/src/main/java/org/owasp/benchmark/testcode/BenchmarkTest01735.java#L89,643
https://github.com/mariia10/sast-suit/blob/6adcad57d28feb229625f1f10c53f5e3625e1b62/src/main/java/org/owasp/benchmark/testcode/BenchmarkTest01736.java#L87,643
https://github.com/mariia10/sast-suit/blob/6adcad57d28feb229625f1f10c53f5e3625e1b62/src/main/java/org/owasp/benchmark/testcode/BenchmarkTest01892.java#L84,643
https://github.com/mariia10/sast-suit/blob/6adcad57d28feb229625f1f10c53f5e3625e1b62/src/main/java/org/owasp/benchmark/testcode/BenchmarkTest01893.java#L84,643
https://github.com/mariia10/sast-suit/blob/6adcad57d28feb229625f1f10c53f5e3625e1b62/src/main/java/org/owasp/benchmark/testcode/BenchmarkTest01894.java#L82,643
https://github.com/mariia10/sast-suit/blob/6adcad57d28feb229625f1f10c53f5e3625e1b62/src/main/java/org/owasp/benchmark/testcode/BenchmarkTest01974.java#L70,643
https://github.com/mariia10/sast-suit/blob/6adcad57d28feb229625f1f10c53f5e3625e1b62/src/main/java/org/owasp/benchmark/testcode/BenchmarkTest02100.java#L72,643
https://github.com/mariia10/sast-suit/blob/6adcad57d28feb229625f1f10c53f5e3625e1b62/src/main/java/org/owasp/benchmark/testcode/BenchmarkTest02189.java#L65,643
https://github.com/mariia10/sast-suit/blob/6adcad57d28feb229625f1f10c53f5e3625e1b62/src/main/java/org/owasp/benchmark/testcode/BenchmarkTest02370.java#L79,643
