Test Name,Category,Real Vulnerability,Severity,Impacts,Security Standards
BenchmarkTest00001.java,javasecurity:S2083,true,BLOCKER,"[{'softwareQuality': 'SECURITY', 'severity': 'BLOCKER'}]","cwe:20, cwe:22, owaspAsvs-4.0:12.3.1, owaspAsvs-4.0:5.1.3, owaspAsvs-4.0:5.1.4, owaspTop10-2021:a1, owaspTop10-2021:a3, owaspTop10:a1, owaspTop10:a5, pciDss-3.2:6.5.8, pciDss-4.0:6.2.4, stig-ASD_V5R3:V-222609"
BenchmarkTest00002.java,javasecurity:S2083,true,BLOCKER,"[{'softwareQuality': 'SECURITY', 'severity': 'BLOCKER'}]","cwe:20, cwe:22, owaspAsvs-4.0:12.3.1, owaspAsvs-4.0:5.1.3, owaspAsvs-4.0:5.1.4, owaspTop10-2021:a1, owaspTop10-2021:a3, owaspTop10:a1, owaspTop10:a5, pciDss-3.2:6.5.8, pciDss-4.0:6.2.4, stig-ASD_V5R3:V-222609"
BenchmarkTest00005.java,java:S5542,true,CRITICAL,"[{'softwareQuality': 'SECURITY', 'severity': 'HIGH'}]","cwe:327, cwe:780, owaspAsvs-4.0:2.9.3, owaspAsvs-4.0:6.2.2, owaspAsvs-4.0:8.3.7, owaspTop10-2021:a2, owaspTop10:a3, owaspTop10:a6, pciDss-3.2:4.1, pciDss-3.2:6.5.3, pciDss-3.2:6.5.4, pciDss-4.0:4.2.1, pciDss-4.0:6.2.4"
BenchmarkTest00005.java,java:S5547,true,CRITICAL,"[{'softwareQuality': 'SECURITY', 'severity': 'HIGH'}]","cwe:326, cwe:327, owaspAsvs-4.0:6.2.2, owaspAsvs-4.0:6.2.3, owaspAsvs-4.0:6.2.5, owaspAsvs-4.0:8.3.7, owaspTop10-2021:a2, owaspTop10:a3, owaspTop10:a6, pciDss-3.2:4.1, pciDss-3.2:6.5.3, pciDss-3.2:6.5.4, pciDss-4.0:4.2.1, pciDss-4.0:6.2.4, stig-ASD_V5R3:V-222396"
BenchmarkTest00007.java,javasecurity:S6547,true,MAJOR,"[{'softwareQuality': 'SECURITY', 'severity': 'MEDIUM'}]","cwe:20, cwe:454, owaspAsvs-4.0:5.1.3, owaspAsvs-4.0:5.1.4, owaspTop10-2021:a3, owaspTop10:a1, stig-ASD_V5R3:V-222609"
BenchmarkTest00008.java,javasecurity:S3649,true,BLOCKER,"[{'softwareQuality': 'SECURITY', 'severity': 'BLOCKER'}]","cwe:20, cwe:89, owaspAsvs-4.0:5.1.3, owaspAsvs-4.0:5.1.4, owaspAsvs-4.0:5.3.4, owaspAsvs-4.0:5.3.5, owaspTop10-2021:a3, owaspTop10:a1, pciDss-3.2:6.5.1, pciDss-4.0:6.2.4, stig-ASD_V5R3:V-222607, stig-ASD_V5R3:V-222609"
BenchmarkTest00012.java,javasecurity:S2078,true,BLOCKER,"[{'softwareQuality': 'SECURITY', 'severity': 'BLOCKER'}]","cwe:20, cwe:90, owaspAsvs-4.0:5.1.3, owaspAsvs-4.0:5.1.4, owaspAsvs-4.0:5.3.7, owaspTop10-2021:a3, owaspTop10:a1, pciDss-3.2:6.5.1, pciDss-4.0:6.2.4, stig-ASD_V5R3:V-222609"
BenchmarkTest00013.java,javasecurity:S5131,true,BLOCKER,"[{'softwareQuality': 'SECURITY', 'severity': 'BLOCKER'}]","cwe:79, owaspAsvs-4.0:5.3.3, owaspTop10-2021:a3, owaspTop10:a7, pciDss-3.2:6.5.7, pciDss-4.0:6.2.4, stig-ASD_V5R3:V-222602, stig-ASD_V5R3:V-222609"
BenchmarkTest00014.java,javasecurity:S5131,true,BLOCKER,"[{'softwareQuality': 'SECURITY', 'severity': 'BLOCKER'}]","cwe:79, owaspAsvs-4.0:5.3.3, owaspTop10-2021:a3, owaspTop10:a7, pciDss-3.2:6.5.7, pciDss-4.0:6.2.4, stig-ASD_V5R3:V-222602, stig-ASD_V5R3:V-222609"
BenchmarkTest00017.java,javasecurity:S2076,true,BLOCKER,"[{'softwareQuality': 'SECURITY', 'severity': 'BLOCKER'}]","cwe:20, cwe:78, owaspAsvs-4.0:12.3.5, owaspAsvs-4.0:5.1.3, owaspAsvs-4.0:5.1.4, owaspAsvs-4.0:5.3.8, owaspTop10-2021:a3, owaspTop10:a1, pciDss-3.2:6.5.1, pciDss-4.0:6.2.4, stig-ASD_V5R3:V-222604, stig-ASD_V5R3:V-222609"
BenchmarkTest00018.java,javasecurity:S3649,true,BLOCKER,"[{'softwareQuality': 'SECURITY', 'severity': 'BLOCKER'}]","cwe:20, cwe:89, owaspAsvs-4.0:5.1.3, owaspAsvs-4.0:5.1.4, owaspAsvs-4.0:5.3.4, owaspAsvs-4.0:5.3.5, owaspTop10-2021:a3, owaspTop10:a1, pciDss-3.2:6.5.1, pciDss-4.0:6.2.4, stig-ASD_V5R3:V-222607, stig-ASD_V5R3:V-222609"
BenchmarkTest00019.java,java:S5542,true,CRITICAL,"[{'softwareQuality': 'SECURITY', 'severity': 'HIGH'}]","cwe:327, cwe:780, owaspAsvs-4.0:2.9.3, owaspAsvs-4.0:6.2.2, owaspAsvs-4.0:8.3.7, owaspTop10-2021:a2, owaspTop10:a3, owaspTop10:a6, pciDss-3.2:4.1, pciDss-3.2:6.5.3, pciDss-3.2:6.5.4, pciDss-4.0:4.2.1, pciDss-4.0:6.2.4"
BenchmarkTest00019.java,java:S5547,true,CRITICAL,"[{'softwareQuality': 'SECURITY', 'severity': 'HIGH'}]","cwe:326, cwe:327, owaspAsvs-4.0:6.2.2, owaspAsvs-4.0:6.2.3, owaspAsvs-4.0:6.2.5, owaspAsvs-4.0:8.3.7, owaspTop10-2021:a2, owaspTop10:a3, owaspTop10:a6, pciDss-3.2:4.1, pciDss-3.2:6.5.3, pciDss-3.2:6.5.4, pciDss-4.0:4.2.1, pciDss-4.0:6.2.4, stig-ASD_V5R3:V-222396"
BenchmarkTest00020.java,java:S5542,true,CRITICAL,"[{'softwareQuality': 'SECURITY', 'severity': 'HIGH'}]","cwe:327, cwe:780, owaspAsvs-4.0:2.9.3, owaspAsvs-4.0:6.2.2, owaspAsvs-4.0:8.3.7, owaspTop10-2021:a2, owaspTop10:a3, owaspTop10:a6, pciDss-3.2:4.1, pciDss-3.2:6.5.3, pciDss-3.2:6.5.4, pciDss-4.0:4.2.1, pciDss-4.0:6.2.4"
BenchmarkTest00020.java,java:S5547,true,CRITICAL,"[{'softwareQuality': 'SECURITY', 'severity': 'HIGH'}]","cwe:326, cwe:327, owaspAsvs-4.0:6.2.2, owaspAsvs-4.0:6.2.3, owaspAsvs-4.0:6.2.5, owaspAsvs-4.0:8.3.7, owaspTop10-2021:a2, owaspTop10:a3, owaspTop10:a6, pciDss-3.2:4.1, pciDss-3.2:6.5.3, pciDss-3.2:6.5.4, pciDss-4.0:4.2.1, pciDss-4.0:6.2.4, stig-ASD_V5R3:V-222396"
BenchmarkTest00021.java,javasecurity:S2078,true,BLOCKER,"[{'softwareQuality': 'SECURITY', 'severity': 'BLOCKER'}]","cwe:20, cwe:90, owaspAsvs-4.0:5.1.3, owaspAsvs-4.0:5.1.4, owaspAsvs-4.0:5.3.7, owaspTop10-2021:a3, owaspTop10:a1, pciDss-3.2:6.5.1, pciDss-4.0:6.2.4, stig-ASD_V5R3:V-222609"
BenchmarkTest00024.java,javasecurity:S3649,true,BLOCKER,"[{'softwareQuality': 'SECURITY', 'severity': 'BLOCKER'}]","cwe:20, cwe:89, owaspAsvs-4.0:5.1.3, owaspAsvs-4.0:5.1.4, owaspAsvs-4.0:5.3.4, owaspAsvs-4.0:5.3.5, owaspTop10-2021:a3, owaspTop10:a1, pciDss-3.2:6.5.1, pciDss-4.0:6.2.4, stig-ASD_V5R3:V-222607, stig-ASD_V5R3:V-222609"
BenchmarkTest00025.java,javasecurity:S3649,true,BLOCKER,"[{'softwareQuality': 'SECURITY', 'severity': 'BLOCKER'}]","cwe:20, cwe:89, owaspAsvs-4.0:5.1.3, owaspAsvs-4.0:5.1.4, owaspAsvs-4.0:5.3.4, owaspAsvs-4.0:5.3.5, owaspTop10-2021:a3, owaspTop10:a1, pciDss-3.2:6.5.1, pciDss-4.0:6.2.4, stig-ASD_V5R3:V-222607, stig-ASD_V5R3:V-222609"
BenchmarkTest00026.java,javasecurity:S3649,true,BLOCKER,"[{'softwareQuality': 'SECURITY', 'severity': 'BLOCKER'}]","cwe:20, cwe:89, owaspAsvs-4.0:5.1.3, owaspAsvs-4.0:5.1.4, owaspAsvs-4.0:5.3.4, owaspAsvs-4.0:5.3.5, owaspTop10-2021:a3, owaspTop10:a1, pciDss-3.2:6.5.1, pciDss-4.0:6.2.4, stig-ASD_V5R3:V-222607, stig-ASD_V5R3:V-222609"
BenchmarkTest00027.java,javasecurity:S3649,true,BLOCKER,"[{'softwareQuality': 'SECURITY', 'severity': 'BLOCKER'}]","cwe:20, cwe:89, owaspAsvs-4.0:5.1.3, owaspAsvs-4.0:5.1.4, owaspAsvs-4.0:5.3.4, owaspAsvs-4.0:5.3.5, owaspTop10-2021:a3, owaspTop10:a1, pciDss-3.2:6.5.1, pciDss-4.0:6.2.4, stig-ASD_V5R3:V-222607, stig-ASD_V5R3:V-222609"
BenchmarkTest00028.java,javasecurity:S2083,true,BLOCKER,"[{'softwareQuality': 'SECURITY', 'severity': 'BLOCKER'}]","cwe:20, cwe:22, owaspAsvs-4.0:12.3.1, owaspAsvs-4.0:5.1.3, owaspAsvs-4.0:5.1.4, owaspTop10-2021:a1, owaspTop10-2021:a3, owaspTop10:a1, owaspTop10:a5, pciDss-3.2:6.5.8, pciDss-4.0:6.2.4, stig-ASD_V5R3:V-222609"
BenchmarkTest00030.java,javasecurity:S5131,true,BLOCKER,"[{'softwareQuality': 'SECURITY', 'severity': 'BLOCKER'}]","cwe:79, owaspAsvs-4.0:5.3.3, owaspTop10-2021:a3, owaspTop10:a7, pciDss-3.2:6.5.7, pciDss-4.0:6.2.4, stig-ASD_V5R3:V-222602, stig-ASD_V5R3:V-222609"
BenchmarkTest00032.java,javasecurity:S3649,true,BLOCKER,"[{'softwareQuality': 'SECURITY', 'severity': 'BLOCKER'}]","cwe:20, cwe:89, owaspAsvs-4.0:5.1.3, owaspAsvs-4.0:5.1.4, owaspAsvs-4.0:5.3.4, owaspAsvs-4.0:5.3.5, owaspTop10-2021:a3, owaspTop10:a1, pciDss-3.2:6.5.1, pciDss-4.0:6.2.4, stig-ASD_V5R3:V-222607, stig-ASD_V5R3:V-222609"
BenchmarkTest00033.java,javasecurity:S3649,true,BLOCKER,"[{'softwareQuality': 'SECURITY', 'severity': 'BLOCKER'}]","cwe:20, cwe:89, owaspAsvs-4.0:5.1.3, owaspAsvs-4.0:5.1.4, owaspAsvs-4.0:5.3.4, owaspAsvs-4.0:5.3.5, owaspTop10-2021:a3, owaspTop10:a1, pciDss-3.2:6.5.1, pciDss-4.0:6.2.4, stig-ASD_V5R3:V-222607, stig-ASD_V5R3:V-222609"
BenchmarkTest00034.java,javasecurity:S3649,true,BLOCKER,"[{'softwareQuality': 'SECURITY', 'severity': 'BLOCKER'}]","cwe:20, cwe:89, owaspAsvs-4.0:5.1.3, owaspAsvs-4.0:5.1.4, owaspAsvs-4.0:5.3.4, owaspAsvs-4.0:5.3.5, owaspTop10-2021:a3, owaspTop10:a1, pciDss-3.2:6.5.1, pciDss-4.0:6.2.4, stig-ASD_V5R3:V-222607, stig-ASD_V5R3:V-222609"
BenchmarkTest00035.java,java:S5542,true,CRITICAL,"[{'softwareQuality': 'SECURITY', 'severity': 'HIGH'}]","cwe:327, cwe:780, owaspAsvs-4.0:2.9.3, owaspAsvs-4.0:6.2.2, owaspAsvs-4.0:8.3.7, owaspTop10-2021:a2, owaspTop10:a3, owaspTop10:a6, pciDss-3.2:4.1, pciDss-3.2:6.5.3, pciDss-3.2:6.5.4, pciDss-4.0:4.2.1, pciDss-4.0:6.2.4"
BenchmarkTest00035.java,java:S5547,true,CRITICAL,"[{'softwareQuality': 'SECURITY', 'severity': 'HIGH'}]","cwe:326, cwe:327, owaspAsvs-4.0:6.2.2, owaspAsvs-4.0:6.2.3, owaspAsvs-4.0:6.2.5, owaspAsvs-4.0:8.3.7, owaspTop10-2021:a2, owaspTop10:a3, owaspTop10:a6, pciDss-3.2:4.1, pciDss-3.2:6.5.3, pciDss-3.2:6.5.4, pciDss-4.0:4.2.1, pciDss-4.0:6.2.4, stig-ASD_V5R3:V-222396"
BenchmarkTest00036.java,javasecurity:S5131,true,BLOCKER,"[{'softwareQuality': 'SECURITY', 'severity': 'BLOCKER'}]","cwe:79, owaspAsvs-4.0:5.3.3, owaspTop10-2021:a3, owaspTop10:a7, pciDss-3.2:6.5.7, pciDss-4.0:6.2.4, stig-ASD_V5R3:V-222602, stig-ASD_V5R3:V-222609"
BenchmarkTest00037.java,javasecurity:S3649,true,BLOCKER,"[{'softwareQuality': 'SECURITY', 'severity': 'BLOCKER'}]","cwe:20, cwe:89, owaspAsvs-4.0:5.1.3, owaspAsvs-4.0:5.1.4, owaspAsvs-4.0:5.3.4, owaspAsvs-4.0:5.3.5, owaspTop10-2021:a3, owaspTop10:a1, pciDss-3.2:6.5.1, pciDss-4.0:6.2.4, stig-ASD_V5R3:V-222607, stig-ASD_V5R3:V-222609"
BenchmarkTest00038.java,javasecurity:S3649,true,BLOCKER,"[{'softwareQuality': 'SECURITY', 'severity': 'BLOCKER'}]","cwe:20, cwe:89, owaspAsvs-4.0:5.1.3, owaspAsvs-4.0:5.1.4, owaspAsvs-4.0:5.3.4, owaspAsvs-4.0:5.3.5, owaspTop10-2021:a3, owaspTop10:a1, pciDss-3.2:6.5.1, pciDss-4.0:6.2.4, stig-ASD_V5R3:V-222607, stig-ASD_V5R3:V-222609"
BenchmarkTest00039.java,javasecurity:S3649,true,BLOCKER,"[{'softwareQuality': 'SECURITY', 'severity': 'BLOCKER'}]","cwe:20, cwe:89, owaspAsvs-4.0:5.1.3, owaspAsvs-4.0:5.1.4, owaspAsvs-4.0:5.3.4, owaspAsvs-4.0:5.3.5, owaspTop10-2021:a3, owaspTop10:a1, pciDss-3.2:6.5.1, pciDss-4.0:6.2.4, stig-ASD_V5R3:V-222607, stig-ASD_V5R3:V-222609"
BenchmarkTest00040.java,javasecurity:S6549,true,MAJOR,"[{'softwareQuality': 'SECURITY', 'severity': 'MEDIUM'}]","cwe:20, cwe:22, owaspAsvs-4.0:12.3.1, owaspAsvs-4.0:5.1.3, owaspAsvs-4.0:5.1.4, owaspTop10-2021:a1, owaspTop10-2021:a3, owaspTop10:a1, owaspTop10:a5, pciDss-3.2:6.5.8, pciDss-4.0:6.2.4, stig-ASD_V5R3:V-222609"
BenchmarkTest00041.java,javasecurity:S5131,true,BLOCKER,"[{'softwareQuality': 'SECURITY', 'severity': 'BLOCKER'}]","cwe:79, owaspAsvs-4.0:5.3.3, owaspTop10-2021:a3, owaspTop10:a7, pciDss-3.2:6.5.7, pciDss-4.0:6.2.4, stig-ASD_V5R3:V-222602, stig-ASD_V5R3:V-222609"
BenchmarkTest00043.java,javasecurity:S3649,true,BLOCKER,"[{'softwareQuality': 'SECURITY', 'severity': 'BLOCKER'}]","cwe:20, cwe:89, owaspAsvs-4.0:5.1.3, owaspAsvs-4.0:5.1.4, owaspAsvs-4.0:5.3.4, owaspAsvs-4.0:5.3.5, owaspTop10-2021:a3, owaspTop10:a1, pciDss-3.2:6.5.1, pciDss-4.0:6.2.4, stig-ASD_V5R3:V-222607, stig-ASD_V5R3:V-222609"
BenchmarkTest00044.java,javasecurity:S2078,true,BLOCKER,"[{'softwareQuality': 'SECURITY', 'severity': 'BLOCKER'}]","cwe:20, cwe:90, owaspAsvs-4.0:5.1.3, owaspAsvs-4.0:5.1.4, owaspAsvs-4.0:5.3.7, owaspTop10-2021:a3, owaspTop10:a1, pciDss-3.2:6.5.1, pciDss-4.0:6.2.4, stig-ASD_V5R3:V-222609"
BenchmarkTest00045.java,javasecurity:S2083,true,BLOCKER,"[{'softwareQuality': 'SECURITY', 'severity': 'BLOCKER'}]","cwe:20, cwe:22, owaspAsvs-4.0:12.3.1, owaspAsvs-4.0:5.1.3, owaspAsvs-4.0:5.1.4, owaspTop10-2021:a1, owaspTop10-2021:a3, owaspTop10:a1, owaspTop10:a5, pciDss-3.2:6.5.8, pciDss-4.0:6.2.4, stig-ASD_V5R3:V-222609"
BenchmarkTest00047.java,javasecurity:S5131,true,BLOCKER,"[{'softwareQuality': 'SECURITY', 'severity': 'BLOCKER'}]","cwe:79, owaspAsvs-4.0:5.3.3, owaspTop10-2021:a3, owaspTop10:a7, pciDss-3.2:6.5.7, pciDss-4.0:6.2.4, stig-ASD_V5R3:V-222602, stig-ASD_V5R3:V-222609"
BenchmarkTest00048.java,javasecurity:S5131,true,BLOCKER,"[{'softwareQuality': 'SECURITY', 'severity': 'BLOCKER'}]","cwe:79, owaspAsvs-4.0:5.3.3, owaspTop10-2021:a3, owaspTop10:a7, pciDss-3.2:6.5.7, pciDss-4.0:6.2.4, stig-ASD_V5R3:V-222602, stig-ASD_V5R3:V-222609"
BenchmarkTest00049.java,javasecurity:S5131,true,BLOCKER,"[{'softwareQuality': 'SECURITY', 'severity': 'BLOCKER'}]","cwe:79, owaspAsvs-4.0:5.3.3, owaspTop10-2021:a3, owaspTop10:a7, pciDss-3.2:6.5.7, pciDss-4.0:6.2.4, stig-ASD_V5R3:V-222602, stig-ASD_V5R3:V-222609"
BenchmarkTest00050.java,java:S5542,true,CRITICAL,"[{'softwareQuality': 'SECURITY', 'severity': 'HIGH'}]","cwe:327, cwe:780, owaspAsvs-4.0:2.9.3, owaspAsvs-4.0:6.2.2, owaspAsvs-4.0:8.3.7, owaspTop10-2021:a2, owaspTop10:a3, owaspTop10:a6, pciDss-3.2:4.1, pciDss-3.2:6.5.3, pciDss-3.2:6.5.4, pciDss-4.0:4.2.1, pciDss-4.0:6.2.4"
BenchmarkTest00050.java,java:S5547,true,CRITICAL,"[{'softwareQuality': 'SECURITY', 'severity': 'HIGH'}]","cwe:326, cwe:327, owaspAsvs-4.0:6.2.2, owaspAsvs-4.0:6.2.3, owaspAsvs-4.0:6.2.5, owaspAsvs-4.0:8.3.7, owaspTop10-2021:a2, owaspTop10:a3, owaspTop10:a6, pciDss-3.2:4.1, pciDss-3.2:6.5.3, pciDss-3.2:6.5.4, pciDss-4.0:4.2.1, pciDss-4.0:6.2.4, stig-ASD_V5R3:V-222396"
BenchmarkTest00053.java,java:S5542,true,CRITICAL,"[{'softwareQuality': 'SECURITY', 'severity': 'HIGH'}]","cwe:327, cwe:780, owaspAsvs-4.0:2.9.3, owaspAsvs-4.0:6.2.2, owaspAsvs-4.0:8.3.7, owaspTop10-2021:a2, owaspTop10:a3, owaspTop10:a6, pciDss-3.2:4.1, pciDss-3.2:6.5.3, pciDss-3.2:6.5.4, pciDss-4.0:4.2.1, pciDss-4.0:6.2.4"
BenchmarkTest00053.java,java:S5547,true,CRITICAL,"[{'softwareQuality': 'SECURITY', 'severity': 'HIGH'}]","cwe:326, cwe:327, owaspAsvs-4.0:6.2.2, owaspAsvs-4.0:6.2.3, owaspAsvs-4.0:6.2.5, owaspAsvs-4.0:8.3.7, owaspTop10-2021:a2, owaspTop10:a3, owaspTop10:a6, pciDss-3.2:4.1, pciDss-3.2:6.5.3, pciDss-3.2:6.5.4, pciDss-4.0:4.2.1, pciDss-4.0:6.2.4, stig-ASD_V5R3:V-222396"
BenchmarkTest00055.java,java:S5547,true,CRITICAL,"[{'softwareQuality': 'SECURITY', 'severity': 'HIGH'}]","cwe:326, cwe:327, owaspAsvs-4.0:6.2.2, owaspAsvs-4.0:6.2.3, owaspAsvs-4.0:6.2.5, owaspAsvs-4.0:8.3.7, owaspTop10-2021:a2, owaspTop10:a3, owaspTop10:a6, pciDss-3.2:4.1, pciDss-3.2:6.5.3, pciDss-3.2:6.5.4, pciDss-4.0:4.2.1, pciDss-4.0:6.2.4, stig-ASD_V5R3:V-222396"
BenchmarkTest00055.java,java:S5542,true,CRITICAL,"[{'softwareQuality': 'SECURITY', 'severity': 'HIGH'}]","cwe:327, cwe:780, owaspAsvs-4.0:2.9.3, owaspAsvs-4.0:6.2.2, owaspAsvs-4.0:8.3.7, owaspTop10-2021:a2, owaspTop10:a3, owaspTop10:a6, pciDss-3.2:4.1, pciDss-3.2:6.5.3, pciDss-3.2:6.5.4, pciDss-4.0:4.2.1, pciDss-4.0:6.2.4"
BenchmarkTest00056.java,java:S5542,true,CRITICAL,"[{'softwareQuality': 'SECURITY', 'severity': 'HIGH'}]","cwe:327, cwe:780, owaspAsvs-4.0:2.9.3, owaspAsvs-4.0:6.2.2, owaspAsvs-4.0:8.3.7, owaspTop10-2021:a2, owaspTop10:a3, owaspTop10:a6, pciDss-3.2:4.1, pciDss-3.2:6.5.3, pciDss-3.2:6.5.4, pciDss-4.0:4.2.1, pciDss-4.0:6.2.4"
BenchmarkTest00056.java,java:S5547,true,CRITICAL,"[{'softwareQuality': 'SECURITY', 'severity': 'HIGH'}]","cwe:326, cwe:327, owaspAsvs-4.0:6.2.2, owaspAsvs-4.0:6.2.3, owaspAsvs-4.0:6.2.5, owaspAsvs-4.0:8.3.7, owaspTop10-2021:a2, owaspTop10:a3, owaspTop10:a6, pciDss-3.2:4.1, pciDss-3.2:6.5.3, pciDss-3.2:6.5.4, pciDss-4.0:4.2.1, pciDss-4.0:6.2.4, stig-ASD_V5R3:V-222396"
BenchmarkTest00057.java,java:S5542,true,CRITICAL,"[{'softwareQuality': 'SECURITY', 'severity': 'HIGH'}]","cwe:327, cwe:780, owaspAsvs-4.0:2.9.3, owaspAsvs-4.0:6.2.2, owaspAsvs-4.0:8.3.7, owaspTop10-2021:a2, owaspTop10:a3, owaspTop10:a6, pciDss-3.2:4.1, pciDss-3.2:6.5.3, pciDss-3.2:6.5.4, pciDss-4.0:4.2.1, pciDss-4.0:6.2.4"
BenchmarkTest00057.java,java:S5547,true,CRITICAL,"[{'softwareQuality': 'SECURITY', 'severity': 'HIGH'}]","cwe:326, cwe:327, owaspAsvs-4.0:6.2.2, owaspAsvs-4.0:6.2.3, owaspAsvs-4.0:6.2.5, owaspAsvs-4.0:8.3.7, owaspTop10-2021:a2, owaspTop10:a3, owaspTop10:a6, pciDss-3.2:4.1, pciDss-3.2:6.5.3, pciDss-3.2:6.5.4, pciDss-4.0:4.2.1, pciDss-4.0:6.2.4, stig-ASD_V5R3:V-222396"
BenchmarkTest00059.java,java:S5542,true,CRITICAL,"[{'softwareQuality': 'SECURITY', 'severity': 'HIGH'}]","cwe:327, cwe:780, owaspAsvs-4.0:2.9.3, owaspAsvs-4.0:6.2.2, owaspAsvs-4.0:8.3.7, owaspTop10-2021:a2, owaspTop10:a3, owaspTop10:a6, pciDss-3.2:4.1, pciDss-3.2:6.5.3, pciDss-3.2:6.5.4, pciDss-4.0:4.2.1, pciDss-4.0:6.2.4"
BenchmarkTest00060.java,javasecurity:S6549,true,MAJOR,"[{'softwareQuality': 'SECURITY', 'severity': 'MEDIUM'}]","cwe:20, cwe:22, owaspAsvs-4.0:12.3.1, owaspAsvs-4.0:5.1.3, owaspAsvs-4.0:5.1.4, owaspTop10-2021:a1, owaspTop10-2021:a3, owaspTop10:a1, owaspTop10:a5, pciDss-3.2:6.5.8, pciDss-4.0:6.2.4, stig-ASD_V5R3:V-222609"
BenchmarkTest00062.java,javasecurity:S2083,true,BLOCKER,"[{'softwareQuality': 'SECURITY', 'severity': 'BLOCKER'}]","cwe:20, cwe:22, owaspAsvs-4.0:12.3.1, owaspAsvs-4.0:5.1.3, owaspAsvs-4.0:5.1.4, owaspTop10-2021:a1, owaspTop10-2021:a3, owaspTop10:a1, owaspTop10:a5, pciDss-3.2:6.5.8, pciDss-4.0:6.2.4, stig-ASD_V5R3:V-222609"
BenchmarkTest00063.java,javasecurity:S2083,true,BLOCKER,"[{'softwareQuality': 'SECURITY', 'severity': 'BLOCKER'}]","cwe:20, cwe:22, owaspAsvs-4.0:12.3.1, owaspAsvs-4.0:5.1.3, owaspAsvs-4.0:5.1.4, owaspTop10-2021:a1, owaspTop10-2021:a3, owaspTop10:a1, owaspTop10:a5, pciDss-3.2:6.5.8, pciDss-4.0:6.2.4, stig-ASD_V5R3:V-222609"
BenchmarkTest00064.java,javasecurity:S2083,true,BLOCKER,"[{'softwareQuality': 'SECURITY', 'severity': 'BLOCKER'}]","cwe:20, cwe:22, owaspAsvs-4.0:12.3.1, owaspAsvs-4.0:5.1.3, owaspAsvs-4.0:5.1.4, owaspTop10-2021:a1, owaspTop10-2021:a3, owaspTop10:a1, owaspTop10:a5, pciDss-3.2:6.5.8, pciDss-4.0:6.2.4, stig-ASD_V5R3:V-222609"
BenchmarkTest00065.java,javasecurity:S2083,true,BLOCKER,"[{'softwareQuality': 'SECURITY', 'severity': 'BLOCKER'}]","cwe:20, cwe:22, owaspAsvs-4.0:12.3.1, owaspAsvs-4.0:5.1.3, owaspAsvs-4.0:5.1.4, owaspTop10-2021:a1, owaspTop10-2021:a3, owaspTop10:a1, owaspTop10:a5, pciDss-3.2:6.5.8, pciDss-4.0:6.2.4, stig-ASD_V5R3:V-222609"
BenchmarkTest00090.java,javasecurity:S2076,true,BLOCKER,"[{'softwareQuality': 'SECURITY', 'severity': 'BLOCKER'}]","cwe:20, cwe:78, owaspAsvs-4.0:12.3.5, owaspAsvs-4.0:5.1.3, owaspAsvs-4.0:5.1.4, owaspAsvs-4.0:5.3.8, owaspTop10-2021:a3, owaspTop10:a1, pciDss-3.2:6.5.1, pciDss-4.0:6.2.4, stig-ASD_V5R3:V-222604, stig-ASD_V5R3:V-222609"
BenchmarkTest00091.java,javasecurity:S6547,true,MAJOR,"[{'softwareQuality': 'SECURITY', 'severity': 'MEDIUM'}]","cwe:20, cwe:454, owaspAsvs-4.0:5.1.3, owaspAsvs-4.0:5.1.4, owaspTop10-2021:a3, owaspTop10:a1, stig-ASD_V5R3:V-222609"
BenchmarkTest00092.java,javasecurity:S6547,true,MAJOR,"[{'softwareQuality': 'SECURITY', 'severity': 'MEDIUM'}]","cwe:20, cwe:454, owaspAsvs-4.0:5.1.3, owaspAsvs-4.0:5.1.4, owaspTop10-2021:a3, owaspTop10:a1, stig-ASD_V5R3:V-222609"
BenchmarkTest00100.java,javasecurity:S3649,true,BLOCKER,"[{'softwareQuality': 'SECURITY', 'severity': 'BLOCKER'}]","cwe:20, cwe:89, owaspAsvs-4.0:5.1.3, owaspAsvs-4.0:5.1.4, owaspAsvs-4.0:5.3.4, owaspAsvs-4.0:5.3.5, owaspTop10-2021:a3, owaspTop10:a1, pciDss-3.2:6.5.1, pciDss-4.0:6.2.4, stig-ASD_V5R3:V-222607, stig-ASD_V5R3:V-222609"
BenchmarkTest00101.java,javasecurity:S3649,true,BLOCKER,"[{'softwareQuality': 'SECURITY', 'severity': 'BLOCKER'}]","cwe:20, cwe:89, owaspAsvs-4.0:5.1.3, owaspAsvs-4.0:5.1.4, owaspAsvs-4.0:5.3.4, owaspAsvs-4.0:5.3.5, owaspTop10-2021:a3, owaspTop10:a1, pciDss-3.2:6.5.1, pciDss-4.0:6.2.4, stig-ASD_V5R3:V-222607, stig-ASD_V5R3:V-222609"
BenchmarkTest00102.java,javasecurity:S3649,true,BLOCKER,"[{'softwareQuality': 'SECURITY', 'severity': 'BLOCKER'}]","cwe:20, cwe:89, owaspAsvs-4.0:5.1.3, owaspAsvs-4.0:5.1.4, owaspAsvs-4.0:5.3.4, owaspAsvs-4.0:5.3.5, owaspTop10-2021:a3, owaspTop10:a1, pciDss-3.2:6.5.1, pciDss-4.0:6.2.4, stig-ASD_V5R3:V-222607, stig-ASD_V5R3:V-222609"
BenchmarkTest00103.java,javasecurity:S3649,true,BLOCKER,"[{'softwareQuality': 'SECURITY', 'severity': 'BLOCKER'}]","cwe:20, cwe:89, owaspAsvs-4.0:5.1.3, owaspAsvs-4.0:5.1.4, owaspAsvs-4.0:5.3.4, owaspAsvs-4.0:5.3.5, owaspTop10-2021:a3, owaspTop10:a1, pciDss-3.2:6.5.1, pciDss-4.0:6.2.4, stig-ASD_V5R3:V-222607, stig-ASD_V5R3:V-222609"
BenchmarkTest00104.java,javasecurity:S3649,true,BLOCKER,"[{'softwareQuality': 'SECURITY', 'severity': 'BLOCKER'}]","cwe:20, cwe:89, owaspAsvs-4.0:5.1.3, owaspAsvs-4.0:5.1.4, owaspAsvs-4.0:5.3.4, owaspAsvs-4.0:5.3.5, owaspTop10-2021:a3, owaspTop10:a1, pciDss-3.2:6.5.1, pciDss-4.0:6.2.4, stig-ASD_V5R3:V-222607, stig-ASD_V5R3:V-222609"
BenchmarkTest00105.java,javasecurity:S3649,true,BLOCKER,"[{'softwareQuality': 'SECURITY', 'severity': 'BLOCKER'}]","cwe:20, cwe:89, owaspAsvs-4.0:5.1.3, owaspAsvs-4.0:5.1.4, owaspAsvs-4.0:5.3.4, owaspAsvs-4.0:5.3.5, owaspTop10-2021:a3, owaspTop10:a1, pciDss-3.2:6.5.1, pciDss-4.0:6.2.4, stig-ASD_V5R3:V-222607, stig-ASD_V5R3:V-222609"
BenchmarkTest00106.java,javasecurity:S3649,true,BLOCKER,"[{'softwareQuality': 'SECURITY', 'severity': 'BLOCKER'}]","cwe:20, cwe:89, owaspAsvs-4.0:5.1.3, owaspAsvs-4.0:5.1.4, owaspAsvs-4.0:5.3.4, owaspAsvs-4.0:5.3.5, owaspTop10-2021:a3, owaspTop10:a1, pciDss-3.2:6.5.1, pciDss-4.0:6.2.4, stig-ASD_V5R3:V-222607, stig-ASD_V5R3:V-222609"
BenchmarkTest00108.java,javasecurity:S3649,true,BLOCKER,"[{'softwareQuality': 'SECURITY', 'severity': 'BLOCKER'}]","cwe:20, cwe:89, owaspAsvs-4.0:5.1.3, owaspAsvs-4.0:5.1.4, owaspAsvs-4.0:5.3.4, owaspAsvs-4.0:5.3.5, owaspTop10-2021:a3, owaspTop10:a1, pciDss-3.2:6.5.1, pciDss-4.0:6.2.4, stig-ASD_V5R3:V-222607, stig-ASD_V5R3:V-222609"
BenchmarkTest00109.java,javasecurity:S3649,true,BLOCKER,"[{'softwareQuality': 'SECURITY', 'severity': 'BLOCKER'}]","cwe:20, cwe:89, owaspAsvs-4.0:5.1.3, owaspAsvs-4.0:5.1.4, owaspAsvs-4.0:5.3.4, owaspAsvs-4.0:5.3.5, owaspTop10-2021:a3, owaspTop10:a1, pciDss-3.2:6.5.1, pciDss-4.0:6.2.4, stig-ASD_V5R3:V-222607, stig-ASD_V5R3:V-222609"
BenchmarkTest00111.java,javasecurity:S3649,true,BLOCKER,"[{'softwareQuality': 'SECURITY', 'severity': 'BLOCKER'}]","cwe:20, cwe:89, owaspAsvs-4.0:5.1.3, owaspAsvs-4.0:5.1.4, owaspAsvs-4.0:5.3.4, owaspAsvs-4.0:5.3.5, owaspTop10-2021:a3, owaspTop10:a1, pciDss-3.2:6.5.1, pciDss-4.0:6.2.4, stig-ASD_V5R3:V-222607, stig-ASD_V5R3:V-222609"
BenchmarkTest00112.java,javasecurity:S3649,true,BLOCKER,"[{'softwareQuality': 'SECURITY', 'severity': 'BLOCKER'}]","cwe:20, cwe:89, owaspAsvs-4.0:5.1.3, owaspAsvs-4.0:5.1.4, owaspAsvs-4.0:5.3.4, owaspAsvs-4.0:5.3.5, owaspTop10-2021:a3, owaspTop10:a1, pciDss-3.2:6.5.1, pciDss-4.0:6.2.4, stig-ASD_V5R3:V-222607, stig-ASD_V5R3:V-222609"
BenchmarkTest00114.java,javasecurity:S3649,true,BLOCKER,"[{'softwareQuality': 'SECURITY', 'severity': 'BLOCKER'}]","cwe:20, cwe:89, owaspAsvs-4.0:5.1.3, owaspAsvs-4.0:5.1.4, owaspAsvs-4.0:5.3.4, owaspAsvs-4.0:5.3.5, owaspTop10-2021:a3, owaspTop10:a1, pciDss-3.2:6.5.1, pciDss-4.0:6.2.4, stig-ASD_V5R3:V-222607, stig-ASD_V5R3:V-222609"
BenchmarkTest00115.java,javasecurity:S3649,true,BLOCKER,"[{'softwareQuality': 'SECURITY', 'severity': 'BLOCKER'}]","cwe:20, cwe:89, owaspAsvs-4.0:5.1.3, owaspAsvs-4.0:5.1.4, owaspAsvs-4.0:5.3.4, owaspAsvs-4.0:5.3.5, owaspTop10-2021:a3, owaspTop10:a1, pciDss-3.2:6.5.1, pciDss-4.0:6.2.4, stig-ASD_V5R3:V-222607, stig-ASD_V5R3:V-222609"
BenchmarkTest00117.java,javasecurity:S2091,true,BLOCKER,"[{'softwareQuality': 'SECURITY', 'severity': 'BLOCKER'}]","cwe:20, cwe:643, owaspAsvs-4.0:5.1.3, owaspAsvs-4.0:5.1.4, owaspAsvs-4.0:5.3.10, owaspTop10-2021:a3, owaspTop10:a1, pciDss-3.2:6.5.1, pciDss-4.0:6.2.4, stig-ASD_V5R3:V-222608, stig-ASD_V5R3:V-222609"
BenchmarkTest00118.java,javasecurity:S2091,true,BLOCKER,"[{'softwareQuality': 'SECURITY', 'severity': 'BLOCKER'}]","cwe:20, cwe:643, owaspAsvs-4.0:5.1.3, owaspAsvs-4.0:5.1.4, owaspAsvs-4.0:5.3.10, owaspTop10-2021:a3, owaspTop10:a1, pciDss-3.2:6.5.1, pciDss-4.0:6.2.4, stig-ASD_V5R3:V-222608, stig-ASD_V5R3:V-222609"
BenchmarkTest00119.java,java:S5542,true,CRITICAL,"[{'softwareQuality': 'SECURITY', 'severity': 'HIGH'}]","cwe:327, cwe:780, owaspAsvs-4.0:2.9.3, owaspAsvs-4.0:6.2.2, owaspAsvs-4.0:8.3.7, owaspTop10-2021:a2, owaspTop10:a3, owaspTop10:a6, pciDss-3.2:4.1, pciDss-3.2:6.5.3, pciDss-3.2:6.5.4, pciDss-4.0:4.2.1, pciDss-4.0:6.2.4"
BenchmarkTest00119.java,java:S5547,true,CRITICAL,"[{'softwareQuality': 'SECURITY', 'severity': 'HIGH'}]","cwe:326, cwe:327, owaspAsvs-4.0:6.2.2, owaspAsvs-4.0:6.2.3, owaspAsvs-4.0:6.2.5, owaspAsvs-4.0:8.3.7, owaspTop10-2021:a2, owaspTop10:a3, owaspTop10:a6, pciDss-3.2:4.1, pciDss-3.2:6.5.3, pciDss-3.2:6.5.4, pciDss-4.0:4.2.1, pciDss-4.0:6.2.4, stig-ASD_V5R3:V-222396"
BenchmarkTest00120.java,java:S5542,true,CRITICAL,"[{'softwareQuality': 'SECURITY', 'severity': 'HIGH'}]","cwe:327, cwe:780, owaspAsvs-4.0:2.9.3, owaspAsvs-4.0:6.2.2, owaspAsvs-4.0:8.3.7, owaspTop10-2021:a2, owaspTop10:a3, owaspTop10:a6, pciDss-3.2:4.1, pciDss-3.2:6.5.3, pciDss-3.2:6.5.4, pciDss-4.0:4.2.1, pciDss-4.0:6.2.4"
BenchmarkTest00120.java,java:S5547,true,CRITICAL,"[{'softwareQuality': 'SECURITY', 'severity': 'HIGH'}]","cwe:326, cwe:327, owaspAsvs-4.0:6.2.2, owaspAsvs-4.0:6.2.3, owaspAsvs-4.0:6.2.5, owaspAsvs-4.0:8.3.7, owaspTop10-2021:a2, owaspTop10:a3, owaspTop10:a6, pciDss-3.2:4.1, pciDss-3.2:6.5.3, pciDss-3.2:6.5.4, pciDss-4.0:4.2.1, pciDss-4.0:6.2.4, stig-ASD_V5R3:V-222396"
BenchmarkTest00123.java,java:S5542,true,CRITICAL,"[{'softwareQuality': 'SECURITY', 'severity': 'HIGH'}]","cwe:327, cwe:780, owaspAsvs-4.0:2.9.3, owaspAsvs-4.0:6.2.2, owaspAsvs-4.0:8.3.7, owaspTop10-2021:a2, owaspTop10:a3, owaspTop10:a6, pciDss-3.2:4.1, pciDss-3.2:6.5.3, pciDss-3.2:6.5.4, pciDss-4.0:4.2.1, pciDss-4.0:6.2.4"
BenchmarkTest00123.java,java:S5547,true,CRITICAL,"[{'softwareQuality': 'SECURITY', 'severity': 'HIGH'}]","cwe:326, cwe:327, owaspAsvs-4.0:6.2.2, owaspAsvs-4.0:6.2.3, owaspAsvs-4.0:6.2.5, owaspAsvs-4.0:8.3.7, owaspTop10-2021:a2, owaspTop10:a3, owaspTop10:a6, pciDss-3.2:4.1, pciDss-3.2:6.5.3, pciDss-3.2:6.5.4, pciDss-4.0:4.2.1, pciDss-4.0:6.2.4, stig-ASD_V5R3:V-222396"
BenchmarkTest00124.java,java:S5542,true,CRITICAL,"[{'softwareQuality': 'SECURITY', 'severity': 'HIGH'}]","cwe:327, cwe:780, owaspAsvs-4.0:2.9.3, owaspAsvs-4.0:6.2.2, owaspAsvs-4.0:8.3.7, owaspTop10-2021:a2, owaspTop10:a3, owaspTop10:a6, pciDss-3.2:4.1, pciDss-3.2:6.5.3, pciDss-3.2:6.5.4, pciDss-4.0:4.2.1, pciDss-4.0:6.2.4"
BenchmarkTest00124.java,java:S5547,true,CRITICAL,"[{'softwareQuality': 'SECURITY', 'severity': 'HIGH'}]","cwe:326, cwe:327, owaspAsvs-4.0:6.2.2, owaspAsvs-4.0:6.2.3, owaspAsvs-4.0:6.2.5, owaspAsvs-4.0:8.3.7, owaspTop10-2021:a2, owaspTop10:a3, owaspTop10:a6, pciDss-3.2:4.1, pciDss-3.2:6.5.3, pciDss-3.2:6.5.4, pciDss-4.0:4.2.1, pciDss-4.0:6.2.4, stig-ASD_V5R3:V-222396"
BenchmarkTest00125.java,java:S5542,true,CRITICAL,"[{'softwareQuality': 'SECURITY', 'severity': 'HIGH'}]","cwe:327, cwe:780, owaspAsvs-4.0:2.9.3, owaspAsvs-4.0:6.2.2, owaspAsvs-4.0:8.3.7, owaspTop10-2021:a2, owaspTop10:a3, owaspTop10:a6, pciDss-3.2:4.1, pciDss-3.2:6.5.3, pciDss-3.2:6.5.4, pciDss-4.0:4.2.1, pciDss-4.0:6.2.4"
BenchmarkTest00125.java,java:S5547,true,CRITICAL,"[{'softwareQuality': 'SECURITY', 'severity': 'HIGH'}]","cwe:326, cwe:327, owaspAsvs-4.0:6.2.2, owaspAsvs-4.0:6.2.3, owaspAsvs-4.0:6.2.5, owaspAsvs-4.0:8.3.7, owaspTop10-2021:a2, owaspTop10:a3, owaspTop10:a6, pciDss-3.2:4.1, pciDss-3.2:6.5.3, pciDss-3.2:6.5.4, pciDss-4.0:4.2.1, pciDss-4.0:6.2.4, stig-ASD_V5R3:V-222396"
BenchmarkTest00127.java,java:S5542,true,CRITICAL,"[{'softwareQuality': 'SECURITY', 'severity': 'HIGH'}]","cwe:327, cwe:780, owaspAsvs-4.0:2.9.3, owaspAsvs-4.0:6.2.2, owaspAsvs-4.0:8.3.7, owaspTop10-2021:a2, owaspTop10:a3, owaspTop10:a6, pciDss-3.2:4.1, pciDss-3.2:6.5.3, pciDss-3.2:6.5.4, pciDss-4.0:4.2.1, pciDss-4.0:6.2.4"
BenchmarkTest00128.java,java:S5542,true,CRITICAL,"[{'softwareQuality': 'SECURITY', 'severity': 'HIGH'}]","cwe:327, cwe:780, owaspAsvs-4.0:2.9.3, owaspAsvs-4.0:6.2.2, owaspAsvs-4.0:8.3.7, owaspTop10-2021:a2, owaspTop10:a3, owaspTop10:a6, pciDss-3.2:4.1, pciDss-3.2:6.5.3, pciDss-3.2:6.5.4, pciDss-4.0:4.2.1, pciDss-4.0:6.2.4"
BenchmarkTest00129.java,java:S5542,true,CRITICAL,"[{'softwareQuality': 'SECURITY', 'severity': 'HIGH'}]","cwe:327, cwe:780, owaspAsvs-4.0:2.9.3, owaspAsvs-4.0:6.2.2, owaspAsvs-4.0:8.3.7, owaspTop10-2021:a2, owaspTop10:a3, owaspTop10:a6, pciDss-3.2:4.1, pciDss-3.2:6.5.3, pciDss-3.2:6.5.4, pciDss-4.0:4.2.1, pciDss-4.0:6.2.4"
BenchmarkTest00130.java,java:S5542,true,CRITICAL,"[{'softwareQuality': 'SECURITY', 'severity': 'HIGH'}]","cwe:327, cwe:780, owaspAsvs-4.0:2.9.3, owaspAsvs-4.0:6.2.2, owaspAsvs-4.0:8.3.7, owaspTop10-2021:a2, owaspTop10:a3, owaspTop10:a6, pciDss-3.2:4.1, pciDss-3.2:6.5.3, pciDss-3.2:6.5.4, pciDss-4.0:4.2.1, pciDss-4.0:6.2.4"
BenchmarkTest00131.java,javasecurity:S6549,true,MAJOR,"[{'softwareQuality': 'SECURITY', 'severity': 'MEDIUM'}]","cwe:20, cwe:22, owaspAsvs-4.0:12.3.1, owaspAsvs-4.0:5.1.3, owaspAsvs-4.0:5.1.4, owaspTop10-2021:a1, owaspTop10-2021:a3, owaspTop10:a1, owaspTop10:a5, pciDss-3.2:6.5.8, pciDss-4.0:6.2.4, stig-ASD_V5R3:V-222609"
BenchmarkTest00132.java,javasecurity:S2083,true,BLOCKER,"[{'softwareQuality': 'SECURITY', 'severity': 'BLOCKER'}]","cwe:20, cwe:22, owaspAsvs-4.0:12.3.1, owaspAsvs-4.0:5.1.3, owaspAsvs-4.0:5.1.4, owaspTop10-2021:a1, owaspTop10-2021:a3, owaspTop10:a1, owaspTop10:a5, pciDss-3.2:6.5.8, pciDss-4.0:6.2.4, stig-ASD_V5R3:V-222609"
BenchmarkTest00133.java,javasecurity:S2083,true,BLOCKER,"[{'softwareQuality': 'SECURITY', 'severity': 'BLOCKER'}]","cwe:20, cwe:22, owaspAsvs-4.0:12.3.1, owaspAsvs-4.0:5.1.3, owaspAsvs-4.0:5.1.4, owaspTop10-2021:a1, owaspTop10-2021:a3, owaspTop10:a1, owaspTop10:a5, pciDss-3.2:6.5.8, pciDss-4.0:6.2.4, stig-ASD_V5R3:V-222609"
BenchmarkTest00135.java,javasecurity:S2083,true,BLOCKER,"[{'softwareQuality': 'SECURITY', 'severity': 'BLOCKER'}]","cwe:20, cwe:22, owaspAsvs-4.0:12.3.1, owaspAsvs-4.0:5.1.3, owaspAsvs-4.0:5.1.4, owaspTop10-2021:a1, owaspTop10-2021:a3, owaspTop10:a1, owaspTop10:a5, pciDss-3.2:6.5.8, pciDss-4.0:6.2.4, stig-ASD_V5R3:V-222609"
BenchmarkTest00136.java,javasecurity:S2083,true,BLOCKER,"[{'softwareQuality': 'SECURITY', 'severity': 'BLOCKER'}]","cwe:20, cwe:22, owaspAsvs-4.0:12.3.1, owaspAsvs-4.0:5.1.3, owaspAsvs-4.0:5.1.4, owaspTop10-2021:a1, owaspTop10-2021:a3, owaspTop10:a1, owaspTop10:a5, pciDss-3.2:6.5.8, pciDss-4.0:6.2.4, stig-ASD_V5R3:V-222609"
BenchmarkTest00138.java,javasecurity:S2078,true,BLOCKER,"[{'softwareQuality': 'SECURITY', 'severity': 'BLOCKER'}]","cwe:20, cwe:90, owaspAsvs-4.0:5.1.3, owaspAsvs-4.0:5.1.4, owaspAsvs-4.0:5.3.7, owaspTop10-2021:a3, owaspTop10:a1, pciDss-3.2:6.5.1, pciDss-4.0:6.2.4, stig-ASD_V5R3:V-222609"
BenchmarkTest00144.java,javasecurity:S5131,true,BLOCKER,"[{'softwareQuality': 'SECURITY', 'severity': 'BLOCKER'}]","cwe:79, owaspAsvs-4.0:5.3.3, owaspTop10-2021:a3, owaspTop10:a7, pciDss-3.2:6.5.7, pciDss-4.0:6.2.4, stig-ASD_V5R3:V-222602, stig-ASD_V5R3:V-222609"
BenchmarkTest00145.java,javasecurity:S5131,true,BLOCKER,"[{'softwareQuality': 'SECURITY', 'severity': 'BLOCKER'}]","cwe:79, owaspAsvs-4.0:5.3.3, owaspTop10-2021:a3, owaspTop10:a7, pciDss-3.2:6.5.7, pciDss-4.0:6.2.4, stig-ASD_V5R3:V-222602, stig-ASD_V5R3:V-222609"
BenchmarkTest00146.java,javasecurity:S5131,true,BLOCKER,"[{'softwareQuality': 'SECURITY', 'severity': 'BLOCKER'}]","cwe:79, owaspAsvs-4.0:5.3.3, owaspTop10-2021:a3, owaspTop10:a7, pciDss-3.2:6.5.7, pciDss-4.0:6.2.4, stig-ASD_V5R3:V-222602, stig-ASD_V5R3:V-222609"
BenchmarkTest00148.java,javasecurity:S5131,true,BLOCKER,"[{'softwareQuality': 'SECURITY', 'severity': 'BLOCKER'}]","cwe:79, owaspAsvs-4.0:5.3.3, owaspTop10-2021:a3, owaspTop10:a7, pciDss-3.2:6.5.7, pciDss-4.0:6.2.4, stig-ASD_V5R3:V-222602, stig-ASD_V5R3:V-222609"
BenchmarkTest00149.java,javasecurity:S5131,true,BLOCKER,"[{'softwareQuality': 'SECURITY', 'severity': 'BLOCKER'}]","cwe:79, owaspAsvs-4.0:5.3.3, owaspTop10-2021:a3, owaspTop10:a7, pciDss-3.2:6.5.7, pciDss-4.0:6.2.4, stig-ASD_V5R3:V-222602, stig-ASD_V5R3:V-222609"
BenchmarkTest00150.java,javasecurity:S5131,true,BLOCKER,"[{'softwareQuality': 'SECURITY', 'severity': 'BLOCKER'}]","cwe:79, owaspAsvs-4.0:5.3.3, owaspTop10-2021:a3, owaspTop10:a7, pciDss-3.2:6.5.7, pciDss-4.0:6.2.4, stig-ASD_V5R3:V-222602, stig-ASD_V5R3:V-222609"
BenchmarkTest00152.java,javasecurity:S5131,true,BLOCKER,"[{'softwareQuality': 'SECURITY', 'severity': 'BLOCKER'}]","cwe:79, owaspAsvs-4.0:5.3.3, owaspTop10-2021:a3, owaspTop10:a7, pciDss-3.2:6.5.7, pciDss-4.0:6.2.4, stig-ASD_V5R3:V-222602, stig-ASD_V5R3:V-222609"
BenchmarkTest00153.java,javasecurity:S5131,true,BLOCKER,"[{'softwareQuality': 'SECURITY', 'severity': 'BLOCKER'}]","cwe:79, owaspAsvs-4.0:5.3.3, owaspTop10-2021:a3, owaspTop10:a7, pciDss-3.2:6.5.7, pciDss-4.0:6.2.4, stig-ASD_V5R3:V-222602, stig-ASD_V5R3:V-222609"
BenchmarkTest00154.java,javasecurity:S5131,true,BLOCKER,"[{'softwareQuality': 'SECURITY', 'severity': 'BLOCKER'}]","cwe:79, owaspAsvs-4.0:5.3.3, owaspTop10-2021:a3, owaspTop10:a7, pciDss-3.2:6.5.7, pciDss-4.0:6.2.4, stig-ASD_V5R3:V-222602, stig-ASD_V5R3:V-222609"
BenchmarkTest00155.java,javasecurity:S5131,true,BLOCKER,"[{'softwareQuality': 'SECURITY', 'severity': 'BLOCKER'}]","cwe:79, owaspAsvs-4.0:5.3.3, owaspTop10-2021:a3, owaspTop10:a7, pciDss-3.2:6.5.7, pciDss-4.0:6.2.4, stig-ASD_V5R3:V-222602, stig-ASD_V5R3:V-222609"
BenchmarkTest00156.java,javasecurity:S5131,true,BLOCKER,"[{'softwareQuality': 'SECURITY', 'severity': 'BLOCKER'}]","cwe:79, owaspAsvs-4.0:5.3.3, owaspTop10-2021:a3, owaspTop10:a7, pciDss-3.2:6.5.7, pciDss-4.0:6.2.4, stig-ASD_V5R3:V-222602, stig-ASD_V5R3:V-222609"
BenchmarkTest00157.java,javasecurity:S5131,true,BLOCKER,"[{'softwareQuality': 'SECURITY', 'severity': 'BLOCKER'}]","cwe:79, owaspAsvs-4.0:5.3.3, owaspTop10-2021:a3, owaspTop10:a7, pciDss-3.2:6.5.7, pciDss-4.0:6.2.4, stig-ASD_V5R3:V-222602, stig-ASD_V5R3:V-222609"
BenchmarkTest00159.java,javasecurity:S2076,true,BLOCKER,"[{'softwareQuality': 'SECURITY', 'severity': 'BLOCKER'}]","cwe:20, cwe:78, owaspAsvs-4.0:12.3.5, owaspAsvs-4.0:5.1.3, owaspAsvs-4.0:5.1.4, owaspAsvs-4.0:5.3.8, owaspTop10-2021:a3, owaspTop10:a1, pciDss-3.2:6.5.1, pciDss-4.0:6.2.4, stig-ASD_V5R3:V-222604, stig-ASD_V5R3:V-222609"
BenchmarkTest00172.java,javasecurity:S6547,true,MAJOR,"[{'softwareQuality': 'SECURITY', 'severity': 'MEDIUM'}]","cwe:20, cwe:454, owaspAsvs-4.0:5.1.3, owaspAsvs-4.0:5.1.4, owaspTop10-2021:a3, owaspTop10:a1, stig-ASD_V5R3:V-222609"
BenchmarkTest00173.java,javasecurity:S6547,true,MAJOR,"[{'softwareQuality': 'SECURITY', 'severity': 'MEDIUM'}]","cwe:20, cwe:454, owaspAsvs-4.0:5.1.3, owaspAsvs-4.0:5.1.4, owaspTop10-2021:a3, owaspTop10:a1, stig-ASD_V5R3:V-222609"
BenchmarkTest00174.java,javasecurity:S6547,true,MAJOR,"[{'softwareQuality': 'SECURITY', 'severity': 'MEDIUM'}]","cwe:20, cwe:454, owaspAsvs-4.0:5.1.3, owaspAsvs-4.0:5.1.4, owaspTop10-2021:a3, owaspTop10:a1, stig-ASD_V5R3:V-222609"
BenchmarkTest00176.java,javasecurity:S2076,true,BLOCKER,"[{'softwareQuality': 'SECURITY', 'severity': 'BLOCKER'}]","cwe:20, cwe:78, owaspAsvs-4.0:12.3.5, owaspAsvs-4.0:5.1.3, owaspAsvs-4.0:5.1.4, owaspAsvs-4.0:5.3.8, owaspTop10-2021:a3, owaspTop10:a1, pciDss-3.2:6.5.1, pciDss-4.0:6.2.4, stig-ASD_V5R3:V-222604, stig-ASD_V5R3:V-222609"
BenchmarkTest00177.java,javasecurity:S2076,true,BLOCKER,"[{'softwareQuality': 'SECURITY', 'severity': 'BLOCKER'}]","cwe:20, cwe:78, owaspAsvs-4.0:12.3.5, owaspAsvs-4.0:5.1.3, owaspAsvs-4.0:5.1.4, owaspAsvs-4.0:5.3.8, owaspTop10-2021:a3, owaspTop10:a1, pciDss-3.2:6.5.1, pciDss-4.0:6.2.4, stig-ASD_V5R3:V-222604, stig-ASD_V5R3:V-222609"
BenchmarkTest00191.java,javasecurity:S3649,true,BLOCKER,"[{'softwareQuality': 'SECURITY', 'severity': 'BLOCKER'}]","cwe:20, cwe:89, owaspAsvs-4.0:5.1.3, owaspAsvs-4.0:5.1.4, owaspAsvs-4.0:5.3.4, owaspAsvs-4.0:5.3.5, owaspTop10-2021:a3, owaspTop10:a1, pciDss-3.2:6.5.1, pciDss-4.0:6.2.4, stig-ASD_V5R3:V-222607, stig-ASD_V5R3:V-222609"
BenchmarkTest00192.java,javasecurity:S3649,true,BLOCKER,"[{'softwareQuality': 'SECURITY', 'severity': 'BLOCKER'}]","cwe:20, cwe:89, owaspAsvs-4.0:5.1.3, owaspAsvs-4.0:5.1.4, owaspAsvs-4.0:5.3.4, owaspAsvs-4.0:5.3.5, owaspTop10-2021:a3, owaspTop10:a1, pciDss-3.2:6.5.1, pciDss-4.0:6.2.4, stig-ASD_V5R3:V-222607, stig-ASD_V5R3:V-222609"
BenchmarkTest00193.java,javasecurity:S3649,true,BLOCKER,"[{'softwareQuality': 'SECURITY', 'severity': 'BLOCKER'}]","cwe:20, cwe:89, owaspAsvs-4.0:5.1.3, owaspAsvs-4.0:5.1.4, owaspAsvs-4.0:5.3.4, owaspAsvs-4.0:5.3.5, owaspTop10-2021:a3, owaspTop10:a1, pciDss-3.2:6.5.1, pciDss-4.0:6.2.4, stig-ASD_V5R3:V-222607, stig-ASD_V5R3:V-222609"
BenchmarkTest00194.java,javasecurity:S3649,true,BLOCKER,"[{'softwareQuality': 'SECURITY', 'severity': 'BLOCKER'}]","cwe:20, cwe:89, owaspAsvs-4.0:5.1.3, owaspAsvs-4.0:5.1.4, owaspAsvs-4.0:5.3.4, owaspAsvs-4.0:5.3.5, owaspTop10-2021:a3, owaspTop10:a1, pciDss-3.2:6.5.1, pciDss-4.0:6.2.4, stig-ASD_V5R3:V-222607, stig-ASD_V5R3:V-222609"
BenchmarkTest00195.java,javasecurity:S3649,true,BLOCKER,"[{'softwareQuality': 'SECURITY', 'severity': 'BLOCKER'}]","cwe:20, cwe:89, owaspAsvs-4.0:5.1.3, owaspAsvs-4.0:5.1.4, owaspAsvs-4.0:5.3.4, owaspAsvs-4.0:5.3.5, owaspTop10-2021:a3, owaspTop10:a1, pciDss-3.2:6.5.1, pciDss-4.0:6.2.4, stig-ASD_V5R3:V-222607, stig-ASD_V5R3:V-222609"
BenchmarkTest00196.java,javasecurity:S3649,true,BLOCKER,"[{'softwareQuality': 'SECURITY', 'severity': 'BLOCKER'}]","cwe:20, cwe:89, owaspAsvs-4.0:5.1.3, owaspAsvs-4.0:5.1.4, owaspAsvs-4.0:5.3.4, owaspAsvs-4.0:5.3.5, owaspTop10-2021:a3, owaspTop10:a1, pciDss-3.2:6.5.1, pciDss-4.0:6.2.4, stig-ASD_V5R3:V-222607, stig-ASD_V5R3:V-222609"
BenchmarkTest00198.java,javasecurity:S3649,true,BLOCKER,"[{'softwareQuality': 'SECURITY', 'severity': 'BLOCKER'}]","cwe:20, cwe:89, owaspAsvs-4.0:5.1.3, owaspAsvs-4.0:5.1.4, owaspAsvs-4.0:5.3.4, owaspAsvs-4.0:5.3.5, owaspTop10-2021:a3, owaspTop10:a1, pciDss-3.2:6.5.1, pciDss-4.0:6.2.4, stig-ASD_V5R3:V-222607, stig-ASD_V5R3:V-222609"
BenchmarkTest00199.java,javasecurity:S3649,true,BLOCKER,"[{'softwareQuality': 'SECURITY', 'severity': 'BLOCKER'}]","cwe:20, cwe:89, owaspAsvs-4.0:5.1.3, owaspAsvs-4.0:5.1.4, owaspAsvs-4.0:5.3.4, owaspAsvs-4.0:5.3.5, owaspTop10-2021:a3, owaspTop10:a1, pciDss-3.2:6.5.1, pciDss-4.0:6.2.4, stig-ASD_V5R3:V-222607, stig-ASD_V5R3:V-222609"
BenchmarkTest00203.java,javasecurity:S3649,true,BLOCKER,"[{'softwareQuality': 'SECURITY', 'severity': 'BLOCKER'}]","cwe:20, cwe:89, owaspAsvs-4.0:5.1.3, owaspAsvs-4.0:5.1.4, owaspAsvs-4.0:5.3.4, owaspAsvs-4.0:5.3.5, owaspTop10-2021:a3, owaspTop10:a1, pciDss-3.2:6.5.1, pciDss-4.0:6.2.4, stig-ASD_V5R3:V-222607, stig-ASD_V5R3:V-222609"
BenchmarkTest00204.java,javasecurity:S3649,true,BLOCKER,"[{'softwareQuality': 'SECURITY', 'severity': 'BLOCKER'}]","cwe:20, cwe:89, owaspAsvs-4.0:5.1.3, owaspAsvs-4.0:5.1.4, owaspAsvs-4.0:5.3.4, owaspAsvs-4.0:5.3.5, owaspTop10-2021:a3, owaspTop10:a1, pciDss-3.2:6.5.1, pciDss-4.0:6.2.4, stig-ASD_V5R3:V-222607, stig-ASD_V5R3:V-222609"
BenchmarkTest00207.java,javasecurity:S2091,true,BLOCKER,"[{'softwareQuality': 'SECURITY', 'severity': 'BLOCKER'}]","cwe:20, cwe:643, owaspAsvs-4.0:5.1.3, owaspAsvs-4.0:5.1.4, owaspAsvs-4.0:5.3.10, owaspTop10-2021:a3, owaspTop10:a1, pciDss-3.2:6.5.1, pciDss-4.0:6.2.4, stig-ASD_V5R3:V-222608, stig-ASD_V5R3:V-222609"
BenchmarkTest00208.java,java:S5542,true,CRITICAL,"[{'softwareQuality': 'SECURITY', 'severity': 'HIGH'}]","cwe:327, cwe:780, owaspAsvs-4.0:2.9.3, owaspAsvs-4.0:6.2.2, owaspAsvs-4.0:8.3.7, owaspTop10-2021:a2, owaspTop10:a3, owaspTop10:a6, pciDss-3.2:4.1, pciDss-3.2:6.5.3, pciDss-3.2:6.5.4, pciDss-4.0:4.2.1, pciDss-4.0:6.2.4"
BenchmarkTest00208.java,java:S5547,true,CRITICAL,"[{'softwareQuality': 'SECURITY', 'severity': 'HIGH'}]","cwe:326, cwe:327, owaspAsvs-4.0:6.2.2, owaspAsvs-4.0:6.2.3, owaspAsvs-4.0:6.2.5, owaspAsvs-4.0:8.3.7, owaspTop10-2021:a2, owaspTop10:a3, owaspTop10:a6, pciDss-3.2:4.1, pciDss-3.2:6.5.3, pciDss-3.2:6.5.4, pciDss-4.0:4.2.1, pciDss-4.0:6.2.4, stig-ASD_V5R3:V-222396"
BenchmarkTest00210.java,java:S5542,true,CRITICAL,"[{'softwareQuality': 'SECURITY', 'severity': 'HIGH'}]","cwe:327, cwe:780, owaspAsvs-4.0:2.9.3, owaspAsvs-4.0:6.2.2, owaspAsvs-4.0:8.3.7, owaspTop10-2021:a2, owaspTop10:a3, owaspTop10:a6, pciDss-3.2:4.1, pciDss-3.2:6.5.3, pciDss-3.2:6.5.4, pciDss-4.0:4.2.1, pciDss-4.0:6.2.4"
BenchmarkTest00210.java,java:S5547,true,CRITICAL,"[{'softwareQuality': 'SECURITY', 'severity': 'HIGH'}]","cwe:326, cwe:327, owaspAsvs-4.0:6.2.2, owaspAsvs-4.0:6.2.3, owaspAsvs-4.0:6.2.5, owaspAsvs-4.0:8.3.7, owaspTop10-2021:a2, owaspTop10:a3, owaspTop10:a6, pciDss-3.2:4.1, pciDss-3.2:6.5.3, pciDss-3.2:6.5.4, pciDss-4.0:4.2.1, pciDss-4.0:6.2.4, stig-ASD_V5R3:V-222396"
BenchmarkTest00213.java,java:S5542,true,CRITICAL,"[{'softwareQuality': 'SECURITY', 'severity': 'HIGH'}]","cwe:327, cwe:780, owaspAsvs-4.0:2.9.3, owaspAsvs-4.0:6.2.2, owaspAsvs-4.0:8.3.7, owaspTop10-2021:a2, owaspTop10:a3, owaspTop10:a6, pciDss-3.2:4.1, pciDss-3.2:6.5.3, pciDss-3.2:6.5.4, pciDss-4.0:4.2.1, pciDss-4.0:6.2.4"
BenchmarkTest00214.java,java:S5542,true,CRITICAL,"[{'softwareQuality': 'SECURITY', 'severity': 'HIGH'}]","cwe:327, cwe:780, owaspAsvs-4.0:2.9.3, owaspAsvs-4.0:6.2.2, owaspAsvs-4.0:8.3.7, owaspTop10-2021:a2, owaspTop10:a3, owaspTop10:a6, pciDss-3.2:4.1, pciDss-3.2:6.5.3, pciDss-3.2:6.5.4, pciDss-4.0:4.2.1, pciDss-4.0:6.2.4"
BenchmarkTest00254.java,java:S5542,true,CRITICAL,"[{'softwareQuality': 'SECURITY', 'severity': 'HIGH'}]","cwe:327, cwe:780, owaspAsvs-4.0:2.9.3, owaspAsvs-4.0:6.2.2, owaspAsvs-4.0:8.3.7, owaspTop10-2021:a2, owaspTop10:a3, owaspTop10:a6, pciDss-3.2:4.1, pciDss-3.2:6.5.3, pciDss-3.2:6.5.4, pciDss-4.0:4.2.1, pciDss-4.0:6.2.4"
BenchmarkTest00254.java,java:S5547,true,CRITICAL,"[{'softwareQuality': 'SECURITY', 'severity': 'HIGH'}]","cwe:326, cwe:327, owaspAsvs-4.0:6.2.2, owaspAsvs-4.0:6.2.3, owaspAsvs-4.0:6.2.5, owaspAsvs-4.0:8.3.7, owaspTop10-2021:a2, owaspTop10:a3, owaspTop10:a6, pciDss-3.2:4.1, pciDss-3.2:6.5.3, pciDss-3.2:6.5.4, pciDss-4.0:4.2.1, pciDss-4.0:6.2.4, stig-ASD_V5R3:V-222396"
BenchmarkTest00256.java,java:S5542,true,CRITICAL,"[{'softwareQuality': 'SECURITY', 'severity': 'HIGH'}]","cwe:327, cwe:780, owaspAsvs-4.0:2.9.3, owaspAsvs-4.0:6.2.2, owaspAsvs-4.0:8.3.7, owaspTop10-2021:a2, owaspTop10:a3, owaspTop10:a6, pciDss-3.2:4.1, pciDss-3.2:6.5.3, pciDss-3.2:6.5.4, pciDss-4.0:4.2.1, pciDss-4.0:6.2.4"
BenchmarkTest00256.java,java:S5547,true,CRITICAL,"[{'softwareQuality': 'SECURITY', 'severity': 'HIGH'}]","cwe:326, cwe:327, owaspAsvs-4.0:6.2.2, owaspAsvs-4.0:6.2.3, owaspAsvs-4.0:6.2.5, owaspAsvs-4.0:8.3.7, owaspTop10-2021:a2, owaspTop10:a3, owaspTop10:a6, pciDss-3.2:4.1, pciDss-3.2:6.5.3, pciDss-3.2:6.5.4, pciDss-4.0:4.2.1, pciDss-4.0:6.2.4, stig-ASD_V5R3:V-222396"
BenchmarkTest00257.java,java:S5542,true,CRITICAL,"[{'softwareQuality': 'SECURITY', 'severity': 'HIGH'}]","cwe:327, cwe:780, owaspAsvs-4.0:2.9.3, owaspAsvs-4.0:6.2.2, owaspAsvs-4.0:8.3.7, owaspTop10-2021:a2, owaspTop10:a3, owaspTop10:a6, pciDss-3.2:4.1, pciDss-3.2:6.5.3, pciDss-3.2:6.5.4, pciDss-4.0:4.2.1, pciDss-4.0:6.2.4"
BenchmarkTest00257.java,java:S5547,true,CRITICAL,"[{'softwareQuality': 'SECURITY', 'severity': 'HIGH'}]","cwe:326, cwe:327, owaspAsvs-4.0:6.2.2, owaspAsvs-4.0:6.2.3, owaspAsvs-4.0:6.2.5, owaspAsvs-4.0:8.3.7, owaspTop10-2021:a2, owaspTop10:a3, owaspTop10:a6, pciDss-3.2:4.1, pciDss-3.2:6.5.3, pciDss-3.2:6.5.4, pciDss-4.0:4.2.1, pciDss-4.0:6.2.4, stig-ASD_V5R3:V-222396"
BenchmarkTest00258.java,java:S5542,true,CRITICAL,"[{'softwareQuality': 'SECURITY', 'severity': 'HIGH'}]","cwe:327, cwe:780, owaspAsvs-4.0:2.9.3, owaspAsvs-4.0:6.2.2, owaspAsvs-4.0:8.3.7, owaspTop10-2021:a2, owaspTop10:a3, owaspTop10:a6, pciDss-3.2:4.1, pciDss-3.2:6.5.3, pciDss-3.2:6.5.4, pciDss-4.0:4.2.1, pciDss-4.0:6.2.4"
BenchmarkTest00258.java,java:S5547,true,CRITICAL,"[{'softwareQuality': 'SECURITY', 'severity': 'HIGH'}]","cwe:326, cwe:327, owaspAsvs-4.0:6.2.2, owaspAsvs-4.0:6.2.3, owaspAsvs-4.0:6.2.5, owaspAsvs-4.0:8.3.7, owaspTop10-2021:a2, owaspTop10:a3, owaspTop10:a6, pciDss-3.2:4.1, pciDss-3.2:6.5.3, pciDss-3.2:6.5.4, pciDss-4.0:4.2.1, pciDss-4.0:6.2.4, stig-ASD_V5R3:V-222396"
BenchmarkTest00262.java,javasecurity:S6549,true,MAJOR,"[{'softwareQuality': 'SECURITY', 'severity': 'MEDIUM'}]","cwe:20, cwe:22, owaspAsvs-4.0:12.3.1, owaspAsvs-4.0:5.1.3, owaspAsvs-4.0:5.1.4, owaspTop10-2021:a1, owaspTop10-2021:a3, owaspTop10:a1, owaspTop10:a5, pciDss-3.2:6.5.8, pciDss-4.0:6.2.4, stig-ASD_V5R3:V-222609"
BenchmarkTest00263.java,javasecurity:S2083,true,BLOCKER,"[{'softwareQuality': 'SECURITY', 'severity': 'BLOCKER'}]","cwe:20, cwe:22, owaspAsvs-4.0:12.3.1, owaspAsvs-4.0:5.1.3, owaspAsvs-4.0:5.1.4, owaspTop10-2021:a1, owaspTop10-2021:a3, owaspTop10:a1, owaspTop10:a5, pciDss-3.2:6.5.8, pciDss-4.0:6.2.4, stig-ASD_V5R3:V-222609"
BenchmarkTest00264.java,javasecurity:S2083,true,BLOCKER,"[{'softwareQuality': 'SECURITY', 'severity': 'BLOCKER'}]","cwe:20, cwe:22, owaspAsvs-4.0:12.3.1, owaspAsvs-4.0:5.1.3, owaspAsvs-4.0:5.1.4, owaspTop10-2021:a1, owaspTop10-2021:a3, owaspTop10:a1, owaspTop10:a5, pciDss-3.2:6.5.8, pciDss-4.0:6.2.4, stig-ASD_V5R3:V-222609"
BenchmarkTest00276.java,javasecurity:S5131,true,BLOCKER,"[{'softwareQuality': 'SECURITY', 'severity': 'BLOCKER'}]","cwe:79, owaspAsvs-4.0:5.3.3, owaspTop10-2021:a3, owaspTop10:a7, pciDss-3.2:6.5.7, pciDss-4.0:6.2.4, stig-ASD_V5R3:V-222602, stig-ASD_V5R3:V-222609"
BenchmarkTest00279.java,javasecurity:S5131,true,BLOCKER,"[{'softwareQuality': 'SECURITY', 'severity': 'BLOCKER'}]","cwe:79, owaspAsvs-4.0:5.3.3, owaspTop10-2021:a3, owaspTop10:a7, pciDss-3.2:6.5.7, pciDss-4.0:6.2.4, stig-ASD_V5R3:V-222602, stig-ASD_V5R3:V-222609"
BenchmarkTest00280.java,javasecurity:S5131,true,BLOCKER,"[{'softwareQuality': 'SECURITY', 'severity': 'BLOCKER'}]","cwe:79, owaspAsvs-4.0:5.3.3, owaspTop10-2021:a3, owaspTop10:a7, pciDss-3.2:6.5.7, pciDss-4.0:6.2.4, stig-ASD_V5R3:V-222602, stig-ASD_V5R3:V-222609"
BenchmarkTest00281.java,javasecurity:S5131,true,BLOCKER,"[{'softwareQuality': 'SECURITY', 'severity': 'BLOCKER'}]","cwe:79, owaspAsvs-4.0:5.3.3, owaspTop10-2021:a3, owaspTop10:a7, pciDss-3.2:6.5.7, pciDss-4.0:6.2.4, stig-ASD_V5R3:V-222602, stig-ASD_V5R3:V-222609"
BenchmarkTest00284.java,javasecurity:S5131,true,BLOCKER,"[{'softwareQuality': 'SECURITY', 'severity': 'BLOCKER'}]","cwe:79, owaspAsvs-4.0:5.3.3, owaspTop10-2021:a3, owaspTop10:a7, pciDss-3.2:6.5.7, pciDss-4.0:6.2.4, stig-ASD_V5R3:V-222602, stig-ASD_V5R3:V-222609"
BenchmarkTest00287.java,javasecurity:S5131,true,BLOCKER,"[{'softwareQuality': 'SECURITY', 'severity': 'BLOCKER'}]","cwe:79, owaspAsvs-4.0:5.3.3, owaspTop10-2021:a3, owaspTop10:a7, pciDss-3.2:6.5.7, pciDss-4.0:6.2.4, stig-ASD_V5R3:V-222602, stig-ASD_V5R3:V-222609"
BenchmarkTest00290.java,javasecurity:S5131,true,BLOCKER,"[{'softwareQuality': 'SECURITY', 'severity': 'BLOCKER'}]","cwe:79, owaspAsvs-4.0:5.3.3, owaspTop10-2021:a3, owaspTop10:a7, pciDss-3.2:6.5.7, pciDss-4.0:6.2.4, stig-ASD_V5R3:V-222602, stig-ASD_V5R3:V-222609"
BenchmarkTest00291.java,javasecurity:S5131,true,BLOCKER,"[{'softwareQuality': 'SECURITY', 'severity': 'BLOCKER'}]","cwe:79, owaspAsvs-4.0:5.3.3, owaspTop10-2021:a3, owaspTop10:a7, pciDss-3.2:6.5.7, pciDss-4.0:6.2.4, stig-ASD_V5R3:V-222602, stig-ASD_V5R3:V-222609"
BenchmarkTest00292.java,javasecurity:S5131,true,BLOCKER,"[{'softwareQuality': 'SECURITY', 'severity': 'BLOCKER'}]","cwe:79, owaspAsvs-4.0:5.3.3, owaspTop10-2021:a3, owaspTop10:a7, pciDss-3.2:6.5.7, pciDss-4.0:6.2.4, stig-ASD_V5R3:V-222602, stig-ASD_V5R3:V-222609"
BenchmarkTest00295.java,javasecurity:S2076,true,BLOCKER,"[{'softwareQuality': 'SECURITY', 'severity': 'BLOCKER'}]","cwe:20, cwe:78, owaspAsvs-4.0:12.3.5, owaspAsvs-4.0:5.1.3, owaspAsvs-4.0:5.1.4, owaspAsvs-4.0:5.3.8, owaspTop10-2021:a3, owaspTop10:a1, pciDss-3.2:6.5.1, pciDss-4.0:6.2.4, stig-ASD_V5R3:V-222604, stig-ASD_V5R3:V-222609"
BenchmarkTest00301.java,javasecurity:S5131,true,BLOCKER,"[{'softwareQuality': 'SECURITY', 'severity': 'BLOCKER'}]","cwe:79, owaspAsvs-4.0:5.3.3, owaspTop10-2021:a3, owaspTop10:a7, pciDss-3.2:6.5.7, pciDss-4.0:6.2.4, stig-ASD_V5R3:V-222602, stig-ASD_V5R3:V-222609"
BenchmarkTest00302.java,javasecurity:S2076,true,BLOCKER,"[{'softwareQuality': 'SECURITY', 'severity': 'BLOCKER'}]","cwe:20, cwe:78, owaspAsvs-4.0:12.3.5, owaspAsvs-4.0:5.1.3, owaspAsvs-4.0:5.1.4, owaspAsvs-4.0:5.3.8, owaspTop10-2021:a3, owaspTop10:a1, pciDss-3.2:6.5.1, pciDss-4.0:6.2.4, stig-ASD_V5R3:V-222604, stig-ASD_V5R3:V-222609"
BenchmarkTest00306.java,javasecurity:S6547,true,MAJOR,"[{'softwareQuality': 'SECURITY', 'severity': 'MEDIUM'}]","cwe:20, cwe:454, owaspAsvs-4.0:5.1.3, owaspAsvs-4.0:5.1.4, owaspTop10-2021:a3, owaspTop10:a1, stig-ASD_V5R3:V-222609"
BenchmarkTest00308.java,javasecurity:S2076,true,BLOCKER,"[{'softwareQuality': 'SECURITY', 'severity': 'BLOCKER'}]","cwe:20, cwe:78, owaspAsvs-4.0:12.3.5, owaspAsvs-4.0:5.1.3, owaspAsvs-4.0:5.1.4, owaspAsvs-4.0:5.3.8, owaspTop10-2021:a3, owaspTop10:a1, pciDss-3.2:6.5.1, pciDss-4.0:6.2.4, stig-ASD_V5R3:V-222604, stig-ASD_V5R3:V-222609"
BenchmarkTest00310.java,javasecurity:S2076,true,BLOCKER,"[{'softwareQuality': 'SECURITY', 'severity': 'BLOCKER'}]","cwe:20, cwe:78, owaspAsvs-4.0:12.3.5, owaspAsvs-4.0:5.1.3, owaspAsvs-4.0:5.1.4, owaspAsvs-4.0:5.3.8, owaspTop10-2021:a3, owaspTop10:a1, pciDss-3.2:6.5.1, pciDss-4.0:6.2.4, stig-ASD_V5R3:V-222604, stig-ASD_V5R3:V-222609"
BenchmarkTest00311.java,javasecurity:S6547,true,MAJOR,"[{'softwareQuality': 'SECURITY', 'severity': 'MEDIUM'}]","cwe:20, cwe:454, owaspAsvs-4.0:5.1.3, owaspAsvs-4.0:5.1.4, owaspTop10-2021:a3, owaspTop10:a1, stig-ASD_V5R3:V-222609"
BenchmarkTest00328.java,javasecurity:S3649,true,BLOCKER,"[{'softwareQuality': 'SECURITY', 'severity': 'BLOCKER'}]","cwe:20, cwe:89, owaspAsvs-4.0:5.1.3, owaspAsvs-4.0:5.1.4, owaspAsvs-4.0:5.3.4, owaspAsvs-4.0:5.3.5, owaspTop10-2021:a3, owaspTop10:a1, pciDss-3.2:6.5.1, pciDss-4.0:6.2.4, stig-ASD_V5R3:V-222607, stig-ASD_V5R3:V-222609"
BenchmarkTest00329.java,javasecurity:S3649,true,BLOCKER,"[{'softwareQuality': 'SECURITY', 'severity': 'BLOCKER'}]","cwe:20, cwe:89, owaspAsvs-4.0:5.1.3, owaspAsvs-4.0:5.1.4, owaspAsvs-4.0:5.3.4, owaspAsvs-4.0:5.3.5, owaspTop10-2021:a3, owaspTop10:a1, pciDss-3.2:6.5.1, pciDss-4.0:6.2.4, stig-ASD_V5R3:V-222607, stig-ASD_V5R3:V-222609"
BenchmarkTest00333.java,javasecurity:S3649,true,BLOCKER,"[{'softwareQuality': 'SECURITY', 'severity': 'BLOCKER'}]","cwe:20, cwe:89, owaspAsvs-4.0:5.1.3, owaspAsvs-4.0:5.1.4, owaspAsvs-4.0:5.3.4, owaspAsvs-4.0:5.3.5, owaspTop10-2021:a3, owaspTop10:a1, pciDss-3.2:6.5.1, pciDss-4.0:6.2.4, stig-ASD_V5R3:V-222607, stig-ASD_V5R3:V-222609"
BenchmarkTest00335.java,javasecurity:S3649,true,BLOCKER,"[{'softwareQuality': 'SECURITY', 'severity': 'BLOCKER'}]","cwe:20, cwe:89, owaspAsvs-4.0:5.1.3, owaspAsvs-4.0:5.1.4, owaspAsvs-4.0:5.3.4, owaspAsvs-4.0:5.3.5, owaspTop10-2021:a3, owaspTop10:a1, pciDss-3.2:6.5.1, pciDss-4.0:6.2.4, stig-ASD_V5R3:V-222607, stig-ASD_V5R3:V-222609"
BenchmarkTest00336.java,javasecurity:S3649,true,BLOCKER,"[{'softwareQuality': 'SECURITY', 'severity': 'BLOCKER'}]","cwe:20, cwe:89, owaspAsvs-4.0:5.1.3, owaspAsvs-4.0:5.1.4, owaspAsvs-4.0:5.3.4, owaspAsvs-4.0:5.3.5, owaspTop10-2021:a3, owaspTop10:a1, pciDss-3.2:6.5.1, pciDss-4.0:6.2.4, stig-ASD_V5R3:V-222607, stig-ASD_V5R3:V-222609"
BenchmarkTest00337.java,javasecurity:S3649,true,BLOCKER,"[{'softwareQuality': 'SECURITY', 'severity': 'BLOCKER'}]","cwe:20, cwe:89, owaspAsvs-4.0:5.1.3, owaspAsvs-4.0:5.1.4, owaspAsvs-4.0:5.3.4, owaspAsvs-4.0:5.3.5, owaspTop10-2021:a3, owaspTop10:a1, pciDss-3.2:6.5.1, pciDss-4.0:6.2.4, stig-ASD_V5R3:V-222607, stig-ASD_V5R3:V-222609"
BenchmarkTest00338.java,javasecurity:S3649,true,BLOCKER,"[{'softwareQuality': 'SECURITY', 'severity': 'BLOCKER'}]","cwe:20, cwe:89, owaspAsvs-4.0:5.1.3, owaspAsvs-4.0:5.1.4, owaspAsvs-4.0:5.3.4, owaspAsvs-4.0:5.3.5, owaspTop10-2021:a3, owaspTop10:a1, pciDss-3.2:6.5.1, pciDss-4.0:6.2.4, stig-ASD_V5R3:V-222607, stig-ASD_V5R3:V-222609"
BenchmarkTest00339.java,javasecurity:S3649,true,BLOCKER,"[{'softwareQuality': 'SECURITY', 'severity': 'BLOCKER'}]","cwe:20, cwe:89, owaspAsvs-4.0:5.1.3, owaspAsvs-4.0:5.1.4, owaspAsvs-4.0:5.3.4, owaspAsvs-4.0:5.3.5, owaspTop10-2021:a3, owaspTop10:a1, pciDss-3.2:6.5.1, pciDss-4.0:6.2.4, stig-ASD_V5R3:V-222607, stig-ASD_V5R3:V-222609"
BenchmarkTest00340.java,javasecurity:S3649,true,BLOCKER,"[{'softwareQuality': 'SECURITY', 'severity': 'BLOCKER'}]","cwe:20, cwe:89, owaspAsvs-4.0:5.1.3, owaspAsvs-4.0:5.1.4, owaspAsvs-4.0:5.3.4, owaspAsvs-4.0:5.3.5, owaspTop10-2021:a3, owaspTop10:a1, pciDss-3.2:6.5.1, pciDss-4.0:6.2.4, stig-ASD_V5R3:V-222607, stig-ASD_V5R3:V-222609"
BenchmarkTest00341.java,javasecurity:S3649,true,BLOCKER,"[{'softwareQuality': 'SECURITY', 'severity': 'BLOCKER'}]","cwe:20, cwe:89, owaspAsvs-4.0:5.1.3, owaspAsvs-4.0:5.1.4, owaspAsvs-4.0:5.3.4, owaspAsvs-4.0:5.3.5, owaspTop10-2021:a3, owaspTop10:a1, pciDss-3.2:6.5.1, pciDss-4.0:6.2.4, stig-ASD_V5R3:V-222607, stig-ASD_V5R3:V-222609"
BenchmarkTest00342.java,javasecurity:S3649,true,BLOCKER,"[{'softwareQuality': 'SECURITY', 'severity': 'BLOCKER'}]","cwe:20, cwe:89, owaspAsvs-4.0:5.1.3, owaspAsvs-4.0:5.1.4, owaspAsvs-4.0:5.3.4, owaspAsvs-4.0:5.3.5, owaspTop10-2021:a3, owaspTop10:a1, pciDss-3.2:6.5.1, pciDss-4.0:6.2.4, stig-ASD_V5R3:V-222607, stig-ASD_V5R3:V-222609"
BenchmarkTest00343.java,javasecurity:S3649,true,BLOCKER,"[{'softwareQuality': 'SECURITY', 'severity': 'BLOCKER'}]","cwe:20, cwe:89, owaspAsvs-4.0:5.1.3, owaspAsvs-4.0:5.1.4, owaspAsvs-4.0:5.3.4, owaspAsvs-4.0:5.3.5, owaspTop10-2021:a3, owaspTop10:a1, pciDss-3.2:6.5.1, pciDss-4.0:6.2.4, stig-ASD_V5R3:V-222607, stig-ASD_V5R3:V-222609"
BenchmarkTest00344.java,javasecurity:S3649,true,BLOCKER,"[{'softwareQuality': 'SECURITY', 'severity': 'BLOCKER'}]","cwe:20, cwe:89, owaspAsvs-4.0:5.1.3, owaspAsvs-4.0:5.1.4, owaspAsvs-4.0:5.3.4, owaspAsvs-4.0:5.3.5, owaspTop10-2021:a3, owaspTop10:a1, pciDss-3.2:6.5.1, pciDss-4.0:6.2.4, stig-ASD_V5R3:V-222607, stig-ASD_V5R3:V-222609"
BenchmarkTest00354.java,java:S5542,true,CRITICAL,"[{'softwareQuality': 'SECURITY', 'severity': 'HIGH'}]","cwe:327, cwe:780, owaspAsvs-4.0:2.9.3, owaspAsvs-4.0:6.2.2, owaspAsvs-4.0:8.3.7, owaspTop10-2021:a2, owaspTop10:a3, owaspTop10:a6, pciDss-3.2:4.1, pciDss-3.2:6.5.3, pciDss-3.2:6.5.4, pciDss-4.0:4.2.1, pciDss-4.0:6.2.4"
BenchmarkTest00354.java,java:S5547,true,CRITICAL,"[{'softwareQuality': 'SECURITY', 'severity': 'HIGH'}]","cwe:326, cwe:327, owaspAsvs-4.0:6.2.2, owaspAsvs-4.0:6.2.3, owaspAsvs-4.0:6.2.5, owaspAsvs-4.0:8.3.7, owaspTop10-2021:a2, owaspTop10:a3, owaspTop10:a6, pciDss-3.2:4.1, pciDss-3.2:6.5.3, pciDss-3.2:6.5.4, pciDss-4.0:4.2.1, pciDss-4.0:6.2.4, stig-ASD_V5R3:V-222396"
BenchmarkTest00355.java,java:S5542,true,CRITICAL,"[{'softwareQuality': 'SECURITY', 'severity': 'HIGH'}]","cwe:327, cwe:780, owaspAsvs-4.0:2.9.3, owaspAsvs-4.0:6.2.2, owaspAsvs-4.0:8.3.7, owaspTop10-2021:a2, owaspTop10:a3, owaspTop10:a6, pciDss-3.2:4.1, pciDss-3.2:6.5.3, pciDss-3.2:6.5.4, pciDss-4.0:4.2.1, pciDss-4.0:6.2.4"
BenchmarkTest00355.java,java:S5547,true,CRITICAL,"[{'softwareQuality': 'SECURITY', 'severity': 'HIGH'}]","cwe:326, cwe:327, owaspAsvs-4.0:6.2.2, owaspAsvs-4.0:6.2.3, owaspAsvs-4.0:6.2.5, owaspAsvs-4.0:8.3.7, owaspTop10-2021:a2, owaspTop10:a3, owaspTop10:a6, pciDss-3.2:4.1, pciDss-3.2:6.5.3, pciDss-3.2:6.5.4, pciDss-4.0:4.2.1, pciDss-4.0:6.2.4, stig-ASD_V5R3:V-222396"
BenchmarkTest00356.java,java:S5542,true,CRITICAL,"[{'softwareQuality': 'SECURITY', 'severity': 'HIGH'}]","cwe:327, cwe:780, owaspAsvs-4.0:2.9.3, owaspAsvs-4.0:6.2.2, owaspAsvs-4.0:8.3.7, owaspTop10-2021:a2, owaspTop10:a3, owaspTop10:a6, pciDss-3.2:4.1, pciDss-3.2:6.5.3, pciDss-3.2:6.5.4, pciDss-4.0:4.2.1, pciDss-4.0:6.2.4"
BenchmarkTest00356.java,java:S5547,true,CRITICAL,"[{'softwareQuality': 'SECURITY', 'severity': 'HIGH'}]","cwe:326, cwe:327, owaspAsvs-4.0:6.2.2, owaspAsvs-4.0:6.2.3, owaspAsvs-4.0:6.2.5, owaspAsvs-4.0:8.3.7, owaspTop10-2021:a2, owaspTop10:a3, owaspTop10:a6, pciDss-3.2:4.1, pciDss-3.2:6.5.3, pciDss-3.2:6.5.4, pciDss-4.0:4.2.1, pciDss-4.0:6.2.4, stig-ASD_V5R3:V-222396"
BenchmarkTest00357.java,java:S5542,true,CRITICAL,"[{'softwareQuality': 'SECURITY', 'severity': 'HIGH'}]","cwe:327, cwe:780, owaspAsvs-4.0:2.9.3, owaspAsvs-4.0:6.2.2, owaspAsvs-4.0:8.3.7, owaspTop10-2021:a2, owaspTop10:a3, owaspTop10:a6, pciDss-3.2:4.1, pciDss-3.2:6.5.3, pciDss-3.2:6.5.4, pciDss-4.0:4.2.1, pciDss-4.0:6.2.4"
BenchmarkTest00358.java,java:S5542,true,CRITICAL,"[{'softwareQuality': 'SECURITY', 'severity': 'HIGH'}]","cwe:327, cwe:780, owaspAsvs-4.0:2.9.3, owaspAsvs-4.0:6.2.2, owaspAsvs-4.0:8.3.7, owaspTop10-2021:a2, owaspTop10:a3, owaspTop10:a6, pciDss-3.2:4.1, pciDss-3.2:6.5.3, pciDss-3.2:6.5.4, pciDss-4.0:4.2.1, pciDss-4.0:6.2.4"
BenchmarkTest00359.java,javasecurity:S6549,true,MAJOR,"[{'softwareQuality': 'SECURITY', 'severity': 'MEDIUM'}]","cwe:20, cwe:22, owaspAsvs-4.0:12.3.1, owaspAsvs-4.0:5.1.3, owaspAsvs-4.0:5.1.4, owaspTop10-2021:a1, owaspTop10-2021:a3, owaspTop10:a1, owaspTop10:a5, pciDss-3.2:6.5.8, pciDss-4.0:6.2.4, stig-ASD_V5R3:V-222609"
BenchmarkTest00360.java,javasecurity:S2083,true,BLOCKER,"[{'softwareQuality': 'SECURITY', 'severity': 'BLOCKER'}]","cwe:20, cwe:22, owaspAsvs-4.0:12.3.1, owaspAsvs-4.0:5.1.3, owaspAsvs-4.0:5.1.4, owaspTop10-2021:a1, owaspTop10-2021:a3, owaspTop10:a1, owaspTop10:a5, pciDss-3.2:6.5.8, pciDss-4.0:6.2.4, stig-ASD_V5R3:V-222609"
BenchmarkTest00361.java,javasecurity:S2083,true,BLOCKER,"[{'softwareQuality': 'SECURITY', 'severity': 'BLOCKER'}]","cwe:20, cwe:22, owaspAsvs-4.0:12.3.1, owaspAsvs-4.0:5.1.3, owaspAsvs-4.0:5.1.4, owaspTop10-2021:a1, owaspTop10-2021:a3, owaspTop10:a1, owaspTop10:a5, pciDss-3.2:6.5.8, pciDss-4.0:6.2.4, stig-ASD_V5R3:V-222609"
BenchmarkTest00362.java,javasecurity:S2083,true,BLOCKER,"[{'softwareQuality': 'SECURITY', 'severity': 'BLOCKER'}]","cwe:20, cwe:22, owaspAsvs-4.0:12.3.1, owaspAsvs-4.0:5.1.3, owaspAsvs-4.0:5.1.4, owaspTop10-2021:a1, owaspTop10-2021:a3, owaspTop10:a1, owaspTop10:a5, pciDss-3.2:6.5.8, pciDss-4.0:6.2.4, stig-ASD_V5R3:V-222609"
BenchmarkTest00363.java,javasecurity:S2083,true,BLOCKER,"[{'softwareQuality': 'SECURITY', 'severity': 'BLOCKER'}]","cwe:20, cwe:22, owaspAsvs-4.0:12.3.1, owaspAsvs-4.0:5.1.3, owaspAsvs-4.0:5.1.4, owaspTop10-2021:a1, owaspTop10-2021:a3, owaspTop10:a1, owaspTop10:a5, pciDss-3.2:6.5.8, pciDss-4.0:6.2.4, stig-ASD_V5R3:V-222609"
BenchmarkTest00366.java,javasecurity:S2083,true,BLOCKER,"[{'softwareQuality': 'SECURITY', 'severity': 'BLOCKER'}]","cwe:20, cwe:22, owaspAsvs-4.0:12.3.1, owaspAsvs-4.0:5.1.3, owaspAsvs-4.0:5.1.4, owaspTop10-2021:a1, owaspTop10-2021:a3, owaspTop10:a1, owaspTop10:a5, pciDss-3.2:6.5.8, pciDss-4.0:6.2.4, stig-ASD_V5R3:V-222609"
BenchmarkTest00375.java,javasecurity:S5131,true,BLOCKER,"[{'softwareQuality': 'SECURITY', 'severity': 'BLOCKER'}]","cwe:79, owaspAsvs-4.0:5.3.3, owaspTop10-2021:a3, owaspTop10:a7, pciDss-3.2:6.5.7, pciDss-4.0:6.2.4, stig-ASD_V5R3:V-222602, stig-ASD_V5R3:V-222609"
BenchmarkTest00376.java,javasecurity:S5131,true,BLOCKER,"[{'softwareQuality': 'SECURITY', 'severity': 'BLOCKER'}]","cwe:79, owaspAsvs-4.0:5.3.3, owaspTop10-2021:a3, owaspTop10:a7, pciDss-3.2:6.5.7, pciDss-4.0:6.2.4, stig-ASD_V5R3:V-222602, stig-ASD_V5R3:V-222609"
BenchmarkTest00378.java,javasecurity:S5131,true,BLOCKER,"[{'softwareQuality': 'SECURITY', 'severity': 'BLOCKER'}]","cwe:79, owaspAsvs-4.0:5.3.3, owaspTop10-2021:a3, owaspTop10:a7, pciDss-3.2:6.5.7, pciDss-4.0:6.2.4, stig-ASD_V5R3:V-222602, stig-ASD_V5R3:V-222609"
BenchmarkTest00380.java,javasecurity:S5131,true,BLOCKER,"[{'softwareQuality': 'SECURITY', 'severity': 'BLOCKER'}]","cwe:79, owaspAsvs-4.0:5.3.3, owaspTop10-2021:a3, owaspTop10:a7, pciDss-3.2:6.5.7, pciDss-4.0:6.2.4, stig-ASD_V5R3:V-222602, stig-ASD_V5R3:V-222609"
BenchmarkTest00382.java,javasecurity:S5131,true,BLOCKER,"[{'softwareQuality': 'SECURITY', 'severity': 'BLOCKER'}]","cwe:79, owaspAsvs-4.0:5.3.3, owaspTop10-2021:a3, owaspTop10:a7, pciDss-3.2:6.5.7, pciDss-4.0:6.2.4, stig-ASD_V5R3:V-222602, stig-ASD_V5R3:V-222609"
BenchmarkTest00384.java,javasecurity:S5131,true,BLOCKER,"[{'softwareQuality': 'SECURITY', 'severity': 'BLOCKER'}]","cwe:79, owaspAsvs-4.0:5.3.3, owaspTop10-2021:a3, owaspTop10:a7, pciDss-3.2:6.5.7, pciDss-4.0:6.2.4, stig-ASD_V5R3:V-222602, stig-ASD_V5R3:V-222609"
BenchmarkTest00387.java,javasecurity:S5131,true,BLOCKER,"[{'softwareQuality': 'SECURITY', 'severity': 'BLOCKER'}]","cwe:79, owaspAsvs-4.0:5.3.3, owaspTop10-2021:a3, owaspTop10:a7, pciDss-3.2:6.5.7, pciDss-4.0:6.2.4, stig-ASD_V5R3:V-222602, stig-ASD_V5R3:V-222609"
BenchmarkTest00388.java,javasecurity:S5131,true,BLOCKER,"[{'softwareQuality': 'SECURITY', 'severity': 'BLOCKER'}]","cwe:79, owaspAsvs-4.0:5.3.3, owaspTop10-2021:a3, owaspTop10:a7, pciDss-3.2:6.5.7, pciDss-4.0:6.2.4, stig-ASD_V5R3:V-222602, stig-ASD_V5R3:V-222609"
BenchmarkTest00390.java,javasecurity:S5131,true,BLOCKER,"[{'softwareQuality': 'SECURITY', 'severity': 'BLOCKER'}]","cwe:79, owaspAsvs-4.0:5.3.3, owaspTop10-2021:a3, owaspTop10:a7, pciDss-3.2:6.5.7, pciDss-4.0:6.2.4, stig-ASD_V5R3:V-222602, stig-ASD_V5R3:V-222609"
BenchmarkTest00392.java,javasecurity:S5131,true,BLOCKER,"[{'softwareQuality': 'SECURITY', 'severity': 'BLOCKER'}]","cwe:79, owaspAsvs-4.0:5.3.3, owaspTop10-2021:a3, owaspTop10:a7, pciDss-3.2:6.5.7, pciDss-4.0:6.2.4, stig-ASD_V5R3:V-222602, stig-ASD_V5R3:V-222609"
BenchmarkTest00393.java,javasecurity:S5131,true,BLOCKER,"[{'softwareQuality': 'SECURITY', 'severity': 'BLOCKER'}]","cwe:79, owaspAsvs-4.0:5.3.3, owaspTop10-2021:a3, owaspTop10:a7, pciDss-3.2:6.5.7, pciDss-4.0:6.2.4, stig-ASD_V5R3:V-222602, stig-ASD_V5R3:V-222609"
BenchmarkTest00395.java,javasecurity:S5131,true,BLOCKER,"[{'softwareQuality': 'SECURITY', 'severity': 'BLOCKER'}]","cwe:79, owaspAsvs-4.0:5.3.3, owaspTop10-2021:a3, owaspTop10:a7, pciDss-3.2:6.5.7, pciDss-4.0:6.2.4, stig-ASD_V5R3:V-222602, stig-ASD_V5R3:V-222609"
BenchmarkTest00396.java,javasecurity:S2076,true,BLOCKER,"[{'softwareQuality': 'SECURITY', 'severity': 'BLOCKER'}]","cwe:20, cwe:78, owaspAsvs-4.0:12.3.5, owaspAsvs-4.0:5.1.3, owaspAsvs-4.0:5.1.4, owaspAsvs-4.0:5.3.8, owaspTop10-2021:a3, owaspTop10:a1, pciDss-3.2:6.5.1, pciDss-4.0:6.2.4, stig-ASD_V5R3:V-222604, stig-ASD_V5R3:V-222609"
BenchmarkTest00428.java,javasecurity:S3649,true,BLOCKER,"[{'softwareQuality': 'SECURITY', 'severity': 'BLOCKER'}]","cwe:20, cwe:89, owaspAsvs-4.0:5.1.3, owaspAsvs-4.0:5.1.4, owaspAsvs-4.0:5.3.4, owaspAsvs-4.0:5.3.5, owaspTop10-2021:a3, owaspTop10:a1, pciDss-3.2:6.5.1, pciDss-4.0:6.2.4, stig-ASD_V5R3:V-222607, stig-ASD_V5R3:V-222609"
BenchmarkTest00429.java,javasecurity:S3649,true,BLOCKER,"[{'softwareQuality': 'SECURITY', 'severity': 'BLOCKER'}]","cwe:20, cwe:89, owaspAsvs-4.0:5.1.3, owaspAsvs-4.0:5.1.4, owaspAsvs-4.0:5.3.4, owaspAsvs-4.0:5.3.5, owaspTop10-2021:a3, owaspTop10:a1, pciDss-3.2:6.5.1, pciDss-4.0:6.2.4, stig-ASD_V5R3:V-222607, stig-ASD_V5R3:V-222609"
BenchmarkTest00430.java,javasecurity:S3649,true,BLOCKER,"[{'softwareQuality': 'SECURITY', 'severity': 'BLOCKER'}]","cwe:20, cwe:89, owaspAsvs-4.0:5.1.3, owaspAsvs-4.0:5.1.4, owaspAsvs-4.0:5.3.4, owaspAsvs-4.0:5.3.5, owaspTop10-2021:a3, owaspTop10:a1, pciDss-3.2:6.5.1, pciDss-4.0:6.2.4, stig-ASD_V5R3:V-222607, stig-ASD_V5R3:V-222609"
BenchmarkTest00431.java,javasecurity:S3649,true,BLOCKER,"[{'softwareQuality': 'SECURITY', 'severity': 'BLOCKER'}]","cwe:20, cwe:89, owaspAsvs-4.0:5.1.3, owaspAsvs-4.0:5.1.4, owaspAsvs-4.0:5.3.4, owaspAsvs-4.0:5.3.5, owaspTop10-2021:a3, owaspTop10:a1, pciDss-3.2:6.5.1, pciDss-4.0:6.2.4, stig-ASD_V5R3:V-222607, stig-ASD_V5R3:V-222609"
BenchmarkTest00433.java,javasecurity:S3649,true,BLOCKER,"[{'softwareQuality': 'SECURITY', 'severity': 'BLOCKER'}]","cwe:20, cwe:89, owaspAsvs-4.0:5.1.3, owaspAsvs-4.0:5.1.4, owaspAsvs-4.0:5.3.4, owaspAsvs-4.0:5.3.5, owaspTop10-2021:a3, owaspTop10:a1, pciDss-3.2:6.5.1, pciDss-4.0:6.2.4, stig-ASD_V5R3:V-222607, stig-ASD_V5R3:V-222609"
BenchmarkTest00434.java,javasecurity:S3649,true,BLOCKER,"[{'softwareQuality': 'SECURITY', 'severity': 'BLOCKER'}]","cwe:20, cwe:89, owaspAsvs-4.0:5.1.3, owaspAsvs-4.0:5.1.4, owaspAsvs-4.0:5.3.4, owaspAsvs-4.0:5.3.5, owaspTop10-2021:a3, owaspTop10:a1, pciDss-3.2:6.5.1, pciDss-4.0:6.2.4, stig-ASD_V5R3:V-222607, stig-ASD_V5R3:V-222609"
BenchmarkTest00435.java,javasecurity:S3649,true,BLOCKER,"[{'softwareQuality': 'SECURITY', 'severity': 'BLOCKER'}]","cwe:20, cwe:89, owaspAsvs-4.0:5.1.3, owaspAsvs-4.0:5.1.4, owaspAsvs-4.0:5.3.4, owaspAsvs-4.0:5.3.5, owaspTop10-2021:a3, owaspTop10:a1, pciDss-3.2:6.5.1, pciDss-4.0:6.2.4, stig-ASD_V5R3:V-222607, stig-ASD_V5R3:V-222609"
BenchmarkTest00436.java,javasecurity:S3649,true,BLOCKER,"[{'softwareQuality': 'SECURITY', 'severity': 'BLOCKER'}]","cwe:20, cwe:89, owaspAsvs-4.0:5.1.3, owaspAsvs-4.0:5.1.4, owaspAsvs-4.0:5.3.4, owaspAsvs-4.0:5.3.5, owaspTop10-2021:a3, owaspTop10:a1, pciDss-3.2:6.5.1, pciDss-4.0:6.2.4, stig-ASD_V5R3:V-222607, stig-ASD_V5R3:V-222609"
BenchmarkTest00437.java,javasecurity:S3649,true,BLOCKER,"[{'softwareQuality': 'SECURITY', 'severity': 'BLOCKER'}]","cwe:20, cwe:89, owaspAsvs-4.0:5.1.3, owaspAsvs-4.0:5.1.4, owaspAsvs-4.0:5.3.4, owaspAsvs-4.0:5.3.5, owaspTop10-2021:a3, owaspTop10:a1, pciDss-3.2:6.5.1, pciDss-4.0:6.2.4, stig-ASD_V5R3:V-222607, stig-ASD_V5R3:V-222609"
BenchmarkTest00438.java,javasecurity:S3649,true,BLOCKER,"[{'softwareQuality': 'SECURITY', 'severity': 'BLOCKER'}]","cwe:20, cwe:89, owaspAsvs-4.0:5.1.3, owaspAsvs-4.0:5.1.4, owaspAsvs-4.0:5.3.4, owaspAsvs-4.0:5.3.5, owaspTop10-2021:a3, owaspTop10:a1, pciDss-3.2:6.5.1, pciDss-4.0:6.2.4, stig-ASD_V5R3:V-222607, stig-ASD_V5R3:V-222609"
BenchmarkTest00439.java,javasecurity:S3649,true,BLOCKER,"[{'softwareQuality': 'SECURITY', 'severity': 'BLOCKER'}]","cwe:20, cwe:89, owaspAsvs-4.0:5.1.3, owaspAsvs-4.0:5.1.4, owaspAsvs-4.0:5.3.4, owaspAsvs-4.0:5.3.5, owaspTop10-2021:a3, owaspTop10:a1, pciDss-3.2:6.5.1, pciDss-4.0:6.2.4, stig-ASD_V5R3:V-222607, stig-ASD_V5R3:V-222609"
BenchmarkTest00441.java,javasecurity:S3649,true,BLOCKER,"[{'softwareQuality': 'SECURITY', 'severity': 'BLOCKER'}]","cwe:20, cwe:89, owaspAsvs-4.0:5.1.3, owaspAsvs-4.0:5.1.4, owaspAsvs-4.0:5.3.4, owaspAsvs-4.0:5.3.5, owaspTop10-2021:a3, owaspTop10:a1, pciDss-3.2:6.5.1, pciDss-4.0:6.2.4, stig-ASD_V5R3:V-222607, stig-ASD_V5R3:V-222609"
BenchmarkTest00442.java,javasecurity:S2091,true,BLOCKER,"[{'softwareQuality': 'SECURITY', 'severity': 'BLOCKER'}]","cwe:20, cwe:643, owaspAsvs-4.0:5.1.3, owaspAsvs-4.0:5.1.4, owaspAsvs-4.0:5.3.10, owaspTop10-2021:a3, owaspTop10:a1, pciDss-3.2:6.5.1, pciDss-4.0:6.2.4, stig-ASD_V5R3:V-222608, stig-ASD_V5R3:V-222609"
BenchmarkTest00445.java,java:S5542,true,CRITICAL,"[{'softwareQuality': 'SECURITY', 'severity': 'HIGH'}]","cwe:327, cwe:780, owaspAsvs-4.0:2.9.3, owaspAsvs-4.0:6.2.2, owaspAsvs-4.0:8.3.7, owaspTop10-2021:a2, owaspTop10:a3, owaspTop10:a6, pciDss-3.2:4.1, pciDss-3.2:6.5.3, pciDss-3.2:6.5.4, pciDss-4.0:4.2.1, pciDss-4.0:6.2.4"
BenchmarkTest00445.java,java:S5547,true,CRITICAL,"[{'softwareQuality': 'SECURITY', 'severity': 'HIGH'}]","cwe:326, cwe:327, owaspAsvs-4.0:6.2.2, owaspAsvs-4.0:6.2.3, owaspAsvs-4.0:6.2.5, owaspAsvs-4.0:8.3.7, owaspTop10-2021:a2, owaspTop10:a3, owaspTop10:a6, pciDss-3.2:4.1, pciDss-3.2:6.5.3, pciDss-3.2:6.5.4, pciDss-4.0:4.2.1, pciDss-4.0:6.2.4, stig-ASD_V5R3:V-222396"
BenchmarkTest00446.java,java:S5542,true,CRITICAL,"[{'softwareQuality': 'SECURITY', 'severity': 'HIGH'}]","cwe:327, cwe:780, owaspAsvs-4.0:2.9.3, owaspAsvs-4.0:6.2.2, owaspAsvs-4.0:8.3.7, owaspTop10-2021:a2, owaspTop10:a3, owaspTop10:a6, pciDss-3.2:4.1, pciDss-3.2:6.5.3, pciDss-3.2:6.5.4, pciDss-4.0:4.2.1, pciDss-4.0:6.2.4"
BenchmarkTest00446.java,java:S5547,true,CRITICAL,"[{'softwareQuality': 'SECURITY', 'severity': 'HIGH'}]","cwe:326, cwe:327, owaspAsvs-4.0:6.2.2, owaspAsvs-4.0:6.2.3, owaspAsvs-4.0:6.2.5, owaspAsvs-4.0:8.3.7, owaspTop10-2021:a2, owaspTop10:a3, owaspTop10:a6, pciDss-3.2:4.1, pciDss-3.2:6.5.3, pciDss-3.2:6.5.4, pciDss-4.0:4.2.1, pciDss-4.0:6.2.4, stig-ASD_V5R3:V-222396"
BenchmarkTest00448.java,java:S5542,true,CRITICAL,"[{'softwareQuality': 'SECURITY', 'severity': 'HIGH'}]","cwe:327, cwe:780, owaspAsvs-4.0:2.9.3, owaspAsvs-4.0:6.2.2, owaspAsvs-4.0:8.3.7, owaspTop10-2021:a2, owaspTop10:a3, owaspTop10:a6, pciDss-3.2:4.1, pciDss-3.2:6.5.3, pciDss-3.2:6.5.4, pciDss-4.0:4.2.1, pciDss-4.0:6.2.4"
BenchmarkTest00448.java,java:S5547,true,CRITICAL,"[{'softwareQuality': 'SECURITY', 'severity': 'HIGH'}]","cwe:326, cwe:327, owaspAsvs-4.0:6.2.2, owaspAsvs-4.0:6.2.3, owaspAsvs-4.0:6.2.5, owaspAsvs-4.0:8.3.7, owaspTop10-2021:a2, owaspTop10:a3, owaspTop10:a6, pciDss-3.2:4.1, pciDss-3.2:6.5.3, pciDss-3.2:6.5.4, pciDss-4.0:4.2.1, pciDss-4.0:6.2.4, stig-ASD_V5R3:V-222396"
BenchmarkTest00449.java,java:S5542,true,CRITICAL,"[{'softwareQuality': 'SECURITY', 'severity': 'HIGH'}]","cwe:327, cwe:780, owaspAsvs-4.0:2.9.3, owaspAsvs-4.0:6.2.2, owaspAsvs-4.0:8.3.7, owaspTop10-2021:a2, owaspTop10:a3, owaspTop10:a6, pciDss-3.2:4.1, pciDss-3.2:6.5.3, pciDss-3.2:6.5.4, pciDss-4.0:4.2.1, pciDss-4.0:6.2.4"
BenchmarkTest00449.java,java:S5547,true,CRITICAL,"[{'softwareQuality': 'SECURITY', 'severity': 'HIGH'}]","cwe:326, cwe:327, owaspAsvs-4.0:6.2.2, owaspAsvs-4.0:6.2.3, owaspAsvs-4.0:6.2.5, owaspAsvs-4.0:8.3.7, owaspTop10-2021:a2, owaspTop10:a3, owaspTop10:a6, pciDss-3.2:4.1, pciDss-3.2:6.5.3, pciDss-3.2:6.5.4, pciDss-4.0:4.2.1, pciDss-4.0:6.2.4, stig-ASD_V5R3:V-222396"
BenchmarkTest00450.java,java:S5542,true,CRITICAL,"[{'softwareQuality': 'SECURITY', 'severity': 'HIGH'}]","cwe:327, cwe:780, owaspAsvs-4.0:2.9.3, owaspAsvs-4.0:6.2.2, owaspAsvs-4.0:8.3.7, owaspTop10-2021:a2, owaspTop10:a3, owaspTop10:a6, pciDss-3.2:4.1, pciDss-3.2:6.5.3, pciDss-3.2:6.5.4, pciDss-4.0:4.2.1, pciDss-4.0:6.2.4"
BenchmarkTest00451.java,java:S5542,true,CRITICAL,"[{'softwareQuality': 'SECURITY', 'severity': 'HIGH'}]","cwe:327, cwe:780, owaspAsvs-4.0:2.9.3, owaspAsvs-4.0:6.2.2, owaspAsvs-4.0:8.3.7, owaspTop10-2021:a2, owaspTop10:a3, owaspTop10:a6, pciDss-3.2:4.1, pciDss-3.2:6.5.3, pciDss-3.2:6.5.4, pciDss-4.0:4.2.1, pciDss-4.0:6.2.4"
BenchmarkTest00452.java,javasecurity:S6549,true,MAJOR,"[{'softwareQuality': 'SECURITY', 'severity': 'MEDIUM'}]","cwe:20, cwe:22, owaspAsvs-4.0:12.3.1, owaspAsvs-4.0:5.1.3, owaspAsvs-4.0:5.1.4, owaspTop10-2021:a1, owaspTop10-2021:a3, owaspTop10:a1, owaspTop10:a5, pciDss-3.2:6.5.8, pciDss-4.0:6.2.4, stig-ASD_V5R3:V-222609"
BenchmarkTest00454.java,javasecurity:S2083,true,BLOCKER,"[{'softwareQuality': 'SECURITY', 'severity': 'BLOCKER'}]","cwe:20, cwe:22, owaspAsvs-4.0:12.3.1, owaspAsvs-4.0:5.1.3, owaspAsvs-4.0:5.1.4, owaspTop10-2021:a1, owaspTop10-2021:a3, owaspTop10:a1, owaspTop10:a5, pciDss-3.2:6.5.8, pciDss-4.0:6.2.4, stig-ASD_V5R3:V-222609"
BenchmarkTest00455.java,javasecurity:S2083,true,BLOCKER,"[{'softwareQuality': 'SECURITY', 'severity': 'BLOCKER'}]","cwe:20, cwe:22, owaspAsvs-4.0:12.3.1, owaspAsvs-4.0:5.1.3, owaspAsvs-4.0:5.1.4, owaspTop10-2021:a1, owaspTop10-2021:a3, owaspTop10:a1, owaspTop10:a5, pciDss-3.2:6.5.8, pciDss-4.0:6.2.4, stig-ASD_V5R3:V-222609"
BenchmarkTest00456.java,javasecurity:S2083,true,BLOCKER,"[{'softwareQuality': 'SECURITY', 'severity': 'BLOCKER'}]","cwe:20, cwe:22, owaspAsvs-4.0:12.3.1, owaspAsvs-4.0:5.1.3, owaspAsvs-4.0:5.1.4, owaspTop10-2021:a1, owaspTop10-2021:a3, owaspTop10:a1, owaspTop10:a5, pciDss-3.2:6.5.8, pciDss-4.0:6.2.4, stig-ASD_V5R3:V-222609"
BenchmarkTest00457.java,javasecurity:S2083,true,BLOCKER,"[{'softwareQuality': 'SECURITY', 'severity': 'BLOCKER'}]","cwe:20, cwe:22, owaspAsvs-4.0:12.3.1, owaspAsvs-4.0:5.1.3, owaspAsvs-4.0:5.1.4, owaspTop10-2021:a1, owaspTop10-2021:a3, owaspTop10:a1, owaspTop10:a5, pciDss-3.2:6.5.8, pciDss-4.0:6.2.4, stig-ASD_V5R3:V-222609"
BenchmarkTest00458.java,javasecurity:S2083,true,BLOCKER,"[{'softwareQuality': 'SECURITY', 'severity': 'BLOCKER'}]","cwe:20, cwe:22, owaspAsvs-4.0:12.3.1, owaspAsvs-4.0:5.1.3, owaspAsvs-4.0:5.1.4, owaspTop10-2021:a1, owaspTop10-2021:a3, owaspTop10:a1, owaspTop10:a5, pciDss-3.2:6.5.8, pciDss-4.0:6.2.4, stig-ASD_V5R3:V-222609"
BenchmarkTest00459.java,javasecurity:S2083,true,BLOCKER,"[{'softwareQuality': 'SECURITY', 'severity': 'BLOCKER'}]","cwe:20, cwe:22, owaspAsvs-4.0:12.3.1, owaspAsvs-4.0:5.1.3, owaspAsvs-4.0:5.1.4, owaspTop10-2021:a1, owaspTop10-2021:a3, owaspTop10:a1, owaspTop10:a5, pciDss-3.2:6.5.8, pciDss-4.0:6.2.4, stig-ASD_V5R3:V-222609"
BenchmarkTest00467.java,javasecurity:S5131,true,BLOCKER,"[{'softwareQuality': 'SECURITY', 'severity': 'BLOCKER'}]","cwe:79, owaspAsvs-4.0:5.3.3, owaspTop10-2021:a3, owaspTop10:a7, pciDss-3.2:6.5.7, pciDss-4.0:6.2.4, stig-ASD_V5R3:V-222602, stig-ASD_V5R3:V-222609"
BenchmarkTest00469.java,javasecurity:S5131,true,BLOCKER,"[{'softwareQuality': 'SECURITY', 'severity': 'BLOCKER'}]","cwe:79, owaspAsvs-4.0:5.3.3, owaspTop10-2021:a3, owaspTop10:a7, pciDss-3.2:6.5.7, pciDss-4.0:6.2.4, stig-ASD_V5R3:V-222602, stig-ASD_V5R3:V-222609"
BenchmarkTest00472.java,javasecurity:S5131,true,BLOCKER,"[{'softwareQuality': 'SECURITY', 'severity': 'BLOCKER'}]","cwe:79, owaspAsvs-4.0:5.3.3, owaspTop10-2021:a3, owaspTop10:a7, pciDss-3.2:6.5.7, pciDss-4.0:6.2.4, stig-ASD_V5R3:V-222602, stig-ASD_V5R3:V-222609"
BenchmarkTest00473.java,javasecurity:S5131,true,BLOCKER,"[{'softwareQuality': 'SECURITY', 'severity': 'BLOCKER'}]","cwe:79, owaspAsvs-4.0:5.3.3, owaspTop10-2021:a3, owaspTop10:a7, pciDss-3.2:6.5.7, pciDss-4.0:6.2.4, stig-ASD_V5R3:V-222602, stig-ASD_V5R3:V-222609"
BenchmarkTest00475.java,javasecurity:S5131,true,BLOCKER,"[{'softwareQuality': 'SECURITY', 'severity': 'BLOCKER'}]","cwe:79, owaspAsvs-4.0:5.3.3, owaspTop10-2021:a3, owaspTop10:a7, pciDss-3.2:6.5.7, pciDss-4.0:6.2.4, stig-ASD_V5R3:V-222602, stig-ASD_V5R3:V-222609"
BenchmarkTest00476.java,javasecurity:S5131,true,BLOCKER,"[{'softwareQuality': 'SECURITY', 'severity': 'BLOCKER'}]","cwe:79, owaspAsvs-4.0:5.3.3, owaspTop10-2021:a3, owaspTop10:a7, pciDss-3.2:6.5.7, pciDss-4.0:6.2.4, stig-ASD_V5R3:V-222602, stig-ASD_V5R3:V-222609"
BenchmarkTest00477.java,javasecurity:S5131,true,BLOCKER,"[{'softwareQuality': 'SECURITY', 'severity': 'BLOCKER'}]","cwe:79, owaspAsvs-4.0:5.3.3, owaspTop10-2021:a3, owaspTop10:a7, pciDss-3.2:6.5.7, pciDss-4.0:6.2.4, stig-ASD_V5R3:V-222602, stig-ASD_V5R3:V-222609"
BenchmarkTest00478.java,javasecurity:S5131,true,BLOCKER,"[{'softwareQuality': 'SECURITY', 'severity': 'BLOCKER'}]","cwe:79, owaspAsvs-4.0:5.3.3, owaspTop10-2021:a3, owaspTop10:a7, pciDss-3.2:6.5.7, pciDss-4.0:6.2.4, stig-ASD_V5R3:V-222602, stig-ASD_V5R3:V-222609"
BenchmarkTest00492.java,javasecurity:S5131,true,BLOCKER,"[{'softwareQuality': 'SECURITY', 'severity': 'BLOCKER'}]","cwe:79, owaspAsvs-4.0:5.3.3, owaspTop10-2021:a3, owaspTop10:a7, pciDss-3.2:6.5.7, pciDss-4.0:6.2.4, stig-ASD_V5R3:V-222602, stig-ASD_V5R3:V-222609"
BenchmarkTest00495.java,javasecurity:S6547,true,MAJOR,"[{'softwareQuality': 'SECURITY', 'severity': 'MEDIUM'}]","cwe:20, cwe:454, owaspAsvs-4.0:5.1.3, owaspAsvs-4.0:5.1.4, owaspTop10-2021:a3, owaspTop10:a1, stig-ASD_V5R3:V-222609"
BenchmarkTest00496.java,javasecurity:S6547,true,MAJOR,"[{'softwareQuality': 'SECURITY', 'severity': 'MEDIUM'}]","cwe:20, cwe:454, owaspAsvs-4.0:5.1.3, owaspAsvs-4.0:5.1.4, owaspTop10-2021:a3, owaspTop10:a1, stig-ASD_V5R3:V-222609"
BenchmarkTest00497.java,javasecurity:S6547,true,MAJOR,"[{'softwareQuality': 'SECURITY', 'severity': 'MEDIUM'}]","cwe:20, cwe:454, owaspAsvs-4.0:5.1.3, owaspAsvs-4.0:5.1.4, owaspTop10-2021:a3, owaspTop10:a1, stig-ASD_V5R3:V-222609"
BenchmarkTest00498.java,javasecurity:S6547,true,MAJOR,"[{'softwareQuality': 'SECURITY', 'severity': 'MEDIUM'}]","cwe:20, cwe:454, owaspAsvs-4.0:5.1.3, owaspAsvs-4.0:5.1.4, owaspTop10-2021:a3, owaspTop10:a1, stig-ASD_V5R3:V-222609"
BenchmarkTest00499.java,javasecurity:S2076,true,BLOCKER,"[{'softwareQuality': 'SECURITY', 'severity': 'BLOCKER'}]","cwe:20, cwe:78, owaspAsvs-4.0:12.3.5, owaspAsvs-4.0:5.1.3, owaspAsvs-4.0:5.1.4, owaspAsvs-4.0:5.3.8, owaspTop10-2021:a3, owaspTop10:a1, pciDss-3.2:6.5.1, pciDss-4.0:6.2.4, stig-ASD_V5R3:V-222604, stig-ASD_V5R3:V-222609"
BenchmarkTest00500.java,javasecurity:S2076,true,BLOCKER,"[{'softwareQuality': 'SECURITY', 'severity': 'BLOCKER'}]","cwe:20, cwe:78, owaspAsvs-4.0:12.3.5, owaspAsvs-4.0:5.1.3, owaspAsvs-4.0:5.1.4, owaspAsvs-4.0:5.3.8, owaspTop10-2021:a3, owaspTop10:a1, pciDss-3.2:6.5.1, pciDss-4.0:6.2.4, stig-ASD_V5R3:V-222604, stig-ASD_V5R3:V-222609"
BenchmarkTest00510.java,javasecurity:S3649,true,BLOCKER,"[{'softwareQuality': 'SECURITY', 'severity': 'BLOCKER'}]","cwe:20, cwe:89, owaspAsvs-4.0:5.1.3, owaspAsvs-4.0:5.1.4, owaspAsvs-4.0:5.3.4, owaspAsvs-4.0:5.3.5, owaspTop10-2021:a3, owaspTop10:a1, pciDss-3.2:6.5.1, pciDss-4.0:6.2.4, stig-ASD_V5R3:V-222607, stig-ASD_V5R3:V-222609"
BenchmarkTest00512.java,javasecurity:S3649,true,BLOCKER,"[{'softwareQuality': 'SECURITY', 'severity': 'BLOCKER'}]","cwe:20, cwe:89, owaspAsvs-4.0:5.1.3, owaspAsvs-4.0:5.1.4, owaspAsvs-4.0:5.3.4, owaspAsvs-4.0:5.3.5, owaspTop10-2021:a3, owaspTop10:a1, pciDss-3.2:6.5.1, pciDss-4.0:6.2.4, stig-ASD_V5R3:V-222607, stig-ASD_V5R3:V-222609"
BenchmarkTest00514.java,javasecurity:S3649,true,BLOCKER,"[{'softwareQuality': 'SECURITY', 'severity': 'BLOCKER'}]","cwe:20, cwe:89, owaspAsvs-4.0:5.1.3, owaspAsvs-4.0:5.1.4, owaspAsvs-4.0:5.3.4, owaspAsvs-4.0:5.3.5, owaspTop10-2021:a3, owaspTop10:a1, pciDss-3.2:6.5.1, pciDss-4.0:6.2.4, stig-ASD_V5R3:V-222607, stig-ASD_V5R3:V-222609"
BenchmarkTest00515.java,javasecurity:S3649,true,BLOCKER,"[{'softwareQuality': 'SECURITY', 'severity': 'BLOCKER'}]","cwe:20, cwe:89, owaspAsvs-4.0:5.1.3, owaspAsvs-4.0:5.1.4, owaspAsvs-4.0:5.3.4, owaspAsvs-4.0:5.3.5, owaspTop10-2021:a3, owaspTop10:a1, pciDss-3.2:6.5.1, pciDss-4.0:6.2.4, stig-ASD_V5R3:V-222607, stig-ASD_V5R3:V-222609"
BenchmarkTest00516.java,javasecurity:S3649,true,BLOCKER,"[{'softwareQuality': 'SECURITY', 'severity': 'BLOCKER'}]","cwe:20, cwe:89, owaspAsvs-4.0:5.1.3, owaspAsvs-4.0:5.1.4, owaspAsvs-4.0:5.3.4, owaspAsvs-4.0:5.3.5, owaspTop10-2021:a3, owaspTop10:a1, pciDss-3.2:6.5.1, pciDss-4.0:6.2.4, stig-ASD_V5R3:V-222607, stig-ASD_V5R3:V-222609"
BenchmarkTest00517.java,javasecurity:S3649,true,BLOCKER,"[{'softwareQuality': 'SECURITY', 'severity': 'BLOCKER'}]","cwe:20, cwe:89, owaspAsvs-4.0:5.1.3, owaspAsvs-4.0:5.1.4, owaspAsvs-4.0:5.3.4, owaspAsvs-4.0:5.3.5, owaspTop10-2021:a3, owaspTop10:a1, pciDss-3.2:6.5.1, pciDss-4.0:6.2.4, stig-ASD_V5R3:V-222607, stig-ASD_V5R3:V-222609"
BenchmarkTest00518.java,javasecurity:S3649,true,BLOCKER,"[{'softwareQuality': 'SECURITY', 'severity': 'BLOCKER'}]","cwe:20, cwe:89, owaspAsvs-4.0:5.1.3, owaspAsvs-4.0:5.1.4, owaspAsvs-4.0:5.3.4, owaspAsvs-4.0:5.3.5, owaspTop10-2021:a3, owaspTop10:a1, pciDss-3.2:6.5.1, pciDss-4.0:6.2.4, stig-ASD_V5R3:V-222607, stig-ASD_V5R3:V-222609"
BenchmarkTest00520.java,javasecurity:S2091,true,BLOCKER,"[{'softwareQuality': 'SECURITY', 'severity': 'BLOCKER'}]","cwe:20, cwe:643, owaspAsvs-4.0:5.1.3, owaspAsvs-4.0:5.1.4, owaspAsvs-4.0:5.3.10, owaspTop10-2021:a3, owaspTop10:a1, pciDss-3.2:6.5.1, pciDss-4.0:6.2.4, stig-ASD_V5R3:V-222608, stig-ASD_V5R3:V-222609"
BenchmarkTest00521.java,java:S5542,true,CRITICAL,"[{'softwareQuality': 'SECURITY', 'severity': 'HIGH'}]","cwe:327, cwe:780, owaspAsvs-4.0:2.9.3, owaspAsvs-4.0:6.2.2, owaspAsvs-4.0:8.3.7, owaspTop10-2021:a2, owaspTop10:a3, owaspTop10:a6, pciDss-3.2:4.1, pciDss-3.2:6.5.3, pciDss-3.2:6.5.4, pciDss-4.0:4.2.1, pciDss-4.0:6.2.4"
BenchmarkTest00521.java,java:S5547,true,CRITICAL,"[{'softwareQuality': 'SECURITY', 'severity': 'HIGH'}]","cwe:326, cwe:327, owaspAsvs-4.0:6.2.2, owaspAsvs-4.0:6.2.3, owaspAsvs-4.0:6.2.5, owaspAsvs-4.0:8.3.7, owaspTop10-2021:a2, owaspTop10:a3, owaspTop10:a6, pciDss-3.2:4.1, pciDss-3.2:6.5.3, pciDss-3.2:6.5.4, pciDss-4.0:4.2.1, pciDss-4.0:6.2.4, stig-ASD_V5R3:V-222396"
BenchmarkTest00522.java,java:S5542,true,CRITICAL,"[{'softwareQuality': 'SECURITY', 'severity': 'HIGH'}]","cwe:327, cwe:780, owaspAsvs-4.0:2.9.3, owaspAsvs-4.0:6.2.2, owaspAsvs-4.0:8.3.7, owaspTop10-2021:a2, owaspTop10:a3, owaspTop10:a6, pciDss-3.2:4.1, pciDss-3.2:6.5.3, pciDss-3.2:6.5.4, pciDss-4.0:4.2.1, pciDss-4.0:6.2.4"
BenchmarkTest00522.java,java:S5547,true,CRITICAL,"[{'softwareQuality': 'SECURITY', 'severity': 'HIGH'}]","cwe:326, cwe:327, owaspAsvs-4.0:6.2.2, owaspAsvs-4.0:6.2.3, owaspAsvs-4.0:6.2.5, owaspAsvs-4.0:8.3.7, owaspTop10-2021:a2, owaspTop10:a3, owaspTop10:a6, pciDss-3.2:4.1, pciDss-3.2:6.5.3, pciDss-3.2:6.5.4, pciDss-4.0:4.2.1, pciDss-4.0:6.2.4, stig-ASD_V5R3:V-222396"
BenchmarkTest00524.java,java:S5542,true,CRITICAL,"[{'softwareQuality': 'SECURITY', 'severity': 'HIGH'}]","cwe:327, cwe:780, owaspAsvs-4.0:2.9.3, owaspAsvs-4.0:6.2.2, owaspAsvs-4.0:8.3.7, owaspTop10-2021:a2, owaspTop10:a3, owaspTop10:a6, pciDss-3.2:4.1, pciDss-3.2:6.5.3, pciDss-3.2:6.5.4, pciDss-4.0:4.2.1, pciDss-4.0:6.2.4"
BenchmarkTest00525.java,javasecurity:S6549,true,MAJOR,"[{'softwareQuality': 'SECURITY', 'severity': 'MEDIUM'}]","cwe:20, cwe:22, owaspAsvs-4.0:12.3.1, owaspAsvs-4.0:5.1.3, owaspAsvs-4.0:5.1.4, owaspTop10-2021:a1, owaspTop10-2021:a3, owaspTop10:a1, owaspTop10:a5, pciDss-3.2:6.5.8, pciDss-4.0:6.2.4, stig-ASD_V5R3:V-222609"
BenchmarkTest00529.java,javasecurity:S2083,true,BLOCKER,"[{'softwareQuality': 'SECURITY', 'severity': 'BLOCKER'}]","cwe:20, cwe:22, owaspAsvs-4.0:12.3.1, owaspAsvs-4.0:5.1.3, owaspAsvs-4.0:5.1.4, owaspTop10-2021:a1, owaspTop10-2021:a3, owaspTop10:a1, owaspTop10:a5, pciDss-3.2:6.5.8, pciDss-4.0:6.2.4, stig-ASD_V5R3:V-222609"
BenchmarkTest00530.java,javasecurity:S2078,true,BLOCKER,"[{'softwareQuality': 'SECURITY', 'severity': 'BLOCKER'}]","cwe:20, cwe:90, owaspAsvs-4.0:5.1.3, owaspAsvs-4.0:5.1.4, owaspAsvs-4.0:5.3.7, owaspTop10-2021:a3, owaspTop10:a1, pciDss-3.2:6.5.1, pciDss-4.0:6.2.4, stig-ASD_V5R3:V-222609"
BenchmarkTest00541.java,javasecurity:S5131,true,BLOCKER,"[{'softwareQuality': 'SECURITY', 'severity': 'BLOCKER'}]","cwe:79, owaspAsvs-4.0:5.3.3, owaspTop10-2021:a3, owaspTop10:a7, pciDss-3.2:6.5.7, pciDss-4.0:6.2.4, stig-ASD_V5R3:V-222602, stig-ASD_V5R3:V-222609"
BenchmarkTest00542.java,javasecurity:S5131,true,BLOCKER,"[{'softwareQuality': 'SECURITY', 'severity': 'BLOCKER'}]","cwe:79, owaspAsvs-4.0:5.3.3, owaspTop10-2021:a3, owaspTop10:a7, pciDss-3.2:6.5.7, pciDss-4.0:6.2.4, stig-ASD_V5R3:V-222602, stig-ASD_V5R3:V-222609"
BenchmarkTest00543.java,javasecurity:S5131,true,BLOCKER,"[{'softwareQuality': 'SECURITY', 'severity': 'BLOCKER'}]","cwe:79, owaspAsvs-4.0:5.3.3, owaspTop10-2021:a3, owaspTop10:a7, pciDss-3.2:6.5.7, pciDss-4.0:6.2.4, stig-ASD_V5R3:V-222602, stig-ASD_V5R3:V-222609"
BenchmarkTest00547.java,javasecurity:S5131,true,BLOCKER,"[{'softwareQuality': 'SECURITY', 'severity': 'BLOCKER'}]","cwe:79, owaspAsvs-4.0:5.3.3, owaspTop10-2021:a3, owaspTop10:a7, pciDss-3.2:6.5.7, pciDss-4.0:6.2.4, stig-ASD_V5R3:V-222602, stig-ASD_V5R3:V-222609"
BenchmarkTest00549.java,javasecurity:S5131,true,BLOCKER,"[{'softwareQuality': 'SECURITY', 'severity': 'BLOCKER'}]","cwe:79, owaspAsvs-4.0:5.3.3, owaspTop10-2021:a3, owaspTop10:a7, pciDss-3.2:6.5.7, pciDss-4.0:6.2.4, stig-ASD_V5R3:V-222602, stig-ASD_V5R3:V-222609"
BenchmarkTest00551.java,javasecurity:S5131,true,BLOCKER,"[{'softwareQuality': 'SECURITY', 'severity': 'BLOCKER'}]","cwe:79, owaspAsvs-4.0:5.3.3, owaspTop10-2021:a3, owaspTop10:a7, pciDss-3.2:6.5.7, pciDss-4.0:6.2.4, stig-ASD_V5R3:V-222602, stig-ASD_V5R3:V-222609"
BenchmarkTest00552.java,javasecurity:S5131,true,BLOCKER,"[{'softwareQuality': 'SECURITY', 'severity': 'BLOCKER'}]","cwe:79, owaspAsvs-4.0:5.3.3, owaspTop10-2021:a3, owaspTop10:a7, pciDss-3.2:6.5.7, pciDss-4.0:6.2.4, stig-ASD_V5R3:V-222602, stig-ASD_V5R3:V-222609"
BenchmarkTest00553.java,javasecurity:S5131,true,BLOCKER,"[{'softwareQuality': 'SECURITY', 'severity': 'BLOCKER'}]","cwe:79, owaspAsvs-4.0:5.3.3, owaspTop10-2021:a3, owaspTop10:a7, pciDss-3.2:6.5.7, pciDss-4.0:6.2.4, stig-ASD_V5R3:V-222602, stig-ASD_V5R3:V-222609"
BenchmarkTest00554.java,javasecurity:S5131,true,BLOCKER,"[{'softwareQuality': 'SECURITY', 'severity': 'BLOCKER'}]","cwe:79, owaspAsvs-4.0:5.3.3, owaspTop10-2021:a3, owaspTop10:a7, pciDss-3.2:6.5.7, pciDss-4.0:6.2.4, stig-ASD_V5R3:V-222602, stig-ASD_V5R3:V-222609"
BenchmarkTest00555.java,javasecurity:S5131,true,BLOCKER,"[{'softwareQuality': 'SECURITY', 'severity': 'BLOCKER'}]","cwe:79, owaspAsvs-4.0:5.3.3, owaspTop10-2021:a3, owaspTop10:a7, pciDss-3.2:6.5.7, pciDss-4.0:6.2.4, stig-ASD_V5R3:V-222602, stig-ASD_V5R3:V-222609"
BenchmarkTest00556.java,javasecurity:S5131,true,BLOCKER,"[{'softwareQuality': 'SECURITY', 'severity': 'BLOCKER'}]","cwe:79, owaspAsvs-4.0:5.3.3, owaspTop10-2021:a3, owaspTop10:a7, pciDss-3.2:6.5.7, pciDss-4.0:6.2.4, stig-ASD_V5R3:V-222602, stig-ASD_V5R3:V-222609"
BenchmarkTest00557.java,javasecurity:S5131,true,BLOCKER,"[{'softwareQuality': 'SECURITY', 'severity': 'BLOCKER'}]","cwe:79, owaspAsvs-4.0:5.3.3, owaspTop10-2021:a3, owaspTop10:a7, pciDss-3.2:6.5.7, pciDss-4.0:6.2.4, stig-ASD_V5R3:V-222602, stig-ASD_V5R3:V-222609"
BenchmarkTest00567.java,javasecurity:S2076,true,BLOCKER,"[{'softwareQuality': 'SECURITY', 'severity': 'BLOCKER'}]","cwe:20, cwe:78, owaspAsvs-4.0:12.3.5, owaspAsvs-4.0:5.1.3, owaspAsvs-4.0:5.1.4, owaspAsvs-4.0:5.3.8, owaspTop10-2021:a3, owaspTop10:a1, pciDss-3.2:6.5.1, pciDss-4.0:6.2.4, stig-ASD_V5R3:V-222604, stig-ASD_V5R3:V-222609"
BenchmarkTest00571.java,javasecurity:S6547,true,MAJOR,"[{'softwareQuality': 'SECURITY', 'severity': 'MEDIUM'}]","cwe:20, cwe:454, owaspAsvs-4.0:5.1.3, owaspAsvs-4.0:5.1.4, owaspTop10-2021:a3, owaspTop10:a1, stig-ASD_V5R3:V-222609"
BenchmarkTest00572.java,javasecurity:S2076,true,BLOCKER,"[{'softwareQuality': 'SECURITY', 'severity': 'BLOCKER'}]","cwe:20, cwe:78, owaspAsvs-4.0:12.3.5, owaspAsvs-4.0:5.1.3, owaspAsvs-4.0:5.1.4, owaspAsvs-4.0:5.3.8, owaspTop10-2021:a3, owaspTop10:a1, pciDss-3.2:6.5.1, pciDss-4.0:6.2.4, stig-ASD_V5R3:V-222604, stig-ASD_V5R3:V-222609"
BenchmarkTest00573.java,javasecurity:S6547,true,MAJOR,"[{'softwareQuality': 'SECURITY', 'severity': 'MEDIUM'}]","cwe:20, cwe:454, owaspAsvs-4.0:5.1.3, owaspAsvs-4.0:5.1.4, owaspTop10-2021:a3, owaspTop10:a1, stig-ASD_V5R3:V-222609"
BenchmarkTest00574.java,javasecurity:S6547,true,MAJOR,"[{'softwareQuality': 'SECURITY', 'severity': 'MEDIUM'}]","cwe:20, cwe:454, owaspAsvs-4.0:5.1.3, owaspAsvs-4.0:5.1.4, owaspTop10-2021:a3, owaspTop10:a1, stig-ASD_V5R3:V-222609"
BenchmarkTest00575.java,javasecurity:S2076,true,BLOCKER,"[{'softwareQuality': 'SECURITY', 'severity': 'BLOCKER'}]","cwe:20, cwe:78, owaspAsvs-4.0:12.3.5, owaspAsvs-4.0:5.1.3, owaspAsvs-4.0:5.1.4, owaspAsvs-4.0:5.3.8, owaspTop10-2021:a3, owaspTop10:a1, pciDss-3.2:6.5.1, pciDss-4.0:6.2.4, stig-ASD_V5R3:V-222604, stig-ASD_V5R3:V-222609"
BenchmarkTest00576.java,javasecurity:S2076,true,BLOCKER,"[{'softwareQuality': 'SECURITY', 'severity': 'BLOCKER'}]","cwe:20, cwe:78, owaspAsvs-4.0:12.3.5, owaspAsvs-4.0:5.1.3, owaspAsvs-4.0:5.1.4, owaspAsvs-4.0:5.3.8, owaspTop10-2021:a3, owaspTop10:a1, pciDss-3.2:6.5.1, pciDss-4.0:6.2.4, stig-ASD_V5R3:V-222604, stig-ASD_V5R3:V-222609"
BenchmarkTest00590.java,javasecurity:S3649,true,BLOCKER,"[{'softwareQuality': 'SECURITY', 'severity': 'BLOCKER'}]","cwe:20, cwe:89, owaspAsvs-4.0:5.1.3, owaspAsvs-4.0:5.1.4, owaspAsvs-4.0:5.3.4, owaspAsvs-4.0:5.3.5, owaspTop10-2021:a3, owaspTop10:a1, pciDss-3.2:6.5.1, pciDss-4.0:6.2.4, stig-ASD_V5R3:V-222607, stig-ASD_V5R3:V-222609"
BenchmarkTest00591.java,javasecurity:S3649,true,BLOCKER,"[{'softwareQuality': 'SECURITY', 'severity': 'BLOCKER'}]","cwe:20, cwe:89, owaspAsvs-4.0:5.1.3, owaspAsvs-4.0:5.1.4, owaspAsvs-4.0:5.3.4, owaspAsvs-4.0:5.3.5, owaspTop10-2021:a3, owaspTop10:a1, pciDss-3.2:6.5.1, pciDss-4.0:6.2.4, stig-ASD_V5R3:V-222607, stig-ASD_V5R3:V-222609"
BenchmarkTest00593.java,javasecurity:S3649,true,BLOCKER,"[{'softwareQuality': 'SECURITY', 'severity': 'BLOCKER'}]","cwe:20, cwe:89, owaspAsvs-4.0:5.1.3, owaspAsvs-4.0:5.1.4, owaspAsvs-4.0:5.3.4, owaspAsvs-4.0:5.3.5, owaspTop10-2021:a3, owaspTop10:a1, pciDss-3.2:6.5.1, pciDss-4.0:6.2.4, stig-ASD_V5R3:V-222607, stig-ASD_V5R3:V-222609"
BenchmarkTest00594.java,javasecurity:S3649,true,BLOCKER,"[{'softwareQuality': 'SECURITY', 'severity': 'BLOCKER'}]","cwe:20, cwe:89, owaspAsvs-4.0:5.1.3, owaspAsvs-4.0:5.1.4, owaspAsvs-4.0:5.3.4, owaspAsvs-4.0:5.3.5, owaspTop10-2021:a3, owaspTop10:a1, pciDss-3.2:6.5.1, pciDss-4.0:6.2.4, stig-ASD_V5R3:V-222607, stig-ASD_V5R3:V-222609"
BenchmarkTest00595.java,javasecurity:S3649,true,BLOCKER,"[{'softwareQuality': 'SECURITY', 'severity': 'BLOCKER'}]","cwe:20, cwe:89, owaspAsvs-4.0:5.1.3, owaspAsvs-4.0:5.1.4, owaspAsvs-4.0:5.3.4, owaspAsvs-4.0:5.3.5, owaspTop10-2021:a3, owaspTop10:a1, pciDss-3.2:6.5.1, pciDss-4.0:6.2.4, stig-ASD_V5R3:V-222607, stig-ASD_V5R3:V-222609"
BenchmarkTest00596.java,javasecurity:S3649,true,BLOCKER,"[{'softwareQuality': 'SECURITY', 'severity': 'BLOCKER'}]","cwe:20, cwe:89, owaspAsvs-4.0:5.1.3, owaspAsvs-4.0:5.1.4, owaspAsvs-4.0:5.3.4, owaspAsvs-4.0:5.3.5, owaspTop10-2021:a3, owaspTop10:a1, pciDss-3.2:6.5.1, pciDss-4.0:6.2.4, stig-ASD_V5R3:V-222607, stig-ASD_V5R3:V-222609"
BenchmarkTest00597.java,javasecurity:S3649,true,BLOCKER,"[{'softwareQuality': 'SECURITY', 'severity': 'BLOCKER'}]","cwe:20, cwe:89, owaspAsvs-4.0:5.1.3, owaspAsvs-4.0:5.1.4, owaspAsvs-4.0:5.3.4, owaspAsvs-4.0:5.3.5, owaspTop10-2021:a3, owaspTop10:a1, pciDss-3.2:6.5.1, pciDss-4.0:6.2.4, stig-ASD_V5R3:V-222607, stig-ASD_V5R3:V-222609"
BenchmarkTest00598.java,javasecurity:S3649,true,BLOCKER,"[{'softwareQuality': 'SECURITY', 'severity': 'BLOCKER'}]","cwe:20, cwe:89, owaspAsvs-4.0:5.1.3, owaspAsvs-4.0:5.1.4, owaspAsvs-4.0:5.3.4, owaspAsvs-4.0:5.3.5, owaspTop10-2021:a3, owaspTop10:a1, pciDss-3.2:6.5.1, pciDss-4.0:6.2.4, stig-ASD_V5R3:V-222607, stig-ASD_V5R3:V-222609"
BenchmarkTest00600.java,javasecurity:S3649,true,BLOCKER,"[{'softwareQuality': 'SECURITY', 'severity': 'BLOCKER'}]","cwe:20, cwe:89, owaspAsvs-4.0:5.1.3, owaspAsvs-4.0:5.1.4, owaspAsvs-4.0:5.3.4, owaspAsvs-4.0:5.3.5, owaspTop10-2021:a3, owaspTop10:a1, pciDss-3.2:6.5.1, pciDss-4.0:6.2.4, stig-ASD_V5R3:V-222607, stig-ASD_V5R3:V-222609"
BenchmarkTest00601.java,javasecurity:S3649,true,BLOCKER,"[{'softwareQuality': 'SECURITY', 'severity': 'BLOCKER'}]","cwe:20, cwe:89, owaspAsvs-4.0:5.1.3, owaspAsvs-4.0:5.1.4, owaspAsvs-4.0:5.3.4, owaspAsvs-4.0:5.3.5, owaspTop10-2021:a3, owaspTop10:a1, pciDss-3.2:6.5.1, pciDss-4.0:6.2.4, stig-ASD_V5R3:V-222607, stig-ASD_V5R3:V-222609"
BenchmarkTest00603.java,javasecurity:S3649,true,BLOCKER,"[{'softwareQuality': 'SECURITY', 'severity': 'BLOCKER'}]","cwe:20, cwe:89, owaspAsvs-4.0:5.1.3, owaspAsvs-4.0:5.1.4, owaspAsvs-4.0:5.3.4, owaspAsvs-4.0:5.3.5, owaspTop10-2021:a3, owaspTop10:a1, pciDss-3.2:6.5.1, pciDss-4.0:6.2.4, stig-ASD_V5R3:V-222607, stig-ASD_V5R3:V-222609"
BenchmarkTest00604.java,javasecurity:S3649,true,BLOCKER,"[{'softwareQuality': 'SECURITY', 'severity': 'BLOCKER'}]","cwe:20, cwe:89, owaspAsvs-4.0:5.1.3, owaspAsvs-4.0:5.1.4, owaspAsvs-4.0:5.3.4, owaspAsvs-4.0:5.3.5, owaspTop10-2021:a3, owaspTop10:a1, pciDss-3.2:6.5.1, pciDss-4.0:6.2.4, stig-ASD_V5R3:V-222607, stig-ASD_V5R3:V-222609"
BenchmarkTest00605.java,javasecurity:S3649,true,BLOCKER,"[{'softwareQuality': 'SECURITY', 'severity': 'BLOCKER'}]","cwe:20, cwe:89, owaspAsvs-4.0:5.1.3, owaspAsvs-4.0:5.1.4, owaspAsvs-4.0:5.3.4, owaspAsvs-4.0:5.3.5, owaspTop10-2021:a3, owaspTop10:a1, pciDss-3.2:6.5.1, pciDss-4.0:6.2.4, stig-ASD_V5R3:V-222607, stig-ASD_V5R3:V-222609"
BenchmarkTest00606.java,javasecurity:S3649,true,BLOCKER,"[{'softwareQuality': 'SECURITY', 'severity': 'BLOCKER'}]","cwe:20, cwe:89, owaspAsvs-4.0:5.1.3, owaspAsvs-4.0:5.1.4, owaspAsvs-4.0:5.3.4, owaspAsvs-4.0:5.3.5, owaspTop10-2021:a3, owaspTop10:a1, pciDss-3.2:6.5.1, pciDss-4.0:6.2.4, stig-ASD_V5R3:V-222607, stig-ASD_V5R3:V-222609"
BenchmarkTest00607.java,javasecurity:S2091,true,BLOCKER,"[{'softwareQuality': 'SECURITY', 'severity': 'BLOCKER'}]","cwe:20, cwe:643, owaspAsvs-4.0:5.1.3, owaspAsvs-4.0:5.1.4, owaspAsvs-4.0:5.3.10, owaspTop10-2021:a3, owaspTop10:a1, pciDss-3.2:6.5.1, pciDss-4.0:6.2.4, stig-ASD_V5R3:V-222608, stig-ASD_V5R3:V-222609"
BenchmarkTest00608.java,java:S5542,true,CRITICAL,"[{'softwareQuality': 'SECURITY', 'severity': 'HIGH'}]","cwe:327, cwe:780, owaspAsvs-4.0:2.9.3, owaspAsvs-4.0:6.2.2, owaspAsvs-4.0:8.3.7, owaspTop10-2021:a2, owaspTop10:a3, owaspTop10:a6, pciDss-3.2:4.1, pciDss-3.2:6.5.3, pciDss-3.2:6.5.4, pciDss-4.0:4.2.1, pciDss-4.0:6.2.4"
BenchmarkTest00608.java,java:S5547,true,CRITICAL,"[{'softwareQuality': 'SECURITY', 'severity': 'HIGH'}]","cwe:326, cwe:327, owaspAsvs-4.0:6.2.2, owaspAsvs-4.0:6.2.3, owaspAsvs-4.0:6.2.5, owaspAsvs-4.0:8.3.7, owaspTop10-2021:a2, owaspTop10:a3, owaspTop10:a6, pciDss-3.2:4.1, pciDss-3.2:6.5.3, pciDss-3.2:6.5.4, pciDss-4.0:4.2.1, pciDss-4.0:6.2.4, stig-ASD_V5R3:V-222396"
BenchmarkTest00609.java,java:S5542,true,CRITICAL,"[{'softwareQuality': 'SECURITY', 'severity': 'HIGH'}]","cwe:327, cwe:780, owaspAsvs-4.0:2.9.3, owaspAsvs-4.0:6.2.2, owaspAsvs-4.0:8.3.7, owaspTop10-2021:a2, owaspTop10:a3, owaspTop10:a6, pciDss-3.2:4.1, pciDss-3.2:6.5.3, pciDss-3.2:6.5.4, pciDss-4.0:4.2.1, pciDss-4.0:6.2.4"
BenchmarkTest00609.java,java:S5547,true,CRITICAL,"[{'softwareQuality': 'SECURITY', 'severity': 'HIGH'}]","cwe:326, cwe:327, owaspAsvs-4.0:6.2.2, owaspAsvs-4.0:6.2.3, owaspAsvs-4.0:6.2.5, owaspAsvs-4.0:8.3.7, owaspTop10-2021:a2, owaspTop10:a3, owaspTop10:a6, pciDss-3.2:4.1, pciDss-3.2:6.5.3, pciDss-3.2:6.5.4, pciDss-4.0:4.2.1, pciDss-4.0:6.2.4, stig-ASD_V5R3:V-222396"
BenchmarkTest00610.java,java:S5542,true,CRITICAL,"[{'softwareQuality': 'SECURITY', 'severity': 'HIGH'}]","cwe:327, cwe:780, owaspAsvs-4.0:2.9.3, owaspAsvs-4.0:6.2.2, owaspAsvs-4.0:8.3.7, owaspTop10-2021:a2, owaspTop10:a3, owaspTop10:a6, pciDss-3.2:4.1, pciDss-3.2:6.5.3, pciDss-3.2:6.5.4, pciDss-4.0:4.2.1, pciDss-4.0:6.2.4"
BenchmarkTest00610.java,java:S5547,true,CRITICAL,"[{'softwareQuality': 'SECURITY', 'severity': 'HIGH'}]","cwe:326, cwe:327, owaspAsvs-4.0:6.2.2, owaspAsvs-4.0:6.2.3, owaspAsvs-4.0:6.2.5, owaspAsvs-4.0:8.3.7, owaspTop10-2021:a2, owaspTop10:a3, owaspTop10:a6, pciDss-3.2:4.1, pciDss-3.2:6.5.3, pciDss-3.2:6.5.4, pciDss-4.0:4.2.1, pciDss-4.0:6.2.4, stig-ASD_V5R3:V-222396"
BenchmarkTest00611.java,java:S5542,true,CRITICAL,"[{'softwareQuality': 'SECURITY', 'severity': 'HIGH'}]","cwe:327, cwe:780, owaspAsvs-4.0:2.9.3, owaspAsvs-4.0:6.2.2, owaspAsvs-4.0:8.3.7, owaspTop10-2021:a2, owaspTop10:a3, owaspTop10:a6, pciDss-3.2:4.1, pciDss-3.2:6.5.3, pciDss-3.2:6.5.4, pciDss-4.0:4.2.1, pciDss-4.0:6.2.4"
BenchmarkTest00611.java,java:S5547,true,CRITICAL,"[{'softwareQuality': 'SECURITY', 'severity': 'HIGH'}]","cwe:326, cwe:327, owaspAsvs-4.0:6.2.2, owaspAsvs-4.0:6.2.3, owaspAsvs-4.0:6.2.5, owaspAsvs-4.0:8.3.7, owaspTop10-2021:a2, owaspTop10:a3, owaspTop10:a6, pciDss-3.2:4.1, pciDss-3.2:6.5.3, pciDss-3.2:6.5.4, pciDss-4.0:4.2.1, pciDss-4.0:6.2.4, stig-ASD_V5R3:V-222396"
BenchmarkTest00614.java,java:S5542,true,CRITICAL,"[{'softwareQuality': 'SECURITY', 'severity': 'HIGH'}]","cwe:327, cwe:780, owaspAsvs-4.0:2.9.3, owaspAsvs-4.0:6.2.2, owaspAsvs-4.0:8.3.7, owaspTop10-2021:a2, owaspTop10:a3, owaspTop10:a6, pciDss-3.2:4.1, pciDss-3.2:6.5.3, pciDss-3.2:6.5.4, pciDss-4.0:4.2.1, pciDss-4.0:6.2.4"
BenchmarkTest00614.java,java:S5547,true,CRITICAL,"[{'softwareQuality': 'SECURITY', 'severity': 'HIGH'}]","cwe:326, cwe:327, owaspAsvs-4.0:6.2.2, owaspAsvs-4.0:6.2.3, owaspAsvs-4.0:6.2.5, owaspAsvs-4.0:8.3.7, owaspTop10-2021:a2, owaspTop10:a3, owaspTop10:a6, pciDss-3.2:4.1, pciDss-3.2:6.5.3, pciDss-3.2:6.5.4, pciDss-4.0:4.2.1, pciDss-4.0:6.2.4, stig-ASD_V5R3:V-222396"
BenchmarkTest00615.java,java:S5542,true,CRITICAL,"[{'softwareQuality': 'SECURITY', 'severity': 'HIGH'}]","cwe:327, cwe:780, owaspAsvs-4.0:2.9.3, owaspAsvs-4.0:6.2.2, owaspAsvs-4.0:8.3.7, owaspTop10-2021:a2, owaspTop10:a3, owaspTop10:a6, pciDss-3.2:4.1, pciDss-3.2:6.5.3, pciDss-3.2:6.5.4, pciDss-4.0:4.2.1, pciDss-4.0:6.2.4"
BenchmarkTest00615.java,java:S5547,true,CRITICAL,"[{'softwareQuality': 'SECURITY', 'severity': 'HIGH'}]","cwe:326, cwe:327, owaspAsvs-4.0:6.2.2, owaspAsvs-4.0:6.2.3, owaspAsvs-4.0:6.2.5, owaspAsvs-4.0:8.3.7, owaspTop10-2021:a2, owaspTop10:a3, owaspTop10:a6, pciDss-3.2:4.1, pciDss-3.2:6.5.3, pciDss-3.2:6.5.4, pciDss-4.0:4.2.1, pciDss-4.0:6.2.4, stig-ASD_V5R3:V-222396"
BenchmarkTest00616.java,java:S5542,true,CRITICAL,"[{'softwareQuality': 'SECURITY', 'severity': 'HIGH'}]","cwe:327, cwe:780, owaspAsvs-4.0:2.9.3, owaspAsvs-4.0:6.2.2, owaspAsvs-4.0:8.3.7, owaspTop10-2021:a2, owaspTop10:a3, owaspTop10:a6, pciDss-3.2:4.1, pciDss-3.2:6.5.3, pciDss-3.2:6.5.4, pciDss-4.0:4.2.1, pciDss-4.0:6.2.4"
BenchmarkTest00616.java,java:S5547,true,CRITICAL,"[{'softwareQuality': 'SECURITY', 'severity': 'HIGH'}]","cwe:326, cwe:327, owaspAsvs-4.0:6.2.2, owaspAsvs-4.0:6.2.3, owaspAsvs-4.0:6.2.5, owaspAsvs-4.0:8.3.7, owaspTop10-2021:a2, owaspTop10:a3, owaspTop10:a6, pciDss-3.2:4.1, pciDss-3.2:6.5.3, pciDss-3.2:6.5.4, pciDss-4.0:4.2.1, pciDss-4.0:6.2.4, stig-ASD_V5R3:V-222396"
BenchmarkTest00617.java,java:S5542,true,CRITICAL,"[{'softwareQuality': 'SECURITY', 'severity': 'HIGH'}]","cwe:327, cwe:780, owaspAsvs-4.0:2.9.3, owaspAsvs-4.0:6.2.2, owaspAsvs-4.0:8.3.7, owaspTop10-2021:a2, owaspTop10:a3, owaspTop10:a6, pciDss-3.2:4.1, pciDss-3.2:6.5.3, pciDss-3.2:6.5.4, pciDss-4.0:4.2.1, pciDss-4.0:6.2.4"
BenchmarkTest00617.java,java:S5547,true,CRITICAL,"[{'softwareQuality': 'SECURITY', 'severity': 'HIGH'}]","cwe:326, cwe:327, owaspAsvs-4.0:6.2.2, owaspAsvs-4.0:6.2.3, owaspAsvs-4.0:6.2.5, owaspAsvs-4.0:8.3.7, owaspTop10-2021:a2, owaspTop10:a3, owaspTop10:a6, pciDss-3.2:4.1, pciDss-3.2:6.5.3, pciDss-3.2:6.5.4, pciDss-4.0:4.2.1, pciDss-4.0:6.2.4, stig-ASD_V5R3:V-222396"
BenchmarkTest00618.java,java:S5542,true,CRITICAL,"[{'softwareQuality': 'SECURITY', 'severity': 'HIGH'}]","cwe:327, cwe:780, owaspAsvs-4.0:2.9.3, owaspAsvs-4.0:6.2.2, owaspAsvs-4.0:8.3.7, owaspTop10-2021:a2, owaspTop10:a3, owaspTop10:a6, pciDss-3.2:4.1, pciDss-3.2:6.5.3, pciDss-3.2:6.5.4, pciDss-4.0:4.2.1, pciDss-4.0:6.2.4"
BenchmarkTest00619.java,javasecurity:S6549,true,MAJOR,"[{'softwareQuality': 'SECURITY', 'severity': 'MEDIUM'}]","cwe:20, cwe:22, owaspAsvs-4.0:12.3.1, owaspAsvs-4.0:5.1.3, owaspAsvs-4.0:5.1.4, owaspTop10-2021:a1, owaspTop10-2021:a3, owaspTop10:a1, owaspTop10:a5, pciDss-3.2:6.5.8, pciDss-4.0:6.2.4, stig-ASD_V5R3:V-222609"
BenchmarkTest00622.java,javasecurity:S6549,true,MAJOR,"[{'softwareQuality': 'SECURITY', 'severity': 'MEDIUM'}]","cwe:20, cwe:22, owaspAsvs-4.0:12.3.1, owaspAsvs-4.0:5.1.3, owaspAsvs-4.0:5.1.4, owaspTop10-2021:a1, owaspTop10-2021:a3, owaspTop10:a1, owaspTop10:a5, pciDss-3.2:6.5.8, pciDss-4.0:6.2.4, stig-ASD_V5R3:V-222609"
BenchmarkTest00624.java,javasecurity:S2083,true,BLOCKER,"[{'softwareQuality': 'SECURITY', 'severity': 'BLOCKER'}]","cwe:20, cwe:22, owaspAsvs-4.0:12.3.1, owaspAsvs-4.0:5.1.3, owaspAsvs-4.0:5.1.4, owaspTop10-2021:a1, owaspTop10-2021:a3, owaspTop10:a1, owaspTop10:a5, pciDss-3.2:6.5.8, pciDss-4.0:6.2.4, stig-ASD_V5R3:V-222609"
BenchmarkTest00625.java,javasecurity:S2083,true,BLOCKER,"[{'softwareQuality': 'SECURITY', 'severity': 'BLOCKER'}]","cwe:20, cwe:22, owaspAsvs-4.0:12.3.1, owaspAsvs-4.0:5.1.3, owaspAsvs-4.0:5.1.4, owaspTop10-2021:a1, owaspTop10-2021:a3, owaspTop10:a1, owaspTop10:a5, pciDss-3.2:6.5.8, pciDss-4.0:6.2.4, stig-ASD_V5R3:V-222609"
BenchmarkTest00627.java,javasecurity:S2083,true,BLOCKER,"[{'softwareQuality': 'SECURITY', 'severity': 'BLOCKER'}]","cwe:20, cwe:22, owaspAsvs-4.0:12.3.1, owaspAsvs-4.0:5.1.3, owaspAsvs-4.0:5.1.4, owaspTop10-2021:a1, owaspTop10-2021:a3, owaspTop10:a1, owaspTop10:a5, pciDss-3.2:6.5.8, pciDss-4.0:6.2.4, stig-ASD_V5R3:V-222609"
BenchmarkTest00629.java,javasecurity:S2083,true,BLOCKER,"[{'softwareQuality': 'SECURITY', 'severity': 'BLOCKER'}]","cwe:20, cwe:22, owaspAsvs-4.0:12.3.1, owaspAsvs-4.0:5.1.3, owaspAsvs-4.0:5.1.4, owaspTop10-2021:a1, owaspTop10-2021:a3, owaspTop10:a1, owaspTop10:a5, pciDss-3.2:6.5.8, pciDss-4.0:6.2.4, stig-ASD_V5R3:V-222609"
BenchmarkTest00630.java,javasecurity:S2078,true,BLOCKER,"[{'softwareQuality': 'SECURITY', 'severity': 'BLOCKER'}]","cwe:20, cwe:90, owaspAsvs-4.0:5.1.3, owaspAsvs-4.0:5.1.4, owaspAsvs-4.0:5.3.7, owaspTop10-2021:a3, owaspTop10:a1, pciDss-3.2:6.5.1, pciDss-4.0:6.2.4, stig-ASD_V5R3:V-222609"
BenchmarkTest00642.java,javasecurity:S5131,true,BLOCKER,"[{'softwareQuality': 'SECURITY', 'severity': 'BLOCKER'}]","cwe:79, owaspAsvs-4.0:5.3.3, owaspTop10-2021:a3, owaspTop10:a7, pciDss-3.2:6.5.7, pciDss-4.0:6.2.4, stig-ASD_V5R3:V-222602, stig-ASD_V5R3:V-222609"
BenchmarkTest00643.java,javasecurity:S5131,true,BLOCKER,"[{'softwareQuality': 'SECURITY', 'severity': 'BLOCKER'}]","cwe:79, owaspAsvs-4.0:5.3.3, owaspTop10-2021:a3, owaspTop10:a7, pciDss-3.2:6.5.7, pciDss-4.0:6.2.4, stig-ASD_V5R3:V-222602, stig-ASD_V5R3:V-222609"
BenchmarkTest00644.java,javasecurity:S5131,true,BLOCKER,"[{'softwareQuality': 'SECURITY', 'severity': 'BLOCKER'}]","cwe:79, owaspAsvs-4.0:5.3.3, owaspTop10-2021:a3, owaspTop10:a7, pciDss-3.2:6.5.7, pciDss-4.0:6.2.4, stig-ASD_V5R3:V-222602, stig-ASD_V5R3:V-222609"
BenchmarkTest00645.java,javasecurity:S5131,true,BLOCKER,"[{'softwareQuality': 'SECURITY', 'severity': 'BLOCKER'}]","cwe:79, owaspAsvs-4.0:5.3.3, owaspTop10-2021:a3, owaspTop10:a7, pciDss-3.2:6.5.7, pciDss-4.0:6.2.4, stig-ASD_V5R3:V-222602, stig-ASD_V5R3:V-222609"
BenchmarkTest00651.java,javasecurity:S5131,true,BLOCKER,"[{'softwareQuality': 'SECURITY', 'severity': 'BLOCKER'}]","cwe:79, owaspAsvs-4.0:5.3.3, owaspTop10-2021:a3, owaspTop10:a7, pciDss-3.2:6.5.7, pciDss-4.0:6.2.4, stig-ASD_V5R3:V-222602, stig-ASD_V5R3:V-222609"
BenchmarkTest00656.java,javasecurity:S5131,true,BLOCKER,"[{'softwareQuality': 'SECURITY', 'severity': 'BLOCKER'}]","cwe:79, owaspAsvs-4.0:5.3.3, owaspTop10-2021:a3, owaspTop10:a7, pciDss-3.2:6.5.7, pciDss-4.0:6.2.4, stig-ASD_V5R3:V-222602, stig-ASD_V5R3:V-222609"
BenchmarkTest00658.java,javasecurity:S2076,true,BLOCKER,"[{'softwareQuality': 'SECURITY', 'severity': 'BLOCKER'}]","cwe:20, cwe:78, owaspAsvs-4.0:12.3.5, owaspAsvs-4.0:5.1.3, owaspAsvs-4.0:5.1.4, owaspAsvs-4.0:5.3.8, owaspTop10-2021:a3, owaspTop10:a1, pciDss-3.2:6.5.1, pciDss-4.0:6.2.4, stig-ASD_V5R3:V-222604, stig-ASD_V5R3:V-222609"
BenchmarkTest00659.java,javasecurity:S2076,true,BLOCKER,"[{'softwareQuality': 'SECURITY', 'severity': 'BLOCKER'}]","cwe:20, cwe:78, owaspAsvs-4.0:12.3.5, owaspAsvs-4.0:5.1.3, owaspAsvs-4.0:5.1.4, owaspAsvs-4.0:5.3.8, owaspTop10-2021:a3, owaspTop10:a1, pciDss-3.2:6.5.1, pciDss-4.0:6.2.4, stig-ASD_V5R3:V-222604, stig-ASD_V5R3:V-222609"
BenchmarkTest00672.java,javasecurity:S3649,true,BLOCKER,"[{'softwareQuality': 'SECURITY', 'severity': 'BLOCKER'}]","cwe:20, cwe:89, owaspAsvs-4.0:5.1.3, owaspAsvs-4.0:5.1.4, owaspAsvs-4.0:5.3.4, owaspAsvs-4.0:5.3.5, owaspTop10-2021:a3, owaspTop10:a1, pciDss-3.2:6.5.1, pciDss-4.0:6.2.4, stig-ASD_V5R3:V-222607, stig-ASD_V5R3:V-222609"
BenchmarkTest00673.java,javasecurity:S3649,true,BLOCKER,"[{'softwareQuality': 'SECURITY', 'severity': 'BLOCKER'}]","cwe:20, cwe:89, owaspAsvs-4.0:5.1.3, owaspAsvs-4.0:5.1.4, owaspAsvs-4.0:5.3.4, owaspAsvs-4.0:5.3.5, owaspTop10-2021:a3, owaspTop10:a1, pciDss-3.2:6.5.1, pciDss-4.0:6.2.4, stig-ASD_V5R3:V-222607, stig-ASD_V5R3:V-222609"
BenchmarkTest00675.java,javasecurity:S3649,true,BLOCKER,"[{'softwareQuality': 'SECURITY', 'severity': 'BLOCKER'}]","cwe:20, cwe:89, owaspAsvs-4.0:5.1.3, owaspAsvs-4.0:5.1.4, owaspAsvs-4.0:5.3.4, owaspAsvs-4.0:5.3.5, owaspTop10-2021:a3, owaspTop10:a1, pciDss-3.2:6.5.1, pciDss-4.0:6.2.4, stig-ASD_V5R3:V-222607, stig-ASD_V5R3:V-222609"
BenchmarkTest00676.java,javasecurity:S3649,true,BLOCKER,"[{'softwareQuality': 'SECURITY', 'severity': 'BLOCKER'}]","cwe:20, cwe:89, owaspAsvs-4.0:5.1.3, owaspAsvs-4.0:5.1.4, owaspAsvs-4.0:5.3.4, owaspAsvs-4.0:5.3.5, owaspTop10-2021:a3, owaspTop10:a1, pciDss-3.2:6.5.1, pciDss-4.0:6.2.4, stig-ASD_V5R3:V-222607, stig-ASD_V5R3:V-222609"
BenchmarkTest00677.java,javasecurity:S3649,true,BLOCKER,"[{'softwareQuality': 'SECURITY', 'severity': 'BLOCKER'}]","cwe:20, cwe:89, owaspAsvs-4.0:5.1.3, owaspAsvs-4.0:5.1.4, owaspAsvs-4.0:5.3.4, owaspAsvs-4.0:5.3.5, owaspTop10-2021:a3, owaspTop10:a1, pciDss-3.2:6.5.1, pciDss-4.0:6.2.4, stig-ASD_V5R3:V-222607, stig-ASD_V5R3:V-222609"
BenchmarkTest00678.java,javasecurity:S3649,true,BLOCKER,"[{'softwareQuality': 'SECURITY', 'severity': 'BLOCKER'}]","cwe:20, cwe:89, owaspAsvs-4.0:5.1.3, owaspAsvs-4.0:5.1.4, owaspAsvs-4.0:5.3.4, owaspAsvs-4.0:5.3.5, owaspTop10-2021:a3, owaspTop10:a1, pciDss-3.2:6.5.1, pciDss-4.0:6.2.4, stig-ASD_V5R3:V-222607, stig-ASD_V5R3:V-222609"
BenchmarkTest00679.java,javasecurity:S3649,true,BLOCKER,"[{'softwareQuality': 'SECURITY', 'severity': 'BLOCKER'}]","cwe:20, cwe:89, owaspAsvs-4.0:5.1.3, owaspAsvs-4.0:5.1.4, owaspAsvs-4.0:5.3.4, owaspAsvs-4.0:5.3.5, owaspTop10-2021:a3, owaspTop10:a1, pciDss-3.2:6.5.1, pciDss-4.0:6.2.4, stig-ASD_V5R3:V-222607, stig-ASD_V5R3:V-222609"
BenchmarkTest00681.java,javasecurity:S3649,true,BLOCKER,"[{'softwareQuality': 'SECURITY', 'severity': 'BLOCKER'}]","cwe:20, cwe:89, owaspAsvs-4.0:5.1.3, owaspAsvs-4.0:5.1.4, owaspAsvs-4.0:5.3.4, owaspAsvs-4.0:5.3.5, owaspTop10-2021:a3, owaspTop10:a1, pciDss-3.2:6.5.1, pciDss-4.0:6.2.4, stig-ASD_V5R3:V-222607, stig-ASD_V5R3:V-222609"
BenchmarkTest00682.java,javasecurity:S3649,true,BLOCKER,"[{'softwareQuality': 'SECURITY', 'severity': 'BLOCKER'}]","cwe:20, cwe:89, owaspAsvs-4.0:5.1.3, owaspAsvs-4.0:5.1.4, owaspAsvs-4.0:5.3.4, owaspAsvs-4.0:5.3.5, owaspTop10-2021:a3, owaspTop10:a1, pciDss-3.2:6.5.1, pciDss-4.0:6.2.4, stig-ASD_V5R3:V-222607, stig-ASD_V5R3:V-222609"
BenchmarkTest00683.java,javasecurity:S2091,true,BLOCKER,"[{'softwareQuality': 'SECURITY', 'severity': 'BLOCKER'}]","cwe:20, cwe:643, owaspAsvs-4.0:5.1.3, owaspAsvs-4.0:5.1.4, owaspAsvs-4.0:5.3.10, owaspTop10-2021:a3, owaspTop10:a1, pciDss-3.2:6.5.1, pciDss-4.0:6.2.4, stig-ASD_V5R3:V-222608, stig-ASD_V5R3:V-222609"
BenchmarkTest00684.java,java:S5542,true,CRITICAL,"[{'softwareQuality': 'SECURITY', 'severity': 'HIGH'}]","cwe:327, cwe:780, owaspAsvs-4.0:2.9.3, owaspAsvs-4.0:6.2.2, owaspAsvs-4.0:8.3.7, owaspTop10-2021:a2, owaspTop10:a3, owaspTop10:a6, pciDss-3.2:4.1, pciDss-3.2:6.5.3, pciDss-3.2:6.5.4, pciDss-4.0:4.2.1, pciDss-4.0:6.2.4"
BenchmarkTest00684.java,java:S5547,true,CRITICAL,"[{'softwareQuality': 'SECURITY', 'severity': 'HIGH'}]","cwe:326, cwe:327, owaspAsvs-4.0:6.2.2, owaspAsvs-4.0:6.2.3, owaspAsvs-4.0:6.2.5, owaspAsvs-4.0:8.3.7, owaspTop10-2021:a2, owaspTop10:a3, owaspTop10:a6, pciDss-3.2:4.1, pciDss-3.2:6.5.3, pciDss-3.2:6.5.4, pciDss-4.0:4.2.1, pciDss-4.0:6.2.4, stig-ASD_V5R3:V-222396"
BenchmarkTest00685.java,java:S5542,true,CRITICAL,"[{'softwareQuality': 'SECURITY', 'severity': 'HIGH'}]","cwe:327, cwe:780, owaspAsvs-4.0:2.9.3, owaspAsvs-4.0:6.2.2, owaspAsvs-4.0:8.3.7, owaspTop10-2021:a2, owaspTop10:a3, owaspTop10:a6, pciDss-3.2:4.1, pciDss-3.2:6.5.3, pciDss-3.2:6.5.4, pciDss-4.0:4.2.1, pciDss-4.0:6.2.4"
BenchmarkTest00685.java,java:S5547,true,CRITICAL,"[{'softwareQuality': 'SECURITY', 'severity': 'HIGH'}]","cwe:326, cwe:327, owaspAsvs-4.0:6.2.2, owaspAsvs-4.0:6.2.3, owaspAsvs-4.0:6.2.5, owaspAsvs-4.0:8.3.7, owaspTop10-2021:a2, owaspTop10:a3, owaspTop10:a6, pciDss-3.2:4.1, pciDss-3.2:6.5.3, pciDss-3.2:6.5.4, pciDss-4.0:4.2.1, pciDss-4.0:6.2.4, stig-ASD_V5R3:V-222396"
BenchmarkTest00688.java,java:S5542,true,CRITICAL,"[{'softwareQuality': 'SECURITY', 'severity': 'HIGH'}]","cwe:327, cwe:780, owaspAsvs-4.0:2.9.3, owaspAsvs-4.0:6.2.2, owaspAsvs-4.0:8.3.7, owaspTop10-2021:a2, owaspTop10:a3, owaspTop10:a6, pciDss-3.2:4.1, pciDss-3.2:6.5.3, pciDss-3.2:6.5.4, pciDss-4.0:4.2.1, pciDss-4.0:6.2.4"
BenchmarkTest00688.java,java:S5547,true,CRITICAL,"[{'softwareQuality': 'SECURITY', 'severity': 'HIGH'}]","cwe:326, cwe:327, owaspAsvs-4.0:6.2.2, owaspAsvs-4.0:6.2.3, owaspAsvs-4.0:6.2.5, owaspAsvs-4.0:8.3.7, owaspTop10-2021:a2, owaspTop10:a3, owaspTop10:a6, pciDss-3.2:4.1, pciDss-3.2:6.5.3, pciDss-3.2:6.5.4, pciDss-4.0:4.2.1, pciDss-4.0:6.2.4, stig-ASD_V5R3:V-222396"
BenchmarkTest00691.java,java:S5542,true,CRITICAL,"[{'softwareQuality': 'SECURITY', 'severity': 'HIGH'}]","cwe:327, cwe:780, owaspAsvs-4.0:2.9.3, owaspAsvs-4.0:6.2.2, owaspAsvs-4.0:8.3.7, owaspTop10-2021:a2, owaspTop10:a3, owaspTop10:a6, pciDss-3.2:4.1, pciDss-3.2:6.5.3, pciDss-3.2:6.5.4, pciDss-4.0:4.2.1, pciDss-4.0:6.2.4"
BenchmarkTest00691.java,java:S5547,true,CRITICAL,"[{'softwareQuality': 'SECURITY', 'severity': 'HIGH'}]","cwe:326, cwe:327, owaspAsvs-4.0:6.2.2, owaspAsvs-4.0:6.2.3, owaspAsvs-4.0:6.2.5, owaspAsvs-4.0:8.3.7, owaspTop10-2021:a2, owaspTop10:a3, owaspTop10:a6, pciDss-3.2:4.1, pciDss-3.2:6.5.3, pciDss-3.2:6.5.4, pciDss-4.0:4.2.1, pciDss-4.0:6.2.4, stig-ASD_V5R3:V-222396"
BenchmarkTest00692.java,java:S5542,true,CRITICAL,"[{'softwareQuality': 'SECURITY', 'severity': 'HIGH'}]","cwe:327, cwe:780, owaspAsvs-4.0:2.9.3, owaspAsvs-4.0:6.2.2, owaspAsvs-4.0:8.3.7, owaspTop10-2021:a2, owaspTop10:a3, owaspTop10:a6, pciDss-3.2:4.1, pciDss-3.2:6.5.3, pciDss-3.2:6.5.4, pciDss-4.0:4.2.1, pciDss-4.0:6.2.4"
BenchmarkTest00692.java,java:S5547,true,CRITICAL,"[{'softwareQuality': 'SECURITY', 'severity': 'HIGH'}]","cwe:326, cwe:327, owaspAsvs-4.0:6.2.2, owaspAsvs-4.0:6.2.3, owaspAsvs-4.0:6.2.5, owaspAsvs-4.0:8.3.7, owaspTop10-2021:a2, owaspTop10:a3, owaspTop10:a6, pciDss-3.2:4.1, pciDss-3.2:6.5.3, pciDss-3.2:6.5.4, pciDss-4.0:4.2.1, pciDss-4.0:6.2.4, stig-ASD_V5R3:V-222396"
BenchmarkTest00693.java,java:S5542,true,CRITICAL,"[{'softwareQuality': 'SECURITY', 'severity': 'HIGH'}]","cwe:327, cwe:780, owaspAsvs-4.0:2.9.3, owaspAsvs-4.0:6.2.2, owaspAsvs-4.0:8.3.7, owaspTop10-2021:a2, owaspTop10:a3, owaspTop10:a6, pciDss-3.2:4.1, pciDss-3.2:6.5.3, pciDss-3.2:6.5.4, pciDss-4.0:4.2.1, pciDss-4.0:6.2.4"
BenchmarkTest00693.java,java:S5547,true,CRITICAL,"[{'softwareQuality': 'SECURITY', 'severity': 'HIGH'}]","cwe:326, cwe:327, owaspAsvs-4.0:6.2.2, owaspAsvs-4.0:6.2.3, owaspAsvs-4.0:6.2.5, owaspAsvs-4.0:8.3.7, owaspTop10-2021:a2, owaspTop10:a3, owaspTop10:a6, pciDss-3.2:4.1, pciDss-3.2:6.5.3, pciDss-3.2:6.5.4, pciDss-4.0:4.2.1, pciDss-4.0:6.2.4, stig-ASD_V5R3:V-222396"
BenchmarkTest00694.java,javasecurity:S2078,true,BLOCKER,"[{'softwareQuality': 'SECURITY', 'severity': 'BLOCKER'}]","cwe:20, cwe:90, owaspAsvs-4.0:5.1.3, owaspAsvs-4.0:5.1.4, owaspAsvs-4.0:5.3.7, owaspTop10-2021:a3, owaspTop10:a1, pciDss-3.2:6.5.1, pciDss-4.0:6.2.4, stig-ASD_V5R3:V-222609"
BenchmarkTest00695.java,javasecurity:S2078,true,BLOCKER,"[{'softwareQuality': 'SECURITY', 'severity': 'BLOCKER'}]","cwe:20, cwe:90, owaspAsvs-4.0:5.1.3, owaspAsvs-4.0:5.1.4, owaspAsvs-4.0:5.3.7, owaspTop10-2021:a3, owaspTop10:a1, pciDss-3.2:6.5.1, pciDss-4.0:6.2.4, stig-ASD_V5R3:V-222609"
BenchmarkTest00696.java,javasecurity:S6549,true,MAJOR,"[{'softwareQuality': 'SECURITY', 'severity': 'MEDIUM'}]","cwe:20, cwe:22, owaspAsvs-4.0:12.3.1, owaspAsvs-4.0:5.1.3, owaspAsvs-4.0:5.1.4, owaspTop10-2021:a1, owaspTop10-2021:a3, owaspTop10:a1, owaspTop10:a5, pciDss-3.2:6.5.8, pciDss-4.0:6.2.4, stig-ASD_V5R3:V-222609"
BenchmarkTest00697.java,javasecurity:S6549,true,MAJOR,"[{'softwareQuality': 'SECURITY', 'severity': 'MEDIUM'}]","cwe:20, cwe:22, owaspAsvs-4.0:12.3.1, owaspAsvs-4.0:5.1.3, owaspAsvs-4.0:5.1.4, owaspTop10-2021:a1, owaspTop10-2021:a3, owaspTop10:a1, owaspTop10:a5, pciDss-3.2:6.5.8, pciDss-4.0:6.2.4, stig-ASD_V5R3:V-222609"
BenchmarkTest00700.java,javasecurity:S2083,true,BLOCKER,"[{'softwareQuality': 'SECURITY', 'severity': 'BLOCKER'}]","cwe:20, cwe:22, owaspAsvs-4.0:12.3.1, owaspAsvs-4.0:5.1.3, owaspAsvs-4.0:5.1.4, owaspTop10-2021:a1, owaspTop10-2021:a3, owaspTop10:a1, owaspTop10:a5, pciDss-3.2:6.5.8, pciDss-4.0:6.2.4, stig-ASD_V5R3:V-222609"
BenchmarkTest00711.java,javasecurity:S5131,true,BLOCKER,"[{'softwareQuality': 'SECURITY', 'severity': 'BLOCKER'}]","cwe:79, owaspAsvs-4.0:5.3.3, owaspTop10-2021:a3, owaspTop10:a7, pciDss-3.2:6.5.7, pciDss-4.0:6.2.4, stig-ASD_V5R3:V-222602, stig-ASD_V5R3:V-222609"
BenchmarkTest00712.java,javasecurity:S5131,true,BLOCKER,"[{'softwareQuality': 'SECURITY', 'severity': 'BLOCKER'}]","cwe:79, owaspAsvs-4.0:5.3.3, owaspTop10-2021:a3, owaspTop10:a7, pciDss-3.2:6.5.7, pciDss-4.0:6.2.4, stig-ASD_V5R3:V-222602, stig-ASD_V5R3:V-222609"
BenchmarkTest00715.java,javasecurity:S5131,true,BLOCKER,"[{'softwareQuality': 'SECURITY', 'severity': 'BLOCKER'}]","cwe:79, owaspAsvs-4.0:5.3.3, owaspTop10-2021:a3, owaspTop10:a7, pciDss-3.2:6.5.7, pciDss-4.0:6.2.4, stig-ASD_V5R3:V-222602, stig-ASD_V5R3:V-222609"
BenchmarkTest00719.java,javasecurity:S5131,true,BLOCKER,"[{'softwareQuality': 'SECURITY', 'severity': 'BLOCKER'}]","cwe:79, owaspAsvs-4.0:5.3.3, owaspTop10-2021:a3, owaspTop10:a7, pciDss-3.2:6.5.7, pciDss-4.0:6.2.4, stig-ASD_V5R3:V-222602, stig-ASD_V5R3:V-222609"
BenchmarkTest00720.java,javasecurity:S5131,true,BLOCKER,"[{'softwareQuality': 'SECURITY', 'severity': 'BLOCKER'}]","cwe:79, owaspAsvs-4.0:5.3.3, owaspTop10-2021:a3, owaspTop10:a7, pciDss-3.2:6.5.7, pciDss-4.0:6.2.4, stig-ASD_V5R3:V-222602, stig-ASD_V5R3:V-222609"
BenchmarkTest00721.java,javasecurity:S5131,true,BLOCKER,"[{'softwareQuality': 'SECURITY', 'severity': 'BLOCKER'}]","cwe:79, owaspAsvs-4.0:5.3.3, owaspTop10-2021:a3, owaspTop10:a7, pciDss-3.2:6.5.7, pciDss-4.0:6.2.4, stig-ASD_V5R3:V-222602, stig-ASD_V5R3:V-222609"
BenchmarkTest00723.java,javasecurity:S5131,true,BLOCKER,"[{'softwareQuality': 'SECURITY', 'severity': 'BLOCKER'}]","cwe:79, owaspAsvs-4.0:5.3.3, owaspTop10-2021:a3, owaspTop10:a7, pciDss-3.2:6.5.7, pciDss-4.0:6.2.4, stig-ASD_V5R3:V-222602, stig-ASD_V5R3:V-222609"
BenchmarkTest00724.java,javasecurity:S5131,true,BLOCKER,"[{'softwareQuality': 'SECURITY', 'severity': 'BLOCKER'}]","cwe:79, owaspAsvs-4.0:5.3.3, owaspTop10-2021:a3, owaspTop10:a7, pciDss-3.2:6.5.7, pciDss-4.0:6.2.4, stig-ASD_V5R3:V-222602, stig-ASD_V5R3:V-222609"
BenchmarkTest00727.java,javasecurity:S5131,true,BLOCKER,"[{'softwareQuality': 'SECURITY', 'severity': 'BLOCKER'}]","cwe:79, owaspAsvs-4.0:5.3.3, owaspTop10-2021:a3, owaspTop10:a7, pciDss-3.2:6.5.7, pciDss-4.0:6.2.4, stig-ASD_V5R3:V-222602, stig-ASD_V5R3:V-222609"
BenchmarkTest00728.java,javasecurity:S5131,true,BLOCKER,"[{'softwareQuality': 'SECURITY', 'severity': 'BLOCKER'}]","cwe:79, owaspAsvs-4.0:5.3.3, owaspTop10-2021:a3, owaspTop10:a7, pciDss-3.2:6.5.7, pciDss-4.0:6.2.4, stig-ASD_V5R3:V-222602, stig-ASD_V5R3:V-222609"
BenchmarkTest00729.java,javasecurity:S5131,true,BLOCKER,"[{'softwareQuality': 'SECURITY', 'severity': 'BLOCKER'}]","cwe:79, owaspAsvs-4.0:5.3.3, owaspTop10-2021:a3, owaspTop10:a7, pciDss-3.2:6.5.7, pciDss-4.0:6.2.4, stig-ASD_V5R3:V-222602, stig-ASD_V5R3:V-222609"
BenchmarkTest00740.java,javasecurity:S6547,true,MAJOR,"[{'softwareQuality': 'SECURITY', 'severity': 'MEDIUM'}]","cwe:20, cwe:454, owaspAsvs-4.0:5.1.3, owaspAsvs-4.0:5.1.4, owaspTop10-2021:a3, owaspTop10:a1, stig-ASD_V5R3:V-222609"
BenchmarkTest00743.java,javasecurity:S6547,true,MAJOR,"[{'softwareQuality': 'SECURITY', 'severity': 'MEDIUM'}]","cwe:20, cwe:454, owaspAsvs-4.0:5.1.3, owaspAsvs-4.0:5.1.4, owaspTop10-2021:a3, owaspTop10:a1, stig-ASD_V5R3:V-222609"
BenchmarkTest00760.java,javasecurity:S3649,true,BLOCKER,"[{'softwareQuality': 'SECURITY', 'severity': 'BLOCKER'}]","cwe:20, cwe:89, owaspAsvs-4.0:5.1.3, owaspAsvs-4.0:5.1.4, owaspAsvs-4.0:5.3.4, owaspAsvs-4.0:5.3.5, owaspTop10-2021:a3, owaspTop10:a1, pciDss-3.2:6.5.1, pciDss-4.0:6.2.4, stig-ASD_V5R3:V-222607, stig-ASD_V5R3:V-222609"
BenchmarkTest00761.java,javasecurity:S3649,true,BLOCKER,"[{'softwareQuality': 'SECURITY', 'severity': 'BLOCKER'}]","cwe:20, cwe:89, owaspAsvs-4.0:5.1.3, owaspAsvs-4.0:5.1.4, owaspAsvs-4.0:5.3.4, owaspAsvs-4.0:5.3.5, owaspTop10-2021:a3, owaspTop10:a1, pciDss-3.2:6.5.1, pciDss-4.0:6.2.4, stig-ASD_V5R3:V-222607, stig-ASD_V5R3:V-222609"
BenchmarkTest00762.java,javasecurity:S3649,true,BLOCKER,"[{'softwareQuality': 'SECURITY', 'severity': 'BLOCKER'}]","cwe:20, cwe:89, owaspAsvs-4.0:5.1.3, owaspAsvs-4.0:5.1.4, owaspAsvs-4.0:5.3.4, owaspAsvs-4.0:5.3.5, owaspTop10-2021:a3, owaspTop10:a1, pciDss-3.2:6.5.1, pciDss-4.0:6.2.4, stig-ASD_V5R3:V-222607, stig-ASD_V5R3:V-222609"
BenchmarkTest00763.java,javasecurity:S3649,true,BLOCKER,"[{'softwareQuality': 'SECURITY', 'severity': 'BLOCKER'}]","cwe:20, cwe:89, owaspAsvs-4.0:5.1.3, owaspAsvs-4.0:5.1.4, owaspAsvs-4.0:5.3.4, owaspAsvs-4.0:5.3.5, owaspTop10-2021:a3, owaspTop10:a1, pciDss-3.2:6.5.1, pciDss-4.0:6.2.4, stig-ASD_V5R3:V-222607, stig-ASD_V5R3:V-222609"
BenchmarkTest00764.java,javasecurity:S3649,true,BLOCKER,"[{'softwareQuality': 'SECURITY', 'severity': 'BLOCKER'}]","cwe:20, cwe:89, owaspAsvs-4.0:5.1.3, owaspAsvs-4.0:5.1.4, owaspAsvs-4.0:5.3.4, owaspAsvs-4.0:5.3.5, owaspTop10-2021:a3, owaspTop10:a1, pciDss-3.2:6.5.1, pciDss-4.0:6.2.4, stig-ASD_V5R3:V-222607, stig-ASD_V5R3:V-222609"
BenchmarkTest00765.java,javasecurity:S3649,true,BLOCKER,"[{'softwareQuality': 'SECURITY', 'severity': 'BLOCKER'}]","cwe:20, cwe:89, owaspAsvs-4.0:5.1.3, owaspAsvs-4.0:5.1.4, owaspAsvs-4.0:5.3.4, owaspAsvs-4.0:5.3.5, owaspTop10-2021:a3, owaspTop10:a1, pciDss-3.2:6.5.1, pciDss-4.0:6.2.4, stig-ASD_V5R3:V-222607, stig-ASD_V5R3:V-222609"
BenchmarkTest00766.java,javasecurity:S3649,true,BLOCKER,"[{'softwareQuality': 'SECURITY', 'severity': 'BLOCKER'}]","cwe:20, cwe:89, owaspAsvs-4.0:5.1.3, owaspAsvs-4.0:5.1.4, owaspAsvs-4.0:5.3.4, owaspAsvs-4.0:5.3.5, owaspTop10-2021:a3, owaspTop10:a1, pciDss-3.2:6.5.1, pciDss-4.0:6.2.4, stig-ASD_V5R3:V-222607, stig-ASD_V5R3:V-222609"
BenchmarkTest00767.java,javasecurity:S3649,true,BLOCKER,"[{'softwareQuality': 'SECURITY', 'severity': 'BLOCKER'}]","cwe:20, cwe:89, owaspAsvs-4.0:5.1.3, owaspAsvs-4.0:5.1.4, owaspAsvs-4.0:5.3.4, owaspAsvs-4.0:5.3.5, owaspTop10-2021:a3, owaspTop10:a1, pciDss-3.2:6.5.1, pciDss-4.0:6.2.4, stig-ASD_V5R3:V-222607, stig-ASD_V5R3:V-222609"
BenchmarkTest00768.java,javasecurity:S3649,true,BLOCKER,"[{'softwareQuality': 'SECURITY', 'severity': 'BLOCKER'}]","cwe:20, cwe:89, owaspAsvs-4.0:5.1.3, owaspAsvs-4.0:5.1.4, owaspAsvs-4.0:5.3.4, owaspAsvs-4.0:5.3.5, owaspTop10-2021:a3, owaspTop10:a1, pciDss-3.2:6.5.1, pciDss-4.0:6.2.4, stig-ASD_V5R3:V-222607, stig-ASD_V5R3:V-222609"
BenchmarkTest00769.java,javasecurity:S3649,true,BLOCKER,"[{'softwareQuality': 'SECURITY', 'severity': 'BLOCKER'}]","cwe:20, cwe:89, owaspAsvs-4.0:5.1.3, owaspAsvs-4.0:5.1.4, owaspAsvs-4.0:5.3.4, owaspAsvs-4.0:5.3.5, owaspTop10-2021:a3, owaspTop10:a1, pciDss-3.2:6.5.1, pciDss-4.0:6.2.4, stig-ASD_V5R3:V-222607, stig-ASD_V5R3:V-222609"
BenchmarkTest00770.java,javasecurity:S3649,true,BLOCKER,"[{'softwareQuality': 'SECURITY', 'severity': 'BLOCKER'}]","cwe:20, cwe:89, owaspAsvs-4.0:5.1.3, owaspAsvs-4.0:5.1.4, owaspAsvs-4.0:5.3.4, owaspAsvs-4.0:5.3.5, owaspTop10-2021:a3, owaspTop10:a1, pciDss-3.2:6.5.1, pciDss-4.0:6.2.4, stig-ASD_V5R3:V-222607, stig-ASD_V5R3:V-222609"
BenchmarkTest00771.java,javasecurity:S3649,true,BLOCKER,"[{'softwareQuality': 'SECURITY', 'severity': 'BLOCKER'}]","cwe:20, cwe:89, owaspAsvs-4.0:5.1.3, owaspAsvs-4.0:5.1.4, owaspAsvs-4.0:5.3.4, owaspAsvs-4.0:5.3.5, owaspTop10-2021:a3, owaspTop10:a1, pciDss-3.2:6.5.1, pciDss-4.0:6.2.4, stig-ASD_V5R3:V-222607, stig-ASD_V5R3:V-222609"
BenchmarkTest00772.java,javasecurity:S3649,true,BLOCKER,"[{'softwareQuality': 'SECURITY', 'severity': 'BLOCKER'}]","cwe:20, cwe:89, owaspAsvs-4.0:5.1.3, owaspAsvs-4.0:5.1.4, owaspAsvs-4.0:5.3.4, owaspAsvs-4.0:5.3.5, owaspTop10-2021:a3, owaspTop10:a1, pciDss-3.2:6.5.1, pciDss-4.0:6.2.4, stig-ASD_V5R3:V-222607, stig-ASD_V5R3:V-222609"
BenchmarkTest00774.java,javasecurity:S3649,true,BLOCKER,"[{'softwareQuality': 'SECURITY', 'severity': 'BLOCKER'}]","cwe:20, cwe:89, owaspAsvs-4.0:5.1.3, owaspAsvs-4.0:5.1.4, owaspAsvs-4.0:5.3.4, owaspAsvs-4.0:5.3.5, owaspTop10-2021:a3, owaspTop10:a1, pciDss-3.2:6.5.1, pciDss-4.0:6.2.4, stig-ASD_V5R3:V-222607, stig-ASD_V5R3:V-222609"
BenchmarkTest00779.java,java:S5542,true,CRITICAL,"[{'softwareQuality': 'SECURITY', 'severity': 'HIGH'}]","cwe:327, cwe:780, owaspAsvs-4.0:2.9.3, owaspAsvs-4.0:6.2.2, owaspAsvs-4.0:8.3.7, owaspTop10-2021:a2, owaspTop10:a3, owaspTop10:a6, pciDss-3.2:4.1, pciDss-3.2:6.5.3, pciDss-3.2:6.5.4, pciDss-4.0:4.2.1, pciDss-4.0:6.2.4"
BenchmarkTest00779.java,java:S5547,true,CRITICAL,"[{'softwareQuality': 'SECURITY', 'severity': 'HIGH'}]","cwe:326, cwe:327, owaspAsvs-4.0:6.2.2, owaspAsvs-4.0:6.2.3, owaspAsvs-4.0:6.2.5, owaspAsvs-4.0:8.3.7, owaspTop10-2021:a2, owaspTop10:a3, owaspTop10:a6, pciDss-3.2:4.1, pciDss-3.2:6.5.3, pciDss-3.2:6.5.4, pciDss-4.0:4.2.1, pciDss-4.0:6.2.4, stig-ASD_V5R3:V-222396"
BenchmarkTest00781.java,java:S5542,true,CRITICAL,"[{'softwareQuality': 'SECURITY', 'severity': 'HIGH'}]","cwe:327, cwe:780, owaspAsvs-4.0:2.9.3, owaspAsvs-4.0:6.2.2, owaspAsvs-4.0:8.3.7, owaspTop10-2021:a2, owaspTop10:a3, owaspTop10:a6, pciDss-3.2:4.1, pciDss-3.2:6.5.3, pciDss-3.2:6.5.4, pciDss-4.0:4.2.1, pciDss-4.0:6.2.4"
BenchmarkTest00781.java,java:S5547,true,CRITICAL,"[{'softwareQuality': 'SECURITY', 'severity': 'HIGH'}]","cwe:326, cwe:327, owaspAsvs-4.0:6.2.2, owaspAsvs-4.0:6.2.3, owaspAsvs-4.0:6.2.5, owaspAsvs-4.0:8.3.7, owaspTop10-2021:a2, owaspTop10:a3, owaspTop10:a6, pciDss-3.2:4.1, pciDss-3.2:6.5.3, pciDss-3.2:6.5.4, pciDss-4.0:4.2.1, pciDss-4.0:6.2.4, stig-ASD_V5R3:V-222396"
BenchmarkTest00783.java,javasecurity:S2083,true,BLOCKER,"[{'softwareQuality': 'SECURITY', 'severity': 'BLOCKER'}]","cwe:20, cwe:22, owaspAsvs-4.0:12.3.1, owaspAsvs-4.0:5.1.3, owaspAsvs-4.0:5.1.4, owaspTop10-2021:a1, owaspTop10-2021:a3, owaspTop10:a1, owaspTop10:a5, pciDss-3.2:6.5.8, pciDss-4.0:6.2.4, stig-ASD_V5R3:V-222609"
BenchmarkTest00784.java,javasecurity:S2083,true,BLOCKER,"[{'softwareQuality': 'SECURITY', 'severity': 'BLOCKER'}]","cwe:20, cwe:22, owaspAsvs-4.0:12.3.1, owaspAsvs-4.0:5.1.3, owaspAsvs-4.0:5.1.4, owaspTop10-2021:a1, owaspTop10-2021:a3, owaspTop10:a1, owaspTop10:a5, pciDss-3.2:6.5.8, pciDss-4.0:6.2.4, stig-ASD_V5R3:V-222609"
BenchmarkTest00785.java,javasecurity:S2083,true,BLOCKER,"[{'softwareQuality': 'SECURITY', 'severity': 'BLOCKER'}]","cwe:20, cwe:22, owaspAsvs-4.0:12.3.1, owaspAsvs-4.0:5.1.3, owaspAsvs-4.0:5.1.4, owaspTop10-2021:a1, owaspTop10-2021:a3, owaspTop10:a1, owaspTop10:a5, pciDss-3.2:6.5.8, pciDss-4.0:6.2.4, stig-ASD_V5R3:V-222609"
BenchmarkTest00787.java,javasecurity:S2083,true,BLOCKER,"[{'softwareQuality': 'SECURITY', 'severity': 'BLOCKER'}]","cwe:20, cwe:22, owaspAsvs-4.0:12.3.1, owaspAsvs-4.0:5.1.3, owaspAsvs-4.0:5.1.4, owaspTop10-2021:a1, owaspTop10-2021:a3, owaspTop10:a1, owaspTop10:a5, pciDss-3.2:6.5.8, pciDss-4.0:6.2.4, stig-ASD_V5R3:V-222609"
BenchmarkTest00788.java,javasecurity:S2083,true,BLOCKER,"[{'softwareQuality': 'SECURITY', 'severity': 'BLOCKER'}]","cwe:20, cwe:22, owaspAsvs-4.0:12.3.1, owaspAsvs-4.0:5.1.3, owaspAsvs-4.0:5.1.4, owaspTop10-2021:a1, owaspTop10-2021:a3, owaspTop10:a1, owaspTop10:a5, pciDss-3.2:6.5.8, pciDss-4.0:6.2.4, stig-ASD_V5R3:V-222609"
BenchmarkTest00800.java,javasecurity:S5131,true,BLOCKER,"[{'softwareQuality': 'SECURITY', 'severity': 'BLOCKER'}]","cwe:79, owaspAsvs-4.0:5.3.3, owaspTop10-2021:a3, owaspTop10:a7, pciDss-3.2:6.5.7, pciDss-4.0:6.2.4, stig-ASD_V5R3:V-222602, stig-ASD_V5R3:V-222609"
BenchmarkTest00801.java,javasecurity:S5131,true,BLOCKER,"[{'softwareQuality': 'SECURITY', 'severity': 'BLOCKER'}]","cwe:79, owaspAsvs-4.0:5.3.3, owaspTop10-2021:a3, owaspTop10:a7, pciDss-3.2:6.5.7, pciDss-4.0:6.2.4, stig-ASD_V5R3:V-222602, stig-ASD_V5R3:V-222609"
BenchmarkTest00802.java,javasecurity:S5131,true,BLOCKER,"[{'softwareQuality': 'SECURITY', 'severity': 'BLOCKER'}]","cwe:79, owaspAsvs-4.0:5.3.3, owaspTop10-2021:a3, owaspTop10:a7, pciDss-3.2:6.5.7, pciDss-4.0:6.2.4, stig-ASD_V5R3:V-222602, stig-ASD_V5R3:V-222609"
BenchmarkTest00803.java,javasecurity:S5131,true,BLOCKER,"[{'softwareQuality': 'SECURITY', 'severity': 'BLOCKER'}]","cwe:79, owaspAsvs-4.0:5.3.3, owaspTop10-2021:a3, owaspTop10:a7, pciDss-3.2:6.5.7, pciDss-4.0:6.2.4, stig-ASD_V5R3:V-222602, stig-ASD_V5R3:V-222609"
BenchmarkTest00804.java,javasecurity:S5131,true,BLOCKER,"[{'softwareQuality': 'SECURITY', 'severity': 'BLOCKER'}]","cwe:79, owaspAsvs-4.0:5.3.3, owaspTop10-2021:a3, owaspTop10:a7, pciDss-3.2:6.5.7, pciDss-4.0:6.2.4, stig-ASD_V5R3:V-222602, stig-ASD_V5R3:V-222609"
BenchmarkTest00806.java,javasecurity:S5131,true,BLOCKER,"[{'softwareQuality': 'SECURITY', 'severity': 'BLOCKER'}]","cwe:79, owaspAsvs-4.0:5.3.3, owaspTop10-2021:a3, owaspTop10:a7, pciDss-3.2:6.5.7, pciDss-4.0:6.2.4, stig-ASD_V5R3:V-222602, stig-ASD_V5R3:V-222609"
BenchmarkTest00807.java,javasecurity:S5131,true,BLOCKER,"[{'softwareQuality': 'SECURITY', 'severity': 'BLOCKER'}]","cwe:79, owaspAsvs-4.0:5.3.3, owaspTop10-2021:a3, owaspTop10:a7, pciDss-3.2:6.5.7, pciDss-4.0:6.2.4, stig-ASD_V5R3:V-222602, stig-ASD_V5R3:V-222609"
BenchmarkTest00809.java,javasecurity:S5131,true,BLOCKER,"[{'softwareQuality': 'SECURITY', 'severity': 'BLOCKER'}]","cwe:79, owaspAsvs-4.0:5.3.3, owaspTop10-2021:a3, owaspTop10:a7, pciDss-3.2:6.5.7, pciDss-4.0:6.2.4, stig-ASD_V5R3:V-222602, stig-ASD_V5R3:V-222609"
BenchmarkTest00810.java,javasecurity:S5131,true,BLOCKER,"[{'softwareQuality': 'SECURITY', 'severity': 'BLOCKER'}]","cwe:79, owaspAsvs-4.0:5.3.3, owaspTop10-2021:a3, owaspTop10:a7, pciDss-3.2:6.5.7, pciDss-4.0:6.2.4, stig-ASD_V5R3:V-222602, stig-ASD_V5R3:V-222609"
BenchmarkTest00811.java,javasecurity:S5131,true,BLOCKER,"[{'softwareQuality': 'SECURITY', 'severity': 'BLOCKER'}]","cwe:79, owaspAsvs-4.0:5.3.3, owaspTop10-2021:a3, owaspTop10:a7, pciDss-3.2:6.5.7, pciDss-4.0:6.2.4, stig-ASD_V5R3:V-222602, stig-ASD_V5R3:V-222609"
BenchmarkTest00812.java,javasecurity:S5131,true,BLOCKER,"[{'softwareQuality': 'SECURITY', 'severity': 'BLOCKER'}]","cwe:79, owaspAsvs-4.0:5.3.3, owaspTop10-2021:a3, owaspTop10:a7, pciDss-3.2:6.5.7, pciDss-4.0:6.2.4, stig-ASD_V5R3:V-222602, stig-ASD_V5R3:V-222609"
BenchmarkTest00813.java,javasecurity:S5131,true,BLOCKER,"[{'softwareQuality': 'SECURITY', 'severity': 'BLOCKER'}]","cwe:79, owaspAsvs-4.0:5.3.3, owaspTop10-2021:a3, owaspTop10:a7, pciDss-3.2:6.5.7, pciDss-4.0:6.2.4, stig-ASD_V5R3:V-222602, stig-ASD_V5R3:V-222609"
BenchmarkTest00815.java,javasecurity:S2076,true,BLOCKER,"[{'softwareQuality': 'SECURITY', 'severity': 'BLOCKER'}]","cwe:20, cwe:78, owaspAsvs-4.0:12.3.5, owaspAsvs-4.0:5.1.3, owaspAsvs-4.0:5.1.4, owaspAsvs-4.0:5.3.8, owaspTop10-2021:a3, owaspTop10:a1, pciDss-3.2:6.5.1, pciDss-4.0:6.2.4, stig-ASD_V5R3:V-222604, stig-ASD_V5R3:V-222609"
BenchmarkTest00816.java,javasecurity:S2076,true,BLOCKER,"[{'softwareQuality': 'SECURITY', 'severity': 'BLOCKER'}]","cwe:20, cwe:78, owaspAsvs-4.0:12.3.5, owaspAsvs-4.0:5.1.3, owaspAsvs-4.0:5.1.4, owaspAsvs-4.0:5.3.8, owaspTop10-2021:a3, owaspTop10:a1, pciDss-3.2:6.5.1, pciDss-4.0:6.2.4, stig-ASD_V5R3:V-222604, stig-ASD_V5R3:V-222609"
BenchmarkTest00822.java,javasecurity:S5131,true,BLOCKER,"[{'softwareQuality': 'SECURITY', 'severity': 'BLOCKER'}]","cwe:79, owaspAsvs-4.0:5.3.3, owaspTop10-2021:a3, owaspTop10:a7, pciDss-3.2:6.5.7, pciDss-4.0:6.2.4, stig-ASD_V5R3:V-222602, stig-ASD_V5R3:V-222609"
BenchmarkTest00823.java,javasecurity:S6547,true,MAJOR,"[{'softwareQuality': 'SECURITY', 'severity': 'MEDIUM'}]","cwe:20, cwe:454, owaspAsvs-4.0:5.1.3, owaspAsvs-4.0:5.1.4, owaspTop10-2021:a3, owaspTop10:a1, stig-ASD_V5R3:V-222609"
BenchmarkTest00825.java,javasecurity:S6547,true,MAJOR,"[{'softwareQuality': 'SECURITY', 'severity': 'MEDIUM'}]","cwe:20, cwe:454, owaspAsvs-4.0:5.1.3, owaspAsvs-4.0:5.1.4, owaspTop10-2021:a3, owaspTop10:a1, stig-ASD_V5R3:V-222609"
BenchmarkTest00826.java,javasecurity:S2076,true,BLOCKER,"[{'softwareQuality': 'SECURITY', 'severity': 'BLOCKER'}]","cwe:20, cwe:78, owaspAsvs-4.0:12.3.5, owaspAsvs-4.0:5.1.3, owaspAsvs-4.0:5.1.4, owaspAsvs-4.0:5.3.8, owaspTop10-2021:a3, owaspTop10:a1, pciDss-3.2:6.5.1, pciDss-4.0:6.2.4, stig-ASD_V5R3:V-222604, stig-ASD_V5R3:V-222609"
BenchmarkTest00838.java,javasecurity:S3649,true,BLOCKER,"[{'softwareQuality': 'SECURITY', 'severity': 'BLOCKER'}]","cwe:20, cwe:89, owaspAsvs-4.0:5.1.3, owaspAsvs-4.0:5.1.4, owaspAsvs-4.0:5.3.4, owaspAsvs-4.0:5.3.5, owaspTop10-2021:a3, owaspTop10:a1, pciDss-3.2:6.5.1, pciDss-4.0:6.2.4, stig-ASD_V5R3:V-222607, stig-ASD_V5R3:V-222609"
BenchmarkTest00839.java,javasecurity:S3649,true,BLOCKER,"[{'softwareQuality': 'SECURITY', 'severity': 'BLOCKER'}]","cwe:20, cwe:89, owaspAsvs-4.0:5.1.3, owaspAsvs-4.0:5.1.4, owaspAsvs-4.0:5.3.4, owaspAsvs-4.0:5.3.5, owaspTop10-2021:a3, owaspTop10:a1, pciDss-3.2:6.5.1, pciDss-4.0:6.2.4, stig-ASD_V5R3:V-222607, stig-ASD_V5R3:V-222609"
BenchmarkTest00840.java,javasecurity:S3649,true,BLOCKER,"[{'softwareQuality': 'SECURITY', 'severity': 'BLOCKER'}]","cwe:20, cwe:89, owaspAsvs-4.0:5.1.3, owaspAsvs-4.0:5.1.4, owaspAsvs-4.0:5.3.4, owaspAsvs-4.0:5.3.5, owaspTop10-2021:a3, owaspTop10:a1, pciDss-3.2:6.5.1, pciDss-4.0:6.2.4, stig-ASD_V5R3:V-222607, stig-ASD_V5R3:V-222609"
BenchmarkTest00841.java,javasecurity:S3649,true,BLOCKER,"[{'softwareQuality': 'SECURITY', 'severity': 'BLOCKER'}]","cwe:20, cwe:89, owaspAsvs-4.0:5.1.3, owaspAsvs-4.0:5.1.4, owaspAsvs-4.0:5.3.4, owaspAsvs-4.0:5.3.5, owaspTop10-2021:a3, owaspTop10:a1, pciDss-3.2:6.5.1, pciDss-4.0:6.2.4, stig-ASD_V5R3:V-222607, stig-ASD_V5R3:V-222609"
BenchmarkTest00842.java,javasecurity:S3649,true,BLOCKER,"[{'softwareQuality': 'SECURITY', 'severity': 'BLOCKER'}]","cwe:20, cwe:89, owaspAsvs-4.0:5.1.3, owaspAsvs-4.0:5.1.4, owaspAsvs-4.0:5.3.4, owaspAsvs-4.0:5.3.5, owaspTop10-2021:a3, owaspTop10:a1, pciDss-3.2:6.5.1, pciDss-4.0:6.2.4, stig-ASD_V5R3:V-222607, stig-ASD_V5R3:V-222609"
BenchmarkTest00843.java,javasecurity:S3649,true,BLOCKER,"[{'softwareQuality': 'SECURITY', 'severity': 'BLOCKER'}]","cwe:20, cwe:89, owaspAsvs-4.0:5.1.3, owaspAsvs-4.0:5.1.4, owaspAsvs-4.0:5.3.4, owaspAsvs-4.0:5.3.5, owaspTop10-2021:a3, owaspTop10:a1, pciDss-3.2:6.5.1, pciDss-4.0:6.2.4, stig-ASD_V5R3:V-222607, stig-ASD_V5R3:V-222609"
BenchmarkTest00845.java,javasecurity:S3649,true,BLOCKER,"[{'softwareQuality': 'SECURITY', 'severity': 'BLOCKER'}]","cwe:20, cwe:89, owaspAsvs-4.0:5.1.3, owaspAsvs-4.0:5.1.4, owaspAsvs-4.0:5.3.4, owaspAsvs-4.0:5.3.5, owaspTop10-2021:a3, owaspTop10:a1, pciDss-3.2:6.5.1, pciDss-4.0:6.2.4, stig-ASD_V5R3:V-222607, stig-ASD_V5R3:V-222609"
BenchmarkTest00846.java,javasecurity:S3649,true,BLOCKER,"[{'softwareQuality': 'SECURITY', 'severity': 'BLOCKER'}]","cwe:20, cwe:89, owaspAsvs-4.0:5.1.3, owaspAsvs-4.0:5.1.4, owaspAsvs-4.0:5.3.4, owaspAsvs-4.0:5.3.5, owaspTop10-2021:a3, owaspTop10:a1, pciDss-3.2:6.5.1, pciDss-4.0:6.2.4, stig-ASD_V5R3:V-222607, stig-ASD_V5R3:V-222609"
BenchmarkTest00847.java,javasecurity:S3649,true,BLOCKER,"[{'softwareQuality': 'SECURITY', 'severity': 'BLOCKER'}]","cwe:20, cwe:89, owaspAsvs-4.0:5.1.3, owaspAsvs-4.0:5.1.4, owaspAsvs-4.0:5.3.4, owaspAsvs-4.0:5.3.5, owaspTop10-2021:a3, owaspTop10:a1, pciDss-3.2:6.5.1, pciDss-4.0:6.2.4, stig-ASD_V5R3:V-222607, stig-ASD_V5R3:V-222609"
BenchmarkTest00848.java,javasecurity:S3649,true,BLOCKER,"[{'softwareQuality': 'SECURITY', 'severity': 'BLOCKER'}]","cwe:20, cwe:89, owaspAsvs-4.0:5.1.3, owaspAsvs-4.0:5.1.4, owaspAsvs-4.0:5.3.4, owaspAsvs-4.0:5.3.5, owaspTop10-2021:a3, owaspTop10:a1, pciDss-3.2:6.5.1, pciDss-4.0:6.2.4, stig-ASD_V5R3:V-222607, stig-ASD_V5R3:V-222609"
BenchmarkTest00849.java,javasecurity:S3649,true,BLOCKER,"[{'softwareQuality': 'SECURITY', 'severity': 'BLOCKER'}]","cwe:20, cwe:89, owaspAsvs-4.0:5.1.3, owaspAsvs-4.0:5.1.4, owaspAsvs-4.0:5.3.4, owaspAsvs-4.0:5.3.5, owaspTop10-2021:a3, owaspTop10:a1, pciDss-3.2:6.5.1, pciDss-4.0:6.2.4, stig-ASD_V5R3:V-222607, stig-ASD_V5R3:V-222609"
BenchmarkTest00850.java,javasecurity:S3649,true,BLOCKER,"[{'softwareQuality': 'SECURITY', 'severity': 'BLOCKER'}]","cwe:20, cwe:89, owaspAsvs-4.0:5.1.3, owaspAsvs-4.0:5.1.4, owaspAsvs-4.0:5.3.4, owaspAsvs-4.0:5.3.5, owaspTop10-2021:a3, owaspTop10:a1, pciDss-3.2:6.5.1, pciDss-4.0:6.2.4, stig-ASD_V5R3:V-222607, stig-ASD_V5R3:V-222609"
BenchmarkTest00851.java,javasecurity:S3649,true,BLOCKER,"[{'softwareQuality': 'SECURITY', 'severity': 'BLOCKER'}]","cwe:20, cwe:89, owaspAsvs-4.0:5.1.3, owaspAsvs-4.0:5.1.4, owaspAsvs-4.0:5.3.4, owaspAsvs-4.0:5.3.5, owaspTop10-2021:a3, owaspTop10:a1, pciDss-3.2:6.5.1, pciDss-4.0:6.2.4, stig-ASD_V5R3:V-222607, stig-ASD_V5R3:V-222609"
BenchmarkTest00853.java,java:S5542,true,CRITICAL,"[{'softwareQuality': 'SECURITY', 'severity': 'HIGH'}]","cwe:327, cwe:780, owaspAsvs-4.0:2.9.3, owaspAsvs-4.0:6.2.2, owaspAsvs-4.0:8.3.7, owaspTop10-2021:a2, owaspTop10:a3, owaspTop10:a6, pciDss-3.2:4.1, pciDss-3.2:6.5.3, pciDss-3.2:6.5.4, pciDss-4.0:4.2.1, pciDss-4.0:6.2.4"
BenchmarkTest00853.java,java:S5547,true,CRITICAL,"[{'softwareQuality': 'SECURITY', 'severity': 'HIGH'}]","cwe:326, cwe:327, owaspAsvs-4.0:6.2.2, owaspAsvs-4.0:6.2.3, owaspAsvs-4.0:6.2.5, owaspAsvs-4.0:8.3.7, owaspTop10-2021:a2, owaspTop10:a3, owaspTop10:a6, pciDss-3.2:4.1, pciDss-3.2:6.5.3, pciDss-3.2:6.5.4, pciDss-4.0:4.2.1, pciDss-4.0:6.2.4, stig-ASD_V5R3:V-222396"
BenchmarkTest00855.java,java:S5542,true,CRITICAL,"[{'softwareQuality': 'SECURITY', 'severity': 'HIGH'}]","cwe:327, cwe:780, owaspAsvs-4.0:2.9.3, owaspAsvs-4.0:6.2.2, owaspAsvs-4.0:8.3.7, owaspTop10-2021:a2, owaspTop10:a3, owaspTop10:a6, pciDss-3.2:4.1, pciDss-3.2:6.5.3, pciDss-3.2:6.5.4, pciDss-4.0:4.2.1, pciDss-4.0:6.2.4"
BenchmarkTest00855.java,java:S5547,true,CRITICAL,"[{'softwareQuality': 'SECURITY', 'severity': 'HIGH'}]","cwe:326, cwe:327, owaspAsvs-4.0:6.2.2, owaspAsvs-4.0:6.2.3, owaspAsvs-4.0:6.2.5, owaspAsvs-4.0:8.3.7, owaspTop10-2021:a2, owaspTop10:a3, owaspTop10:a6, pciDss-3.2:4.1, pciDss-3.2:6.5.3, pciDss-3.2:6.5.4, pciDss-4.0:4.2.1, pciDss-4.0:6.2.4, stig-ASD_V5R3:V-222396"
BenchmarkTest00856.java,java:S5542,true,CRITICAL,"[{'softwareQuality': 'SECURITY', 'severity': 'HIGH'}]","cwe:327, cwe:780, owaspAsvs-4.0:2.9.3, owaspAsvs-4.0:6.2.2, owaspAsvs-4.0:8.3.7, owaspTop10-2021:a2, owaspTop10:a3, owaspTop10:a6, pciDss-3.2:4.1, pciDss-3.2:6.5.3, pciDss-3.2:6.5.4, pciDss-4.0:4.2.1, pciDss-4.0:6.2.4"
BenchmarkTest00856.java,java:S5547,true,CRITICAL,"[{'softwareQuality': 'SECURITY', 'severity': 'HIGH'}]","cwe:326, cwe:327, owaspAsvs-4.0:6.2.2, owaspAsvs-4.0:6.2.3, owaspAsvs-4.0:6.2.5, owaspAsvs-4.0:8.3.7, owaspTop10-2021:a2, owaspTop10:a3, owaspTop10:a6, pciDss-3.2:4.1, pciDss-3.2:6.5.3, pciDss-3.2:6.5.4, pciDss-4.0:4.2.1, pciDss-4.0:6.2.4, stig-ASD_V5R3:V-222396"
BenchmarkTest00857.java,java:S5542,true,CRITICAL,"[{'softwareQuality': 'SECURITY', 'severity': 'HIGH'}]","cwe:327, cwe:780, owaspAsvs-4.0:2.9.3, owaspAsvs-4.0:6.2.2, owaspAsvs-4.0:8.3.7, owaspTop10-2021:a2, owaspTop10:a3, owaspTop10:a6, pciDss-3.2:4.1, pciDss-3.2:6.5.3, pciDss-3.2:6.5.4, pciDss-4.0:4.2.1, pciDss-4.0:6.2.4"
BenchmarkTest00857.java,java:S5547,true,CRITICAL,"[{'softwareQuality': 'SECURITY', 'severity': 'HIGH'}]","cwe:326, cwe:327, owaspAsvs-4.0:6.2.2, owaspAsvs-4.0:6.2.3, owaspAsvs-4.0:6.2.5, owaspAsvs-4.0:8.3.7, owaspTop10-2021:a2, owaspTop10:a3, owaspTop10:a6, pciDss-3.2:4.1, pciDss-3.2:6.5.3, pciDss-3.2:6.5.4, pciDss-4.0:4.2.1, pciDss-4.0:6.2.4, stig-ASD_V5R3:V-222396"
BenchmarkTest00859.java,java:S5542,true,CRITICAL,"[{'softwareQuality': 'SECURITY', 'severity': 'HIGH'}]","cwe:327, cwe:780, owaspAsvs-4.0:2.9.3, owaspAsvs-4.0:6.2.2, owaspAsvs-4.0:8.3.7, owaspTop10-2021:a2, owaspTop10:a3, owaspTop10:a6, pciDss-3.2:4.1, pciDss-3.2:6.5.3, pciDss-3.2:6.5.4, pciDss-4.0:4.2.1, pciDss-4.0:6.2.4"
BenchmarkTest00859.java,java:S5547,true,CRITICAL,"[{'softwareQuality': 'SECURITY', 'severity': 'HIGH'}]","cwe:326, cwe:327, owaspAsvs-4.0:6.2.2, owaspAsvs-4.0:6.2.3, owaspAsvs-4.0:6.2.5, owaspAsvs-4.0:8.3.7, owaspTop10-2021:a2, owaspTop10:a3, owaspTop10:a6, pciDss-3.2:4.1, pciDss-3.2:6.5.3, pciDss-3.2:6.5.4, pciDss-4.0:4.2.1, pciDss-4.0:6.2.4, stig-ASD_V5R3:V-222396"
BenchmarkTest00945.java,java:S5542,true,CRITICAL,"[{'softwareQuality': 'SECURITY', 'severity': 'HIGH'}]","cwe:327, cwe:780, owaspAsvs-4.0:2.9.3, owaspAsvs-4.0:6.2.2, owaspAsvs-4.0:8.3.7, owaspTop10-2021:a2, owaspTop10:a3, owaspTop10:a6, pciDss-3.2:4.1, pciDss-3.2:6.5.3, pciDss-3.2:6.5.4, pciDss-4.0:4.2.1, pciDss-4.0:6.2.4"
BenchmarkTest00945.java,java:S5547,true,CRITICAL,"[{'softwareQuality': 'SECURITY', 'severity': 'HIGH'}]","cwe:326, cwe:327, owaspAsvs-4.0:6.2.2, owaspAsvs-4.0:6.2.3, owaspAsvs-4.0:6.2.5, owaspAsvs-4.0:8.3.7, owaspTop10-2021:a2, owaspTop10:a3, owaspTop10:a6, pciDss-3.2:4.1, pciDss-3.2:6.5.3, pciDss-3.2:6.5.4, pciDss-4.0:4.2.1, pciDss-4.0:6.2.4, stig-ASD_V5R3:V-222396"
BenchmarkTest00946.java,java:S5547,true,CRITICAL,"[{'softwareQuality': 'SECURITY', 'severity': 'HIGH'}]","cwe:326, cwe:327, owaspAsvs-4.0:6.2.2, owaspAsvs-4.0:6.2.3, owaspAsvs-4.0:6.2.5, owaspAsvs-4.0:8.3.7, owaspTop10-2021:a2, owaspTop10:a3, owaspTop10:a6, pciDss-3.2:4.1, pciDss-3.2:6.5.3, pciDss-3.2:6.5.4, pciDss-4.0:4.2.1, pciDss-4.0:6.2.4, stig-ASD_V5R3:V-222396"
BenchmarkTest00946.java,java:S5542,true,CRITICAL,"[{'softwareQuality': 'SECURITY', 'severity': 'HIGH'}]","cwe:327, cwe:780, owaspAsvs-4.0:2.9.3, owaspAsvs-4.0:6.2.2, owaspAsvs-4.0:8.3.7, owaspTop10-2021:a2, owaspTop10:a3, owaspTop10:a6, pciDss-3.2:4.1, pciDss-3.2:6.5.3, pciDss-3.2:6.5.4, pciDss-4.0:4.2.1, pciDss-4.0:6.2.4"
BenchmarkTest00947.java,javasecurity:S2078,true,BLOCKER,"[{'softwareQuality': 'SECURITY', 'severity': 'BLOCKER'}]","cwe:20, cwe:90, owaspAsvs-4.0:5.1.3, owaspAsvs-4.0:5.1.4, owaspAsvs-4.0:5.3.7, owaspTop10-2021:a3, owaspTop10:a1, pciDss-3.2:6.5.1, pciDss-4.0:6.2.4, stig-ASD_V5R3:V-222609"
BenchmarkTest00949.java,javasecurity:S6549,true,MAJOR,"[{'softwareQuality': 'SECURITY', 'severity': 'MEDIUM'}]","cwe:20, cwe:22, owaspAsvs-4.0:12.3.1, owaspAsvs-4.0:5.1.3, owaspAsvs-4.0:5.1.4, owaspTop10-2021:a1, owaspTop10-2021:a3, owaspTop10:a1, owaspTop10:a5, pciDss-3.2:6.5.8, pciDss-4.0:6.2.4, stig-ASD_V5R3:V-222609"
BenchmarkTest00951.java,javasecurity:S6549,true,MAJOR,"[{'softwareQuality': 'SECURITY', 'severity': 'MEDIUM'}]","cwe:20, cwe:22, owaspAsvs-4.0:12.3.1, owaspAsvs-4.0:5.1.3, owaspAsvs-4.0:5.1.4, owaspTop10-2021:a1, owaspTop10-2021:a3, owaspTop10:a1, owaspTop10:a5, pciDss-3.2:6.5.8, pciDss-4.0:6.2.4, stig-ASD_V5R3:V-222609"
BenchmarkTest00953.java,javasecurity:S2083,true,BLOCKER,"[{'softwareQuality': 'SECURITY', 'severity': 'BLOCKER'}]","cwe:20, cwe:22, owaspAsvs-4.0:12.3.1, owaspAsvs-4.0:5.1.3, owaspAsvs-4.0:5.1.4, owaspTop10-2021:a1, owaspTop10-2021:a3, owaspTop10:a1, owaspTop10:a5, pciDss-3.2:6.5.8, pciDss-4.0:6.2.4, stig-ASD_V5R3:V-222609"
BenchmarkTest00955.java,javasecurity:S2083,true,BLOCKER,"[{'softwareQuality': 'SECURITY', 'severity': 'BLOCKER'}]","cwe:20, cwe:22, owaspAsvs-4.0:12.3.1, owaspAsvs-4.0:5.1.3, owaspAsvs-4.0:5.1.4, owaspTop10-2021:a1, owaspTop10-2021:a3, owaspTop10:a1, owaspTop10:a5, pciDss-3.2:6.5.8, pciDss-4.0:6.2.4, stig-ASD_V5R3:V-222609"
BenchmarkTest00956.java,javasecurity:S2083,true,BLOCKER,"[{'softwareQuality': 'SECURITY', 'severity': 'BLOCKER'}]","cwe:20, cwe:22, owaspAsvs-4.0:12.3.1, owaspAsvs-4.0:5.1.3, owaspAsvs-4.0:5.1.4, owaspTop10-2021:a1, owaspTop10-2021:a3, owaspTop10:a1, owaspTop10:a5, pciDss-3.2:6.5.8, pciDss-4.0:6.2.4, stig-ASD_V5R3:V-222609"
BenchmarkTest00959.java,javasecurity:S2078,true,BLOCKER,"[{'softwareQuality': 'SECURITY', 'severity': 'BLOCKER'}]","cwe:20, cwe:90, owaspAsvs-4.0:5.1.3, owaspAsvs-4.0:5.1.4, owaspAsvs-4.0:5.3.7, owaspTop10-2021:a3, owaspTop10:a1, pciDss-3.2:6.5.1, pciDss-4.0:6.2.4, stig-ASD_V5R3:V-222609"
BenchmarkTest00983.java,javasecurity:S6547,true,MAJOR,"[{'softwareQuality': 'SECURITY', 'severity': 'MEDIUM'}]","cwe:20, cwe:454, owaspAsvs-4.0:5.1.3, owaspAsvs-4.0:5.1.4, owaspTop10-2021:a3, owaspTop10:a1, stig-ASD_V5R3:V-222609"
BenchmarkTest00996.java,javasecurity:S3649,true,BLOCKER,"[{'softwareQuality': 'SECURITY', 'severity': 'BLOCKER'}]","cwe:20, cwe:89, owaspAsvs-4.0:5.1.3, owaspAsvs-4.0:5.1.4, owaspAsvs-4.0:5.3.4, owaspAsvs-4.0:5.3.5, owaspTop10-2021:a3, owaspTop10:a1, pciDss-3.2:6.5.1, pciDss-4.0:6.2.4, stig-ASD_V5R3:V-222607, stig-ASD_V5R3:V-222609"
BenchmarkTest00997.java,javasecurity:S3649,true,BLOCKER,"[{'softwareQuality': 'SECURITY', 'severity': 'BLOCKER'}]","cwe:20, cwe:89, owaspAsvs-4.0:5.1.3, owaspAsvs-4.0:5.1.4, owaspAsvs-4.0:5.3.4, owaspAsvs-4.0:5.3.5, owaspTop10-2021:a3, owaspTop10:a1, pciDss-3.2:6.5.1, pciDss-4.0:6.2.4, stig-ASD_V5R3:V-222607, stig-ASD_V5R3:V-222609"
BenchmarkTest00998.java,javasecurity:S3649,true,BLOCKER,"[{'softwareQuality': 'SECURITY', 'severity': 'BLOCKER'}]","cwe:20, cwe:89, owaspAsvs-4.0:5.1.3, owaspAsvs-4.0:5.1.4, owaspAsvs-4.0:5.3.4, owaspAsvs-4.0:5.3.5, owaspTop10-2021:a3, owaspTop10:a1, pciDss-3.2:6.5.1, pciDss-4.0:6.2.4, stig-ASD_V5R3:V-222607, stig-ASD_V5R3:V-222609"
BenchmarkTest00999.java,javasecurity:S3649,true,BLOCKER,"[{'softwareQuality': 'SECURITY', 'severity': 'BLOCKER'}]","cwe:20, cwe:89, owaspAsvs-4.0:5.1.3, owaspAsvs-4.0:5.1.4, owaspAsvs-4.0:5.3.4, owaspAsvs-4.0:5.3.5, owaspTop10-2021:a3, owaspTop10:a1, pciDss-3.2:6.5.1, pciDss-4.0:6.2.4, stig-ASD_V5R3:V-222607, stig-ASD_V5R3:V-222609"
BenchmarkTest01000.java,javasecurity:S3649,true,BLOCKER,"[{'softwareQuality': 'SECURITY', 'severity': 'BLOCKER'}]","cwe:20, cwe:89, owaspAsvs-4.0:5.1.3, owaspAsvs-4.0:5.1.4, owaspAsvs-4.0:5.3.4, owaspAsvs-4.0:5.3.5, owaspTop10-2021:a3, owaspTop10:a1, pciDss-3.2:6.5.1, pciDss-4.0:6.2.4, stig-ASD_V5R3:V-222607, stig-ASD_V5R3:V-222609"
BenchmarkTest01001.java,javasecurity:S3649,true,BLOCKER,"[{'softwareQuality': 'SECURITY', 'severity': 'BLOCKER'}]","cwe:20, cwe:89, owaspAsvs-4.0:5.1.3, owaspAsvs-4.0:5.1.4, owaspAsvs-4.0:5.3.4, owaspAsvs-4.0:5.3.5, owaspTop10-2021:a3, owaspTop10:a1, pciDss-3.2:6.5.1, pciDss-4.0:6.2.4, stig-ASD_V5R3:V-222607, stig-ASD_V5R3:V-222609"
BenchmarkTest01002.java,javasecurity:S3649,true,BLOCKER,"[{'softwareQuality': 'SECURITY', 'severity': 'BLOCKER'}]","cwe:20, cwe:89, owaspAsvs-4.0:5.1.3, owaspAsvs-4.0:5.1.4, owaspAsvs-4.0:5.3.4, owaspAsvs-4.0:5.3.5, owaspTop10-2021:a3, owaspTop10:a1, pciDss-3.2:6.5.1, pciDss-4.0:6.2.4, stig-ASD_V5R3:V-222607, stig-ASD_V5R3:V-222609"
BenchmarkTest01003.java,javasecurity:S3649,true,BLOCKER,"[{'softwareQuality': 'SECURITY', 'severity': 'BLOCKER'}]","cwe:20, cwe:89, owaspAsvs-4.0:5.1.3, owaspAsvs-4.0:5.1.4, owaspAsvs-4.0:5.3.4, owaspAsvs-4.0:5.3.5, owaspTop10-2021:a3, owaspTop10:a1, pciDss-3.2:6.5.1, pciDss-4.0:6.2.4, stig-ASD_V5R3:V-222607, stig-ASD_V5R3:V-222609"
BenchmarkTest01004.java,javasecurity:S3649,true,BLOCKER,"[{'softwareQuality': 'SECURITY', 'severity': 'BLOCKER'}]","cwe:20, cwe:89, owaspAsvs-4.0:5.1.3, owaspAsvs-4.0:5.1.4, owaspAsvs-4.0:5.3.4, owaspAsvs-4.0:5.3.5, owaspTop10-2021:a3, owaspTop10:a1, pciDss-3.2:6.5.1, pciDss-4.0:6.2.4, stig-ASD_V5R3:V-222607, stig-ASD_V5R3:V-222609"
BenchmarkTest01005.java,javasecurity:S3649,true,BLOCKER,"[{'softwareQuality': 'SECURITY', 'severity': 'BLOCKER'}]","cwe:20, cwe:89, owaspAsvs-4.0:5.1.3, owaspAsvs-4.0:5.1.4, owaspAsvs-4.0:5.3.4, owaspAsvs-4.0:5.3.5, owaspTop10-2021:a3, owaspTop10:a1, pciDss-3.2:6.5.1, pciDss-4.0:6.2.4, stig-ASD_V5R3:V-222607, stig-ASD_V5R3:V-222609"
BenchmarkTest01006.java,javasecurity:S3649,true,BLOCKER,"[{'softwareQuality': 'SECURITY', 'severity': 'BLOCKER'}]","cwe:20, cwe:89, owaspAsvs-4.0:5.1.3, owaspAsvs-4.0:5.1.4, owaspAsvs-4.0:5.3.4, owaspAsvs-4.0:5.3.5, owaspTop10-2021:a3, owaspTop10:a1, pciDss-3.2:6.5.1, pciDss-4.0:6.2.4, stig-ASD_V5R3:V-222607, stig-ASD_V5R3:V-222609"
BenchmarkTest01007.java,javasecurity:S3649,true,BLOCKER,"[{'softwareQuality': 'SECURITY', 'severity': 'BLOCKER'}]","cwe:20, cwe:89, owaspAsvs-4.0:5.1.3, owaspAsvs-4.0:5.1.4, owaspAsvs-4.0:5.3.4, owaspAsvs-4.0:5.3.5, owaspTop10-2021:a3, owaspTop10:a1, pciDss-3.2:6.5.1, pciDss-4.0:6.2.4, stig-ASD_V5R3:V-222607, stig-ASD_V5R3:V-222609"
BenchmarkTest01008.java,javasecurity:S3649,true,BLOCKER,"[{'softwareQuality': 'SECURITY', 'severity': 'BLOCKER'}]","cwe:20, cwe:89, owaspAsvs-4.0:5.1.3, owaspAsvs-4.0:5.1.4, owaspAsvs-4.0:5.3.4, owaspAsvs-4.0:5.3.5, owaspTop10-2021:a3, owaspTop10:a1, pciDss-3.2:6.5.1, pciDss-4.0:6.2.4, stig-ASD_V5R3:V-222607, stig-ASD_V5R3:V-222609"
BenchmarkTest01009.java,javasecurity:S3649,true,BLOCKER,"[{'softwareQuality': 'SECURITY', 'severity': 'BLOCKER'}]","cwe:20, cwe:89, owaspAsvs-4.0:5.1.3, owaspAsvs-4.0:5.1.4, owaspAsvs-4.0:5.3.4, owaspAsvs-4.0:5.3.5, owaspTop10-2021:a3, owaspTop10:a1, pciDss-3.2:6.5.1, pciDss-4.0:6.2.4, stig-ASD_V5R3:V-222607, stig-ASD_V5R3:V-222609"
BenchmarkTest01011.java,javasecurity:S3649,true,BLOCKER,"[{'softwareQuality': 'SECURITY', 'severity': 'BLOCKER'}]","cwe:20, cwe:89, owaspAsvs-4.0:5.1.3, owaspAsvs-4.0:5.1.4, owaspAsvs-4.0:5.3.4, owaspAsvs-4.0:5.3.5, owaspTop10-2021:a3, owaspTop10:a1, pciDss-3.2:6.5.1, pciDss-4.0:6.2.4, stig-ASD_V5R3:V-222607, stig-ASD_V5R3:V-222609"
BenchmarkTest01013.java,javasecurity:S2091,true,BLOCKER,"[{'softwareQuality': 'SECURITY', 'severity': 'BLOCKER'}]","cwe:20, cwe:643, owaspAsvs-4.0:5.1.3, owaspAsvs-4.0:5.1.4, owaspAsvs-4.0:5.3.10, owaspTop10-2021:a3, owaspTop10:a1, pciDss-3.2:6.5.1, pciDss-4.0:6.2.4, stig-ASD_V5R3:V-222608, stig-ASD_V5R3:V-222609"
BenchmarkTest01014.java,javasecurity:S2091,true,BLOCKER,"[{'softwareQuality': 'SECURITY', 'severity': 'BLOCKER'}]","cwe:20, cwe:643, owaspAsvs-4.0:5.1.3, owaspAsvs-4.0:5.1.4, owaspAsvs-4.0:5.3.10, owaspTop10-2021:a3, owaspTop10:a1, pciDss-3.2:6.5.1, pciDss-4.0:6.2.4, stig-ASD_V5R3:V-222608, stig-ASD_V5R3:V-222609"
BenchmarkTest01015.java,java:S5542,true,CRITICAL,"[{'softwareQuality': 'SECURITY', 'severity': 'HIGH'}]","cwe:327, cwe:780, owaspAsvs-4.0:2.9.3, owaspAsvs-4.0:6.2.2, owaspAsvs-4.0:8.3.7, owaspTop10-2021:a2, owaspTop10:a3, owaspTop10:a6, pciDss-3.2:4.1, pciDss-3.2:6.5.3, pciDss-3.2:6.5.4, pciDss-4.0:4.2.1, pciDss-4.0:6.2.4"
BenchmarkTest01015.java,java:S5547,true,CRITICAL,"[{'softwareQuality': 'SECURITY', 'severity': 'HIGH'}]","cwe:326, cwe:327, owaspAsvs-4.0:6.2.2, owaspAsvs-4.0:6.2.3, owaspAsvs-4.0:6.2.5, owaspAsvs-4.0:8.3.7, owaspTop10-2021:a2, owaspTop10:a3, owaspTop10:a6, pciDss-3.2:4.1, pciDss-3.2:6.5.3, pciDss-3.2:6.5.4, pciDss-4.0:4.2.1, pciDss-4.0:6.2.4, stig-ASD_V5R3:V-222396"
BenchmarkTest01016.java,java:S5542,true,CRITICAL,"[{'softwareQuality': 'SECURITY', 'severity': 'HIGH'}]","cwe:327, cwe:780, owaspAsvs-4.0:2.9.3, owaspAsvs-4.0:6.2.2, owaspAsvs-4.0:8.3.7, owaspTop10-2021:a2, owaspTop10:a3, owaspTop10:a6, pciDss-3.2:4.1, pciDss-3.2:6.5.3, pciDss-3.2:6.5.4, pciDss-4.0:4.2.1, pciDss-4.0:6.2.4"
BenchmarkTest01016.java,java:S5547,true,CRITICAL,"[{'softwareQuality': 'SECURITY', 'severity': 'HIGH'}]","cwe:326, cwe:327, owaspAsvs-4.0:6.2.2, owaspAsvs-4.0:6.2.3, owaspAsvs-4.0:6.2.5, owaspAsvs-4.0:8.3.7, owaspTop10-2021:a2, owaspTop10:a3, owaspTop10:a6, pciDss-3.2:4.1, pciDss-3.2:6.5.3, pciDss-3.2:6.5.4, pciDss-4.0:4.2.1, pciDss-4.0:6.2.4, stig-ASD_V5R3:V-222396"
BenchmarkTest01017.java,java:S5542,true,CRITICAL,"[{'softwareQuality': 'SECURITY', 'severity': 'HIGH'}]","cwe:327, cwe:780, owaspAsvs-4.0:2.9.3, owaspAsvs-4.0:6.2.2, owaspAsvs-4.0:8.3.7, owaspTop10-2021:a2, owaspTop10:a3, owaspTop10:a6, pciDss-3.2:4.1, pciDss-3.2:6.5.3, pciDss-3.2:6.5.4, pciDss-4.0:4.2.1, pciDss-4.0:6.2.4"
BenchmarkTest01017.java,java:S5547,true,CRITICAL,"[{'softwareQuality': 'SECURITY', 'severity': 'HIGH'}]","cwe:326, cwe:327, owaspAsvs-4.0:6.2.2, owaspAsvs-4.0:6.2.3, owaspAsvs-4.0:6.2.5, owaspAsvs-4.0:8.3.7, owaspTop10-2021:a2, owaspTop10:a3, owaspTop10:a6, pciDss-3.2:4.1, pciDss-3.2:6.5.3, pciDss-3.2:6.5.4, pciDss-4.0:4.2.1, pciDss-4.0:6.2.4, stig-ASD_V5R3:V-222396"
BenchmarkTest01018.java,java:S5542,true,CRITICAL,"[{'softwareQuality': 'SECURITY', 'severity': 'HIGH'}]","cwe:327, cwe:780, owaspAsvs-4.0:2.9.3, owaspAsvs-4.0:6.2.2, owaspAsvs-4.0:8.3.7, owaspTop10-2021:a2, owaspTop10:a3, owaspTop10:a6, pciDss-3.2:4.1, pciDss-3.2:6.5.3, pciDss-3.2:6.5.4, pciDss-4.0:4.2.1, pciDss-4.0:6.2.4"
BenchmarkTest01018.java,java:S5547,true,CRITICAL,"[{'softwareQuality': 'SECURITY', 'severity': 'HIGH'}]","cwe:326, cwe:327, owaspAsvs-4.0:6.2.2, owaspAsvs-4.0:6.2.3, owaspAsvs-4.0:6.2.5, owaspAsvs-4.0:8.3.7, owaspTop10-2021:a2, owaspTop10:a3, owaspTop10:a6, pciDss-3.2:4.1, pciDss-3.2:6.5.3, pciDss-3.2:6.5.4, pciDss-4.0:4.2.1, pciDss-4.0:6.2.4, stig-ASD_V5R3:V-222396"
BenchmarkTest01020.java,java:S5542,true,CRITICAL,"[{'softwareQuality': 'SECURITY', 'severity': 'HIGH'}]","cwe:327, cwe:780, owaspAsvs-4.0:2.9.3, owaspAsvs-4.0:6.2.2, owaspAsvs-4.0:8.3.7, owaspTop10-2021:a2, owaspTop10:a3, owaspTop10:a6, pciDss-3.2:4.1, pciDss-3.2:6.5.3, pciDss-3.2:6.5.4, pciDss-4.0:4.2.1, pciDss-4.0:6.2.4"
BenchmarkTest01020.java,java:S5547,true,CRITICAL,"[{'softwareQuality': 'SECURITY', 'severity': 'HIGH'}]","cwe:326, cwe:327, owaspAsvs-4.0:6.2.2, owaspAsvs-4.0:6.2.3, owaspAsvs-4.0:6.2.5, owaspAsvs-4.0:8.3.7, owaspTop10-2021:a2, owaspTop10:a3, owaspTop10:a6, pciDss-3.2:4.1, pciDss-3.2:6.5.3, pciDss-3.2:6.5.4, pciDss-4.0:4.2.1, pciDss-4.0:6.2.4, stig-ASD_V5R3:V-222396"
BenchmarkTest01021.java,java:S5542,true,CRITICAL,"[{'softwareQuality': 'SECURITY', 'severity': 'HIGH'}]","cwe:327, cwe:780, owaspAsvs-4.0:2.9.3, owaspAsvs-4.0:6.2.2, owaspAsvs-4.0:8.3.7, owaspTop10-2021:a2, owaspTop10:a3, owaspTop10:a6, pciDss-3.2:4.1, pciDss-3.2:6.5.3, pciDss-3.2:6.5.4, pciDss-4.0:4.2.1, pciDss-4.0:6.2.4"
BenchmarkTest01022.java,java:S5542,true,CRITICAL,"[{'softwareQuality': 'SECURITY', 'severity': 'HIGH'}]","cwe:327, cwe:780, owaspAsvs-4.0:2.9.3, owaspAsvs-4.0:6.2.2, owaspAsvs-4.0:8.3.7, owaspTop10-2021:a2, owaspTop10:a3, owaspTop10:a6, pciDss-3.2:4.1, pciDss-3.2:6.5.3, pciDss-3.2:6.5.4, pciDss-4.0:4.2.1, pciDss-4.0:6.2.4"
BenchmarkTest01023.java,javasecurity:S2078,true,BLOCKER,"[{'softwareQuality': 'SECURITY', 'severity': 'BLOCKER'}]","cwe:20, cwe:90, owaspAsvs-4.0:5.1.3, owaspAsvs-4.0:5.1.4, owaspAsvs-4.0:5.3.7, owaspTop10-2021:a3, owaspTop10:a1, pciDss-3.2:6.5.1, pciDss-4.0:6.2.4, stig-ASD_V5R3:V-222609"
BenchmarkTest01024.java,javasecurity:S2078,true,BLOCKER,"[{'softwareQuality': 'SECURITY', 'severity': 'BLOCKER'}]","cwe:20, cwe:90, owaspAsvs-4.0:5.1.3, owaspAsvs-4.0:5.1.4, owaspAsvs-4.0:5.3.7, owaspTop10-2021:a3, owaspTop10:a1, pciDss-3.2:6.5.1, pciDss-4.0:6.2.4, stig-ASD_V5R3:V-222609"
BenchmarkTest01025.java,javasecurity:S6549,true,MAJOR,"[{'softwareQuality': 'SECURITY', 'severity': 'MEDIUM'}]","cwe:20, cwe:22, owaspAsvs-4.0:12.3.1, owaspAsvs-4.0:5.1.3, owaspAsvs-4.0:5.1.4, owaspTop10-2021:a1, owaspTop10-2021:a3, owaspTop10:a1, owaspTop10:a5, pciDss-3.2:6.5.8, pciDss-4.0:6.2.4, stig-ASD_V5R3:V-222609"
BenchmarkTest01027.java,javasecurity:S6549,true,MAJOR,"[{'softwareQuality': 'SECURITY', 'severity': 'MEDIUM'}]","cwe:20, cwe:22, owaspAsvs-4.0:12.3.1, owaspAsvs-4.0:5.1.3, owaspAsvs-4.0:5.1.4, owaspTop10-2021:a1, owaspTop10-2021:a3, owaspTop10:a1, owaspTop10:a5, pciDss-3.2:6.5.8, pciDss-4.0:6.2.4, stig-ASD_V5R3:V-222609"
BenchmarkTest01032.java,javasecurity:S2083,true,BLOCKER,"[{'softwareQuality': 'SECURITY', 'severity': 'BLOCKER'}]","cwe:20, cwe:22, owaspAsvs-4.0:12.3.1, owaspAsvs-4.0:5.1.3, owaspAsvs-4.0:5.1.4, owaspTop10-2021:a1, owaspTop10-2021:a3, owaspTop10:a1, owaspTop10:a5, pciDss-3.2:6.5.8, pciDss-4.0:6.2.4, stig-ASD_V5R3:V-222609"
BenchmarkTest01033.java,javasecurity:S2083,true,BLOCKER,"[{'softwareQuality': 'SECURITY', 'severity': 'BLOCKER'}]","cwe:20, cwe:22, owaspAsvs-4.0:12.3.1, owaspAsvs-4.0:5.1.3, owaspAsvs-4.0:5.1.4, owaspTop10-2021:a1, owaspTop10-2021:a3, owaspTop10:a1, owaspTop10:a5, pciDss-3.2:6.5.8, pciDss-4.0:6.2.4, stig-ASD_V5R3:V-222609"
BenchmarkTest01034.java,javasecurity:S2083,true,BLOCKER,"[{'softwareQuality': 'SECURITY', 'severity': 'BLOCKER'}]","cwe:20, cwe:22, owaspAsvs-4.0:12.3.1, owaspAsvs-4.0:5.1.3, owaspAsvs-4.0:5.1.4, owaspTop10-2021:a1, owaspTop10-2021:a3, owaspTop10:a1, owaspTop10:a5, pciDss-3.2:6.5.8, pciDss-4.0:6.2.4, stig-ASD_V5R3:V-222609"
BenchmarkTest01035.java,javasecurity:S2083,true,BLOCKER,"[{'softwareQuality': 'SECURITY', 'severity': 'BLOCKER'}]","cwe:20, cwe:22, owaspAsvs-4.0:12.3.1, owaspAsvs-4.0:5.1.3, owaspAsvs-4.0:5.1.4, owaspTop10-2021:a1, owaspTop10-2021:a3, owaspTop10:a1, owaspTop10:a5, pciDss-3.2:6.5.8, pciDss-4.0:6.2.4, stig-ASD_V5R3:V-222609"
BenchmarkTest01046.java,javasecurity:S5131,true,BLOCKER,"[{'softwareQuality': 'SECURITY', 'severity': 'BLOCKER'}]","cwe:79, owaspAsvs-4.0:5.3.3, owaspTop10-2021:a3, owaspTop10:a7, pciDss-3.2:6.5.7, pciDss-4.0:6.2.4, stig-ASD_V5R3:V-222602, stig-ASD_V5R3:V-222609"
BenchmarkTest01047.java,javasecurity:S5131,true,BLOCKER,"[{'softwareQuality': 'SECURITY', 'severity': 'BLOCKER'}]","cwe:79, owaspAsvs-4.0:5.3.3, owaspTop10-2021:a3, owaspTop10:a7, pciDss-3.2:6.5.7, pciDss-4.0:6.2.4, stig-ASD_V5R3:V-222602, stig-ASD_V5R3:V-222609"
BenchmarkTest01049.java,javasecurity:S5131,true,BLOCKER,"[{'softwareQuality': 'SECURITY', 'severity': 'BLOCKER'}]","cwe:79, owaspAsvs-4.0:5.3.3, owaspTop10-2021:a3, owaspTop10:a7, pciDss-3.2:6.5.7, pciDss-4.0:6.2.4, stig-ASD_V5R3:V-222602, stig-ASD_V5R3:V-222609"
BenchmarkTest01050.java,javasecurity:S5131,true,BLOCKER,"[{'softwareQuality': 'SECURITY', 'severity': 'BLOCKER'}]","cwe:79, owaspAsvs-4.0:5.3.3, owaspTop10-2021:a3, owaspTop10:a7, pciDss-3.2:6.5.7, pciDss-4.0:6.2.4, stig-ASD_V5R3:V-222602, stig-ASD_V5R3:V-222609"
BenchmarkTest01051.java,javasecurity:S5131,true,BLOCKER,"[{'softwareQuality': 'SECURITY', 'severity': 'BLOCKER'}]","cwe:79, owaspAsvs-4.0:5.3.3, owaspTop10-2021:a3, owaspTop10:a7, pciDss-3.2:6.5.7, pciDss-4.0:6.2.4, stig-ASD_V5R3:V-222602, stig-ASD_V5R3:V-222609"
BenchmarkTest01053.java,javasecurity:S5131,true,BLOCKER,"[{'softwareQuality': 'SECURITY', 'severity': 'BLOCKER'}]","cwe:79, owaspAsvs-4.0:5.3.3, owaspTop10-2021:a3, owaspTop10:a7, pciDss-3.2:6.5.7, pciDss-4.0:6.2.4, stig-ASD_V5R3:V-222602, stig-ASD_V5R3:V-222609"
BenchmarkTest01055.java,javasecurity:S5131,true,BLOCKER,"[{'softwareQuality': 'SECURITY', 'severity': 'BLOCKER'}]","cwe:79, owaspAsvs-4.0:5.3.3, owaspTop10-2021:a3, owaspTop10:a7, pciDss-3.2:6.5.7, pciDss-4.0:6.2.4, stig-ASD_V5R3:V-222602, stig-ASD_V5R3:V-222609"
BenchmarkTest01056.java,javasecurity:S5131,true,BLOCKER,"[{'softwareQuality': 'SECURITY', 'severity': 'BLOCKER'}]","cwe:79, owaspAsvs-4.0:5.3.3, owaspTop10-2021:a3, owaspTop10:a7, pciDss-3.2:6.5.7, pciDss-4.0:6.2.4, stig-ASD_V5R3:V-222602, stig-ASD_V5R3:V-222609"
BenchmarkTest01057.java,javasecurity:S5131,true,BLOCKER,"[{'softwareQuality': 'SECURITY', 'severity': 'BLOCKER'}]","cwe:79, owaspAsvs-4.0:5.3.3, owaspTop10-2021:a3, owaspTop10:a7, pciDss-3.2:6.5.7, pciDss-4.0:6.2.4, stig-ASD_V5R3:V-222602, stig-ASD_V5R3:V-222609"
BenchmarkTest01064.java,javasecurity:S2076,true,BLOCKER,"[{'softwareQuality': 'SECURITY', 'severity': 'BLOCKER'}]","cwe:20, cwe:78, owaspAsvs-4.0:12.3.5, owaspAsvs-4.0:5.1.3, owaspAsvs-4.0:5.1.4, owaspAsvs-4.0:5.3.8, owaspTop10-2021:a3, owaspTop10:a1, pciDss-3.2:6.5.1, pciDss-4.0:6.2.4, stig-ASD_V5R3:V-222604, stig-ASD_V5R3:V-222609"
BenchmarkTest01066.java,javasecurity:S6547,true,MAJOR,"[{'softwareQuality': 'SECURITY', 'severity': 'MEDIUM'}]","cwe:20, cwe:454, owaspAsvs-4.0:5.1.3, owaspAsvs-4.0:5.1.4, owaspTop10-2021:a3, owaspTop10:a1, stig-ASD_V5R3:V-222609"
BenchmarkTest01068.java,javasecurity:S2076,true,BLOCKER,"[{'softwareQuality': 'SECURITY', 'severity': 'BLOCKER'}]","cwe:20, cwe:78, owaspAsvs-4.0:12.3.5, owaspAsvs-4.0:5.1.3, owaspAsvs-4.0:5.1.4, owaspAsvs-4.0:5.3.8, owaspTop10-2021:a3, owaspTop10:a1, pciDss-3.2:6.5.1, pciDss-4.0:6.2.4, stig-ASD_V5R3:V-222604, stig-ASD_V5R3:V-222609"
BenchmarkTest01083.java,javasecurity:S3649,true,BLOCKER,"[{'softwareQuality': 'SECURITY', 'severity': 'BLOCKER'}]","cwe:20, cwe:89, owaspAsvs-4.0:5.1.3, owaspAsvs-4.0:5.1.4, owaspAsvs-4.0:5.3.4, owaspAsvs-4.0:5.3.5, owaspTop10-2021:a3, owaspTop10:a1, pciDss-3.2:6.5.1, pciDss-4.0:6.2.4, stig-ASD_V5R3:V-222607, stig-ASD_V5R3:V-222609"
BenchmarkTest01084.java,javasecurity:S3649,true,BLOCKER,"[{'softwareQuality': 'SECURITY', 'severity': 'BLOCKER'}]","cwe:20, cwe:89, owaspAsvs-4.0:5.1.3, owaspAsvs-4.0:5.1.4, owaspAsvs-4.0:5.3.4, owaspAsvs-4.0:5.3.5, owaspTop10-2021:a3, owaspTop10:a1, pciDss-3.2:6.5.1, pciDss-4.0:6.2.4, stig-ASD_V5R3:V-222607, stig-ASD_V5R3:V-222609"
BenchmarkTest01086.java,javasecurity:S3649,true,BLOCKER,"[{'softwareQuality': 'SECURITY', 'severity': 'BLOCKER'}]","cwe:20, cwe:89, owaspAsvs-4.0:5.1.3, owaspAsvs-4.0:5.1.4, owaspAsvs-4.0:5.3.4, owaspAsvs-4.0:5.3.5, owaspTop10-2021:a3, owaspTop10:a1, pciDss-3.2:6.5.1, pciDss-4.0:6.2.4, stig-ASD_V5R3:V-222607, stig-ASD_V5R3:V-222609"
BenchmarkTest01087.java,javasecurity:S3649,true,BLOCKER,"[{'softwareQuality': 'SECURITY', 'severity': 'BLOCKER'}]","cwe:20, cwe:89, owaspAsvs-4.0:5.1.3, owaspAsvs-4.0:5.1.4, owaspAsvs-4.0:5.3.4, owaspAsvs-4.0:5.3.5, owaspTop10-2021:a3, owaspTop10:a1, pciDss-3.2:6.5.1, pciDss-4.0:6.2.4, stig-ASD_V5R3:V-222607, stig-ASD_V5R3:V-222609"
BenchmarkTest01088.java,javasecurity:S3649,true,BLOCKER,"[{'softwareQuality': 'SECURITY', 'severity': 'BLOCKER'}]","cwe:20, cwe:89, owaspAsvs-4.0:5.1.3, owaspAsvs-4.0:5.1.4, owaspAsvs-4.0:5.3.4, owaspAsvs-4.0:5.3.5, owaspTop10-2021:a3, owaspTop10:a1, pciDss-3.2:6.5.1, pciDss-4.0:6.2.4, stig-ASD_V5R3:V-222607, stig-ASD_V5R3:V-222609"
BenchmarkTest01090.java,javasecurity:S3649,true,BLOCKER,"[{'softwareQuality': 'SECURITY', 'severity': 'BLOCKER'}]","cwe:20, cwe:89, owaspAsvs-4.0:5.1.3, owaspAsvs-4.0:5.1.4, owaspAsvs-4.0:5.3.4, owaspAsvs-4.0:5.3.5, owaspTop10-2021:a3, owaspTop10:a1, pciDss-3.2:6.5.1, pciDss-4.0:6.2.4, stig-ASD_V5R3:V-222607, stig-ASD_V5R3:V-222609"
BenchmarkTest01091.java,javasecurity:S3649,true,BLOCKER,"[{'softwareQuality': 'SECURITY', 'severity': 'BLOCKER'}]","cwe:20, cwe:89, owaspAsvs-4.0:5.1.3, owaspAsvs-4.0:5.1.4, owaspAsvs-4.0:5.3.4, owaspAsvs-4.0:5.3.5, owaspTop10-2021:a3, owaspTop10:a1, pciDss-3.2:6.5.1, pciDss-4.0:6.2.4, stig-ASD_V5R3:V-222607, stig-ASD_V5R3:V-222609"
BenchmarkTest01092.java,javasecurity:S3649,true,BLOCKER,"[{'softwareQuality': 'SECURITY', 'severity': 'BLOCKER'}]","cwe:20, cwe:89, owaspAsvs-4.0:5.1.3, owaspAsvs-4.0:5.1.4, owaspAsvs-4.0:5.3.4, owaspAsvs-4.0:5.3.5, owaspTop10-2021:a3, owaspTop10:a1, pciDss-3.2:6.5.1, pciDss-4.0:6.2.4, stig-ASD_V5R3:V-222607, stig-ASD_V5R3:V-222609"
BenchmarkTest01093.java,javasecurity:S3649,true,BLOCKER,"[{'softwareQuality': 'SECURITY', 'severity': 'BLOCKER'}]","cwe:20, cwe:89, owaspAsvs-4.0:5.1.3, owaspAsvs-4.0:5.1.4, owaspAsvs-4.0:5.3.4, owaspAsvs-4.0:5.3.5, owaspTop10-2021:a3, owaspTop10:a1, pciDss-3.2:6.5.1, pciDss-4.0:6.2.4, stig-ASD_V5R3:V-222607, stig-ASD_V5R3:V-222609"
BenchmarkTest01094.java,javasecurity:S3649,true,BLOCKER,"[{'softwareQuality': 'SECURITY', 'severity': 'BLOCKER'}]","cwe:20, cwe:89, owaspAsvs-4.0:5.1.3, owaspAsvs-4.0:5.1.4, owaspAsvs-4.0:5.3.4, owaspAsvs-4.0:5.3.5, owaspTop10-2021:a3, owaspTop10:a1, pciDss-3.2:6.5.1, pciDss-4.0:6.2.4, stig-ASD_V5R3:V-222607, stig-ASD_V5R3:V-222609"
BenchmarkTest01095.java,javasecurity:S3649,true,BLOCKER,"[{'softwareQuality': 'SECURITY', 'severity': 'BLOCKER'}]","cwe:20, cwe:89, owaspAsvs-4.0:5.1.3, owaspAsvs-4.0:5.1.4, owaspAsvs-4.0:5.3.4, owaspAsvs-4.0:5.3.5, owaspTop10-2021:a3, owaspTop10:a1, pciDss-3.2:6.5.1, pciDss-4.0:6.2.4, stig-ASD_V5R3:V-222607, stig-ASD_V5R3:V-222609"
BenchmarkTest01096.java,javasecurity:S3649,true,BLOCKER,"[{'softwareQuality': 'SECURITY', 'severity': 'BLOCKER'}]","cwe:20, cwe:89, owaspAsvs-4.0:5.1.3, owaspAsvs-4.0:5.1.4, owaspAsvs-4.0:5.3.4, owaspAsvs-4.0:5.3.5, owaspTop10-2021:a3, owaspTop10:a1, pciDss-3.2:6.5.1, pciDss-4.0:6.2.4, stig-ASD_V5R3:V-222607, stig-ASD_V5R3:V-222609"
BenchmarkTest01097.java,javasecurity:S3649,true,BLOCKER,"[{'softwareQuality': 'SECURITY', 'severity': 'BLOCKER'}]","cwe:20, cwe:89, owaspAsvs-4.0:5.1.3, owaspAsvs-4.0:5.1.4, owaspAsvs-4.0:5.3.4, owaspAsvs-4.0:5.3.5, owaspTop10-2021:a3, owaspTop10:a1, pciDss-3.2:6.5.1, pciDss-4.0:6.2.4, stig-ASD_V5R3:V-222607, stig-ASD_V5R3:V-222609"
BenchmarkTest01099.java,java:S5542,true,CRITICAL,"[{'softwareQuality': 'SECURITY', 'severity': 'HIGH'}]","cwe:327, cwe:780, owaspAsvs-4.0:2.9.3, owaspAsvs-4.0:6.2.2, owaspAsvs-4.0:8.3.7, owaspTop10-2021:a2, owaspTop10:a3, owaspTop10:a6, pciDss-3.2:4.1, pciDss-3.2:6.5.3, pciDss-3.2:6.5.4, pciDss-4.0:4.2.1, pciDss-4.0:6.2.4"
BenchmarkTest01099.java,java:S5547,true,CRITICAL,"[{'softwareQuality': 'SECURITY', 'severity': 'HIGH'}]","cwe:326, cwe:327, owaspAsvs-4.0:6.2.2, owaspAsvs-4.0:6.2.3, owaspAsvs-4.0:6.2.5, owaspAsvs-4.0:8.3.7, owaspTop10-2021:a2, owaspTop10:a3, owaspTop10:a6, pciDss-3.2:4.1, pciDss-3.2:6.5.3, pciDss-3.2:6.5.4, pciDss-4.0:4.2.1, pciDss-4.0:6.2.4, stig-ASD_V5R3:V-222396"
BenchmarkTest01102.java,java:S5542,true,CRITICAL,"[{'softwareQuality': 'SECURITY', 'severity': 'HIGH'}]","cwe:327, cwe:780, owaspAsvs-4.0:2.9.3, owaspAsvs-4.0:6.2.2, owaspAsvs-4.0:8.3.7, owaspTop10-2021:a2, owaspTop10:a3, owaspTop10:a6, pciDss-3.2:4.1, pciDss-3.2:6.5.3, pciDss-3.2:6.5.4, pciDss-4.0:4.2.1, pciDss-4.0:6.2.4"
BenchmarkTest01102.java,java:S5547,true,CRITICAL,"[{'softwareQuality': 'SECURITY', 'severity': 'HIGH'}]","cwe:326, cwe:327, owaspAsvs-4.0:6.2.2, owaspAsvs-4.0:6.2.3, owaspAsvs-4.0:6.2.5, owaspAsvs-4.0:8.3.7, owaspTop10-2021:a2, owaspTop10:a3, owaspTop10:a6, pciDss-3.2:4.1, pciDss-3.2:6.5.3, pciDss-3.2:6.5.4, pciDss-4.0:4.2.1, pciDss-4.0:6.2.4, stig-ASD_V5R3:V-222396"
BenchmarkTest01103.java,java:S5542,true,CRITICAL,"[{'softwareQuality': 'SECURITY', 'severity': 'HIGH'}]","cwe:327, cwe:780, owaspAsvs-4.0:2.9.3, owaspAsvs-4.0:6.2.2, owaspAsvs-4.0:8.3.7, owaspTop10-2021:a2, owaspTop10:a3, owaspTop10:a6, pciDss-3.2:4.1, pciDss-3.2:6.5.3, pciDss-3.2:6.5.4, pciDss-4.0:4.2.1, pciDss-4.0:6.2.4"
BenchmarkTest01103.java,java:S5547,true,CRITICAL,"[{'softwareQuality': 'SECURITY', 'severity': 'HIGH'}]","cwe:326, cwe:327, owaspAsvs-4.0:6.2.2, owaspAsvs-4.0:6.2.3, owaspAsvs-4.0:6.2.5, owaspAsvs-4.0:8.3.7, owaspTop10-2021:a2, owaspTop10:a3, owaspTop10:a6, pciDss-3.2:4.1, pciDss-3.2:6.5.3, pciDss-3.2:6.5.4, pciDss-4.0:4.2.1, pciDss-4.0:6.2.4, stig-ASD_V5R3:V-222396"
BenchmarkTest01105.java,java:S5542,true,CRITICAL,"[{'softwareQuality': 'SECURITY', 'severity': 'HIGH'}]","cwe:327, cwe:780, owaspAsvs-4.0:2.9.3, owaspAsvs-4.0:6.2.2, owaspAsvs-4.0:8.3.7, owaspTop10-2021:a2, owaspTop10:a3, owaspTop10:a6, pciDss-3.2:4.1, pciDss-3.2:6.5.3, pciDss-3.2:6.5.4, pciDss-4.0:4.2.1, pciDss-4.0:6.2.4"
BenchmarkTest01105.java,java:S5547,true,CRITICAL,"[{'softwareQuality': 'SECURITY', 'severity': 'HIGH'}]","cwe:326, cwe:327, owaspAsvs-4.0:6.2.2, owaspAsvs-4.0:6.2.3, owaspAsvs-4.0:6.2.5, owaspAsvs-4.0:8.3.7, owaspTop10-2021:a2, owaspTop10:a3, owaspTop10:a6, pciDss-3.2:4.1, pciDss-3.2:6.5.3, pciDss-3.2:6.5.4, pciDss-4.0:4.2.1, pciDss-4.0:6.2.4, stig-ASD_V5R3:V-222396"
BenchmarkTest01106.java,java:S5542,true,CRITICAL,"[{'softwareQuality': 'SECURITY', 'severity': 'HIGH'}]","cwe:327, cwe:780, owaspAsvs-4.0:2.9.3, owaspAsvs-4.0:6.2.2, owaspAsvs-4.0:8.3.7, owaspTop10-2021:a2, owaspTop10:a3, owaspTop10:a6, pciDss-3.2:4.1, pciDss-3.2:6.5.3, pciDss-3.2:6.5.4, pciDss-4.0:4.2.1, pciDss-4.0:6.2.4"
BenchmarkTest01106.java,java:S5547,true,CRITICAL,"[{'softwareQuality': 'SECURITY', 'severity': 'HIGH'}]","cwe:326, cwe:327, owaspAsvs-4.0:6.2.2, owaspAsvs-4.0:6.2.3, owaspAsvs-4.0:6.2.5, owaspAsvs-4.0:8.3.7, owaspTop10-2021:a2, owaspTop10:a3, owaspTop10:a6, pciDss-3.2:4.1, pciDss-3.2:6.5.3, pciDss-3.2:6.5.4, pciDss-4.0:4.2.1, pciDss-4.0:6.2.4, stig-ASD_V5R3:V-222396"
BenchmarkTest01107.java,java:S5542,true,CRITICAL,"[{'softwareQuality': 'SECURITY', 'severity': 'HIGH'}]","cwe:327, cwe:780, owaspAsvs-4.0:2.9.3, owaspAsvs-4.0:6.2.2, owaspAsvs-4.0:8.3.7, owaspTop10-2021:a2, owaspTop10:a3, owaspTop10:a6, pciDss-3.2:4.1, pciDss-3.2:6.5.3, pciDss-3.2:6.5.4, pciDss-4.0:4.2.1, pciDss-4.0:6.2.4"
BenchmarkTest01107.java,java:S5547,true,CRITICAL,"[{'softwareQuality': 'SECURITY', 'severity': 'HIGH'}]","cwe:326, cwe:327, owaspAsvs-4.0:6.2.2, owaspAsvs-4.0:6.2.3, owaspAsvs-4.0:6.2.5, owaspAsvs-4.0:8.3.7, owaspTop10-2021:a2, owaspTop10:a3, owaspTop10:a6, pciDss-3.2:4.1, pciDss-3.2:6.5.3, pciDss-3.2:6.5.4, pciDss-4.0:4.2.1, pciDss-4.0:6.2.4, stig-ASD_V5R3:V-222396"
BenchmarkTest01108.java,java:S5542,true,CRITICAL,"[{'softwareQuality': 'SECURITY', 'severity': 'HIGH'}]","cwe:327, cwe:780, owaspAsvs-4.0:2.9.3, owaspAsvs-4.0:6.2.2, owaspAsvs-4.0:8.3.7, owaspTop10-2021:a2, owaspTop10:a3, owaspTop10:a6, pciDss-3.2:4.1, pciDss-3.2:6.5.3, pciDss-3.2:6.5.4, pciDss-4.0:4.2.1, pciDss-4.0:6.2.4"
BenchmarkTest01148.java,java:S5542,true,CRITICAL,"[{'softwareQuality': 'SECURITY', 'severity': 'HIGH'}]","cwe:327, cwe:780, owaspAsvs-4.0:2.9.3, owaspAsvs-4.0:6.2.2, owaspAsvs-4.0:8.3.7, owaspTop10-2021:a2, owaspTop10:a3, owaspTop10:a6, pciDss-3.2:4.1, pciDss-3.2:6.5.3, pciDss-3.2:6.5.4, pciDss-4.0:4.2.1, pciDss-4.0:6.2.4"
BenchmarkTest01148.java,java:S5547,true,CRITICAL,"[{'softwareQuality': 'SECURITY', 'severity': 'HIGH'}]","cwe:326, cwe:327, owaspAsvs-4.0:6.2.2, owaspAsvs-4.0:6.2.3, owaspAsvs-4.0:6.2.5, owaspAsvs-4.0:8.3.7, owaspTop10-2021:a2, owaspTop10:a3, owaspTop10:a6, pciDss-3.2:4.1, pciDss-3.2:6.5.3, pciDss-3.2:6.5.4, pciDss-4.0:4.2.1, pciDss-4.0:6.2.4, stig-ASD_V5R3:V-222396"
BenchmarkTest01149.java,java:S5542,true,CRITICAL,"[{'softwareQuality': 'SECURITY', 'severity': 'HIGH'}]","cwe:327, cwe:780, owaspAsvs-4.0:2.9.3, owaspAsvs-4.0:6.2.2, owaspAsvs-4.0:8.3.7, owaspTop10-2021:a2, owaspTop10:a3, owaspTop10:a6, pciDss-3.2:4.1, pciDss-3.2:6.5.3, pciDss-3.2:6.5.4, pciDss-4.0:4.2.1, pciDss-4.0:6.2.4"
BenchmarkTest01149.java,java:S5547,true,CRITICAL,"[{'softwareQuality': 'SECURITY', 'severity': 'HIGH'}]","cwe:326, cwe:327, owaspAsvs-4.0:6.2.2, owaspAsvs-4.0:6.2.3, owaspAsvs-4.0:6.2.5, owaspAsvs-4.0:8.3.7, owaspTop10-2021:a2, owaspTop10:a3, owaspTop10:a6, pciDss-3.2:4.1, pciDss-3.2:6.5.3, pciDss-3.2:6.5.4, pciDss-4.0:4.2.1, pciDss-4.0:6.2.4, stig-ASD_V5R3:V-222396"
BenchmarkTest01150.java,java:S5542,true,CRITICAL,"[{'softwareQuality': 'SECURITY', 'severity': 'HIGH'}]","cwe:327, cwe:780, owaspAsvs-4.0:2.9.3, owaspAsvs-4.0:6.2.2, owaspAsvs-4.0:8.3.7, owaspTop10-2021:a2, owaspTop10:a3, owaspTop10:a6, pciDss-3.2:4.1, pciDss-3.2:6.5.3, pciDss-3.2:6.5.4, pciDss-4.0:4.2.1, pciDss-4.0:6.2.4"
BenchmarkTest01150.java,java:S5547,true,CRITICAL,"[{'softwareQuality': 'SECURITY', 'severity': 'HIGH'}]","cwe:326, cwe:327, owaspAsvs-4.0:6.2.2, owaspAsvs-4.0:6.2.3, owaspAsvs-4.0:6.2.5, owaspAsvs-4.0:8.3.7, owaspTop10-2021:a2, owaspTop10:a3, owaspTop10:a6, pciDss-3.2:4.1, pciDss-3.2:6.5.3, pciDss-3.2:6.5.4, pciDss-4.0:4.2.1, pciDss-4.0:6.2.4, stig-ASD_V5R3:V-222396"
BenchmarkTest01153.java,java:S5542,true,CRITICAL,"[{'softwareQuality': 'SECURITY', 'severity': 'HIGH'}]","cwe:327, cwe:780, owaspAsvs-4.0:2.9.3, owaspAsvs-4.0:6.2.2, owaspAsvs-4.0:8.3.7, owaspTop10-2021:a2, owaspTop10:a3, owaspTop10:a6, pciDss-3.2:4.1, pciDss-3.2:6.5.3, pciDss-3.2:6.5.4, pciDss-4.0:4.2.1, pciDss-4.0:6.2.4"
BenchmarkTest01154.java,javasecurity:S2078,true,BLOCKER,"[{'softwareQuality': 'SECURITY', 'severity': 'BLOCKER'}]","cwe:20, cwe:90, owaspAsvs-4.0:5.1.3, owaspAsvs-4.0:5.1.4, owaspAsvs-4.0:5.3.7, owaspTop10-2021:a3, owaspTop10:a1, pciDss-3.2:6.5.1, pciDss-4.0:6.2.4, stig-ASD_V5R3:V-222609"
BenchmarkTest01155.java,javasecurity:S6549,true,MAJOR,"[{'softwareQuality': 'SECURITY', 'severity': 'MEDIUM'}]","cwe:20, cwe:22, owaspAsvs-4.0:12.3.1, owaspAsvs-4.0:5.1.3, owaspAsvs-4.0:5.1.4, owaspTop10-2021:a1, owaspTop10-2021:a3, owaspTop10:a1, owaspTop10:a5, pciDss-3.2:6.5.8, pciDss-4.0:6.2.4, stig-ASD_V5R3:V-222609"
BenchmarkTest01156.java,javasecurity:S6549,true,MAJOR,"[{'softwareQuality': 'SECURITY', 'severity': 'MEDIUM'}]","cwe:20, cwe:22, owaspAsvs-4.0:12.3.1, owaspAsvs-4.0:5.1.3, owaspAsvs-4.0:5.1.4, owaspTop10-2021:a1, owaspTop10-2021:a3, owaspTop10:a1, owaspTop10:a5, pciDss-3.2:6.5.8, pciDss-4.0:6.2.4, stig-ASD_V5R3:V-222609"
BenchmarkTest01157.java,javasecurity:S6549,true,MAJOR,"[{'softwareQuality': 'SECURITY', 'severity': 'MEDIUM'}]","cwe:20, cwe:22, owaspAsvs-4.0:12.3.1, owaspAsvs-4.0:5.1.3, owaspAsvs-4.0:5.1.4, owaspTop10-2021:a1, owaspTop10-2021:a3, owaspTop10:a1, owaspTop10:a5, pciDss-3.2:6.5.8, pciDss-4.0:6.2.4, stig-ASD_V5R3:V-222609"
BenchmarkTest01160.java,javasecurity:S2083,true,BLOCKER,"[{'softwareQuality': 'SECURITY', 'severity': 'BLOCKER'}]","cwe:20, cwe:22, owaspAsvs-4.0:12.3.1, owaspAsvs-4.0:5.1.3, owaspAsvs-4.0:5.1.4, owaspTop10-2021:a1, owaspTop10-2021:a3, owaspTop10:a1, owaspTop10:a5, pciDss-3.2:6.5.8, pciDss-4.0:6.2.4, stig-ASD_V5R3:V-222609"
BenchmarkTest01161.java,javasecurity:S2083,true,BLOCKER,"[{'softwareQuality': 'SECURITY', 'severity': 'BLOCKER'}]","cwe:20, cwe:22, owaspAsvs-4.0:12.3.1, owaspAsvs-4.0:5.1.3, owaspAsvs-4.0:5.1.4, owaspTop10-2021:a1, owaspTop10-2021:a3, owaspTop10:a1, owaspTop10:a5, pciDss-3.2:6.5.8, pciDss-4.0:6.2.4, stig-ASD_V5R3:V-222609"
BenchmarkTest01171.java,javasecurity:S5131,true,BLOCKER,"[{'softwareQuality': 'SECURITY', 'severity': 'BLOCKER'}]","cwe:79, owaspAsvs-4.0:5.3.3, owaspTop10-2021:a3, owaspTop10:a7, pciDss-3.2:6.5.7, pciDss-4.0:6.2.4, stig-ASD_V5R3:V-222602, stig-ASD_V5R3:V-222609"
BenchmarkTest01172.java,javasecurity:S5131,true,BLOCKER,"[{'softwareQuality': 'SECURITY', 'severity': 'BLOCKER'}]","cwe:79, owaspAsvs-4.0:5.3.3, owaspTop10-2021:a3, owaspTop10:a7, pciDss-3.2:6.5.7, pciDss-4.0:6.2.4, stig-ASD_V5R3:V-222602, stig-ASD_V5R3:V-222609"
BenchmarkTest01173.java,javasecurity:S5131,true,BLOCKER,"[{'softwareQuality': 'SECURITY', 'severity': 'BLOCKER'}]","cwe:79, owaspAsvs-4.0:5.3.3, owaspTop10-2021:a3, owaspTop10:a7, pciDss-3.2:6.5.7, pciDss-4.0:6.2.4, stig-ASD_V5R3:V-222602, stig-ASD_V5R3:V-222609"
BenchmarkTest01174.java,javasecurity:S5131,true,BLOCKER,"[{'softwareQuality': 'SECURITY', 'severity': 'BLOCKER'}]","cwe:79, owaspAsvs-4.0:5.3.3, owaspTop10-2021:a3, owaspTop10:a7, pciDss-3.2:6.5.7, pciDss-4.0:6.2.4, stig-ASD_V5R3:V-222602, stig-ASD_V5R3:V-222609"
BenchmarkTest01176.java,javasecurity:S5131,true,BLOCKER,"[{'softwareQuality': 'SECURITY', 'severity': 'BLOCKER'}]","cwe:79, owaspAsvs-4.0:5.3.3, owaspTop10-2021:a3, owaspTop10:a7, pciDss-3.2:6.5.7, pciDss-4.0:6.2.4, stig-ASD_V5R3:V-222602, stig-ASD_V5R3:V-222609"
BenchmarkTest01177.java,javasecurity:S5131,true,BLOCKER,"[{'softwareQuality': 'SECURITY', 'severity': 'BLOCKER'}]","cwe:79, owaspAsvs-4.0:5.3.3, owaspTop10-2021:a3, owaspTop10:a7, pciDss-3.2:6.5.7, pciDss-4.0:6.2.4, stig-ASD_V5R3:V-222602, stig-ASD_V5R3:V-222609"
BenchmarkTest01178.java,javasecurity:S5131,true,BLOCKER,"[{'softwareQuality': 'SECURITY', 'severity': 'BLOCKER'}]","cwe:79, owaspAsvs-4.0:5.3.3, owaspTop10-2021:a3, owaspTop10:a7, pciDss-3.2:6.5.7, pciDss-4.0:6.2.4, stig-ASD_V5R3:V-222602, stig-ASD_V5R3:V-222609"
BenchmarkTest01179.java,javasecurity:S5131,true,BLOCKER,"[{'softwareQuality': 'SECURITY', 'severity': 'BLOCKER'}]","cwe:79, owaspAsvs-4.0:5.3.3, owaspTop10-2021:a3, owaspTop10:a7, pciDss-3.2:6.5.7, pciDss-4.0:6.2.4, stig-ASD_V5R3:V-222602, stig-ASD_V5R3:V-222609"
BenchmarkTest01180.java,javasecurity:S5131,true,BLOCKER,"[{'softwareQuality': 'SECURITY', 'severity': 'BLOCKER'}]","cwe:79, owaspAsvs-4.0:5.3.3, owaspTop10-2021:a3, owaspTop10:a7, pciDss-3.2:6.5.7, pciDss-4.0:6.2.4, stig-ASD_V5R3:V-222602, stig-ASD_V5R3:V-222609"
BenchmarkTest01181.java,javasecurity:S5131,true,BLOCKER,"[{'softwareQuality': 'SECURITY', 'severity': 'BLOCKER'}]","cwe:79, owaspAsvs-4.0:5.3.3, owaspTop10-2021:a3, owaspTop10:a7, pciDss-3.2:6.5.7, pciDss-4.0:6.2.4, stig-ASD_V5R3:V-222602, stig-ASD_V5R3:V-222609"
BenchmarkTest01190.java,javasecurity:S6547,true,MAJOR,"[{'softwareQuality': 'SECURITY', 'severity': 'MEDIUM'}]","cwe:20, cwe:454, owaspAsvs-4.0:5.1.3, owaspAsvs-4.0:5.1.4, owaspTop10-2021:a3, owaspTop10:a1, stig-ASD_V5R3:V-222609"
BenchmarkTest01191.java,javasecurity:S6547,true,MAJOR,"[{'softwareQuality': 'SECURITY', 'severity': 'MEDIUM'}]","cwe:20, cwe:454, owaspAsvs-4.0:5.1.3, owaspAsvs-4.0:5.1.4, owaspTop10-2021:a3, owaspTop10:a1, stig-ASD_V5R3:V-222609"
BenchmarkTest01192.java,javasecurity:S6547,true,MAJOR,"[{'softwareQuality': 'SECURITY', 'severity': 'MEDIUM'}]","cwe:20, cwe:454, owaspAsvs-4.0:5.1.3, owaspAsvs-4.0:5.1.4, owaspTop10-2021:a3, owaspTop10:a1, stig-ASD_V5R3:V-222609"
BenchmarkTest01194.java,javasecurity:S2076,true,BLOCKER,"[{'softwareQuality': 'SECURITY', 'severity': 'BLOCKER'}]","cwe:20, cwe:78, owaspAsvs-4.0:12.3.5, owaspAsvs-4.0:5.1.3, owaspAsvs-4.0:5.1.4, owaspAsvs-4.0:5.3.8, owaspTop10-2021:a3, owaspTop10:a1, pciDss-3.2:6.5.1, pciDss-4.0:6.2.4, stig-ASD_V5R3:V-222604, stig-ASD_V5R3:V-222609"
BenchmarkTest01208.java,javasecurity:S3649,true,BLOCKER,"[{'softwareQuality': 'SECURITY', 'severity': 'BLOCKER'}]","cwe:20, cwe:89, owaspAsvs-4.0:5.1.3, owaspAsvs-4.0:5.1.4, owaspAsvs-4.0:5.3.4, owaspAsvs-4.0:5.3.5, owaspTop10-2021:a3, owaspTop10:a1, pciDss-3.2:6.5.1, pciDss-4.0:6.2.4, stig-ASD_V5R3:V-222607, stig-ASD_V5R3:V-222609"
BenchmarkTest01209.java,javasecurity:S3649,true,BLOCKER,"[{'softwareQuality': 'SECURITY', 'severity': 'BLOCKER'}]","cwe:20, cwe:89, owaspAsvs-4.0:5.1.3, owaspAsvs-4.0:5.1.4, owaspAsvs-4.0:5.3.4, owaspAsvs-4.0:5.3.5, owaspTop10-2021:a3, owaspTop10:a1, pciDss-3.2:6.5.1, pciDss-4.0:6.2.4, stig-ASD_V5R3:V-222607, stig-ASD_V5R3:V-222609"
BenchmarkTest01210.java,javasecurity:S3649,true,BLOCKER,"[{'softwareQuality': 'SECURITY', 'severity': 'BLOCKER'}]","cwe:20, cwe:89, owaspAsvs-4.0:5.1.3, owaspAsvs-4.0:5.1.4, owaspAsvs-4.0:5.3.4, owaspAsvs-4.0:5.3.5, owaspTop10-2021:a3, owaspTop10:a1, pciDss-3.2:6.5.1, pciDss-4.0:6.2.4, stig-ASD_V5R3:V-222607, stig-ASD_V5R3:V-222609"
BenchmarkTest01211.java,javasecurity:S3649,true,BLOCKER,"[{'softwareQuality': 'SECURITY', 'severity': 'BLOCKER'}]","cwe:20, cwe:89, owaspAsvs-4.0:5.1.3, owaspAsvs-4.0:5.1.4, owaspAsvs-4.0:5.3.4, owaspAsvs-4.0:5.3.5, owaspTop10-2021:a3, owaspTop10:a1, pciDss-3.2:6.5.1, pciDss-4.0:6.2.4, stig-ASD_V5R3:V-222607, stig-ASD_V5R3:V-222609"
BenchmarkTest01213.java,javasecurity:S3649,true,BLOCKER,"[{'softwareQuality': 'SECURITY', 'severity': 'BLOCKER'}]","cwe:20, cwe:89, owaspAsvs-4.0:5.1.3, owaspAsvs-4.0:5.1.4, owaspAsvs-4.0:5.3.4, owaspAsvs-4.0:5.3.5, owaspTop10-2021:a3, owaspTop10:a1, pciDss-3.2:6.5.1, pciDss-4.0:6.2.4, stig-ASD_V5R3:V-222607, stig-ASD_V5R3:V-222609"
BenchmarkTest01214.java,javasecurity:S3649,true,BLOCKER,"[{'softwareQuality': 'SECURITY', 'severity': 'BLOCKER'}]","cwe:20, cwe:89, owaspAsvs-4.0:5.1.3, owaspAsvs-4.0:5.1.4, owaspAsvs-4.0:5.3.4, owaspAsvs-4.0:5.3.5, owaspTop10-2021:a3, owaspTop10:a1, pciDss-3.2:6.5.1, pciDss-4.0:6.2.4, stig-ASD_V5R3:V-222607, stig-ASD_V5R3:V-222609"
BenchmarkTest01215.java,javasecurity:S3649,true,BLOCKER,"[{'softwareQuality': 'SECURITY', 'severity': 'BLOCKER'}]","cwe:20, cwe:89, owaspAsvs-4.0:5.1.3, owaspAsvs-4.0:5.1.4, owaspAsvs-4.0:5.3.4, owaspAsvs-4.0:5.3.5, owaspTop10-2021:a3, owaspTop10:a1, pciDss-3.2:6.5.1, pciDss-4.0:6.2.4, stig-ASD_V5R3:V-222607, stig-ASD_V5R3:V-222609"
BenchmarkTest01218.java,javasecurity:S3649,true,BLOCKER,"[{'softwareQuality': 'SECURITY', 'severity': 'BLOCKER'}]","cwe:20, cwe:89, owaspAsvs-4.0:5.1.3, owaspAsvs-4.0:5.1.4, owaspAsvs-4.0:5.3.4, owaspAsvs-4.0:5.3.5, owaspTop10-2021:a3, owaspTop10:a1, pciDss-3.2:6.5.1, pciDss-4.0:6.2.4, stig-ASD_V5R3:V-222607, stig-ASD_V5R3:V-222609"
BenchmarkTest01220.java,javasecurity:S3649,true,BLOCKER,"[{'softwareQuality': 'SECURITY', 'severity': 'BLOCKER'}]","cwe:20, cwe:89, owaspAsvs-4.0:5.1.3, owaspAsvs-4.0:5.1.4, owaspAsvs-4.0:5.3.4, owaspAsvs-4.0:5.3.5, owaspTop10-2021:a3, owaspTop10:a1, pciDss-3.2:6.5.1, pciDss-4.0:6.2.4, stig-ASD_V5R3:V-222607, stig-ASD_V5R3:V-222609"
BenchmarkTest01221.java,javasecurity:S3649,true,BLOCKER,"[{'softwareQuality': 'SECURITY', 'severity': 'BLOCKER'}]","cwe:20, cwe:89, owaspAsvs-4.0:5.1.3, owaspAsvs-4.0:5.1.4, owaspAsvs-4.0:5.3.4, owaspAsvs-4.0:5.3.5, owaspTop10-2021:a3, owaspTop10:a1, pciDss-3.2:6.5.1, pciDss-4.0:6.2.4, stig-ASD_V5R3:V-222607, stig-ASD_V5R3:V-222609"
BenchmarkTest01222.java,javasecurity:S3649,true,BLOCKER,"[{'softwareQuality': 'SECURITY', 'severity': 'BLOCKER'}]","cwe:20, cwe:89, owaspAsvs-4.0:5.1.3, owaspAsvs-4.0:5.1.4, owaspAsvs-4.0:5.3.4, owaspAsvs-4.0:5.3.5, owaspTop10-2021:a3, owaspTop10:a1, pciDss-3.2:6.5.1, pciDss-4.0:6.2.4, stig-ASD_V5R3:V-222607, stig-ASD_V5R3:V-222609"
BenchmarkTest01223.java,javasecurity:S2091,true,BLOCKER,"[{'softwareQuality': 'SECURITY', 'severity': 'BLOCKER'}]","cwe:20, cwe:643, owaspAsvs-4.0:5.1.3, owaspAsvs-4.0:5.1.4, owaspAsvs-4.0:5.3.10, owaspTop10-2021:a3, owaspTop10:a1, pciDss-3.2:6.5.1, pciDss-4.0:6.2.4, stig-ASD_V5R3:V-222608, stig-ASD_V5R3:V-222609"
BenchmarkTest01224.java,javasecurity:S2091,true,BLOCKER,"[{'softwareQuality': 'SECURITY', 'severity': 'BLOCKER'}]","cwe:20, cwe:643, owaspAsvs-4.0:5.1.3, owaspAsvs-4.0:5.1.4, owaspAsvs-4.0:5.3.10, owaspTop10-2021:a3, owaspTop10:a1, pciDss-3.2:6.5.1, pciDss-4.0:6.2.4, stig-ASD_V5R3:V-222608, stig-ASD_V5R3:V-222609"
BenchmarkTest01225.java,javasecurity:S2091,true,BLOCKER,"[{'softwareQuality': 'SECURITY', 'severity': 'BLOCKER'}]","cwe:20, cwe:643, owaspAsvs-4.0:5.1.3, owaspAsvs-4.0:5.1.4, owaspAsvs-4.0:5.3.10, owaspTop10-2021:a3, owaspTop10:a1, pciDss-3.2:6.5.1, pciDss-4.0:6.2.4, stig-ASD_V5R3:V-222608, stig-ASD_V5R3:V-222609"
BenchmarkTest01228.java,java:S5542,true,CRITICAL,"[{'softwareQuality': 'SECURITY', 'severity': 'HIGH'}]","cwe:327, cwe:780, owaspAsvs-4.0:2.9.3, owaspAsvs-4.0:6.2.2, owaspAsvs-4.0:8.3.7, owaspTop10-2021:a2, owaspTop10:a3, owaspTop10:a6, pciDss-3.2:4.1, pciDss-3.2:6.5.3, pciDss-3.2:6.5.4, pciDss-4.0:4.2.1, pciDss-4.0:6.2.4"
BenchmarkTest01228.java,java:S5547,true,CRITICAL,"[{'softwareQuality': 'SECURITY', 'severity': 'HIGH'}]","cwe:326, cwe:327, owaspAsvs-4.0:6.2.2, owaspAsvs-4.0:6.2.3, owaspAsvs-4.0:6.2.5, owaspAsvs-4.0:8.3.7, owaspTop10-2021:a2, owaspTop10:a3, owaspTop10:a6, pciDss-3.2:4.1, pciDss-3.2:6.5.3, pciDss-3.2:6.5.4, pciDss-4.0:4.2.1, pciDss-4.0:6.2.4, stig-ASD_V5R3:V-222396"
BenchmarkTest01229.java,java:S5542,true,CRITICAL,"[{'softwareQuality': 'SECURITY', 'severity': 'HIGH'}]","cwe:327, cwe:780, owaspAsvs-4.0:2.9.3, owaspAsvs-4.0:6.2.2, owaspAsvs-4.0:8.3.7, owaspTop10-2021:a2, owaspTop10:a3, owaspTop10:a6, pciDss-3.2:4.1, pciDss-3.2:6.5.3, pciDss-3.2:6.5.4, pciDss-4.0:4.2.1, pciDss-4.0:6.2.4"
BenchmarkTest01229.java,java:S5547,true,CRITICAL,"[{'softwareQuality': 'SECURITY', 'severity': 'HIGH'}]","cwe:326, cwe:327, owaspAsvs-4.0:6.2.2, owaspAsvs-4.0:6.2.3, owaspAsvs-4.0:6.2.5, owaspAsvs-4.0:8.3.7, owaspTop10-2021:a2, owaspTop10:a3, owaspTop10:a6, pciDss-3.2:4.1, pciDss-3.2:6.5.3, pciDss-3.2:6.5.4, pciDss-4.0:4.2.1, pciDss-4.0:6.2.4, stig-ASD_V5R3:V-222396"
BenchmarkTest01230.java,java:S5542,true,CRITICAL,"[{'softwareQuality': 'SECURITY', 'severity': 'HIGH'}]","cwe:327, cwe:780, owaspAsvs-4.0:2.9.3, owaspAsvs-4.0:6.2.2, owaspAsvs-4.0:8.3.7, owaspTop10-2021:a2, owaspTop10:a3, owaspTop10:a6, pciDss-3.2:4.1, pciDss-3.2:6.5.3, pciDss-3.2:6.5.4, pciDss-4.0:4.2.1, pciDss-4.0:6.2.4"
BenchmarkTest01230.java,java:S5547,true,CRITICAL,"[{'softwareQuality': 'SECURITY', 'severity': 'HIGH'}]","cwe:326, cwe:327, owaspAsvs-4.0:6.2.2, owaspAsvs-4.0:6.2.3, owaspAsvs-4.0:6.2.5, owaspAsvs-4.0:8.3.7, owaspTop10-2021:a2, owaspTop10:a3, owaspTop10:a6, pciDss-3.2:4.1, pciDss-3.2:6.5.3, pciDss-3.2:6.5.4, pciDss-4.0:4.2.1, pciDss-4.0:6.2.4, stig-ASD_V5R3:V-222396"
BenchmarkTest01231.java,javasecurity:S6549,true,MAJOR,"[{'softwareQuality': 'SECURITY', 'severity': 'MEDIUM'}]","cwe:20, cwe:22, owaspAsvs-4.0:12.3.1, owaspAsvs-4.0:5.1.3, owaspAsvs-4.0:5.1.4, owaspTop10-2021:a1, owaspTop10-2021:a3, owaspTop10:a1, owaspTop10:a5, pciDss-3.2:6.5.8, pciDss-4.0:6.2.4, stig-ASD_V5R3:V-222609"
BenchmarkTest01232.java,javasecurity:S6549,true,MAJOR,"[{'softwareQuality': 'SECURITY', 'severity': 'MEDIUM'}]","cwe:20, cwe:22, owaspAsvs-4.0:12.3.1, owaspAsvs-4.0:5.1.3, owaspAsvs-4.0:5.1.4, owaspTop10-2021:a1, owaspTop10-2021:a3, owaspTop10:a1, owaspTop10:a5, pciDss-3.2:6.5.8, pciDss-4.0:6.2.4, stig-ASD_V5R3:V-222609"
BenchmarkTest01233.java,javasecurity:S6549,true,MAJOR,"[{'softwareQuality': 'SECURITY', 'severity': 'MEDIUM'}]","cwe:20, cwe:22, owaspAsvs-4.0:12.3.1, owaspAsvs-4.0:5.1.3, owaspAsvs-4.0:5.1.4, owaspTop10-2021:a1, owaspTop10-2021:a3, owaspTop10:a1, owaspTop10:a5, pciDss-3.2:6.5.8, pciDss-4.0:6.2.4, stig-ASD_V5R3:V-222609"
BenchmarkTest01234.java,javasecurity:S6549,true,MAJOR,"[{'softwareQuality': 'SECURITY', 'severity': 'MEDIUM'}]","cwe:20, cwe:22, owaspAsvs-4.0:12.3.1, owaspAsvs-4.0:5.1.3, owaspAsvs-4.0:5.1.4, owaspTop10-2021:a1, owaspTop10-2021:a3, owaspTop10:a1, owaspTop10:a5, pciDss-3.2:6.5.8, pciDss-4.0:6.2.4, stig-ASD_V5R3:V-222609"
BenchmarkTest01235.java,javasecurity:S6549,true,MAJOR,"[{'softwareQuality': 'SECURITY', 'severity': 'MEDIUM'}]","cwe:20, cwe:22, owaspAsvs-4.0:12.3.1, owaspAsvs-4.0:5.1.3, owaspAsvs-4.0:5.1.4, owaspTop10-2021:a1, owaspTop10-2021:a3, owaspTop10:a1, owaspTop10:a5, pciDss-3.2:6.5.8, pciDss-4.0:6.2.4, stig-ASD_V5R3:V-222609"
BenchmarkTest01236.java,javasecurity:S6549,true,MAJOR,"[{'softwareQuality': 'SECURITY', 'severity': 'MEDIUM'}]","cwe:20, cwe:22, owaspAsvs-4.0:12.3.1, owaspAsvs-4.0:5.1.3, owaspAsvs-4.0:5.1.4, owaspTop10-2021:a1, owaspTop10-2021:a3, owaspTop10:a1, owaspTop10:a5, pciDss-3.2:6.5.8, pciDss-4.0:6.2.4, stig-ASD_V5R3:V-222609"
BenchmarkTest01237.java,javasecurity:S6549,true,MAJOR,"[{'softwareQuality': 'SECURITY', 'severity': 'MEDIUM'}]","cwe:20, cwe:22, owaspAsvs-4.0:12.3.1, owaspAsvs-4.0:5.1.3, owaspAsvs-4.0:5.1.4, owaspTop10-2021:a1, owaspTop10-2021:a3, owaspTop10:a1, owaspTop10:a5, pciDss-3.2:6.5.8, pciDss-4.0:6.2.4, stig-ASD_V5R3:V-222609"
BenchmarkTest01238.java,javasecurity:S2083,true,BLOCKER,"[{'softwareQuality': 'SECURITY', 'severity': 'BLOCKER'}]","cwe:20, cwe:22, owaspAsvs-4.0:12.3.1, owaspAsvs-4.0:5.1.3, owaspAsvs-4.0:5.1.4, owaspTop10-2021:a1, owaspTop10-2021:a3, owaspTop10:a1, owaspTop10:a5, pciDss-3.2:6.5.8, pciDss-4.0:6.2.4, stig-ASD_V5R3:V-222609"
BenchmarkTest01241.java,javasecurity:S2078,true,BLOCKER,"[{'softwareQuality': 'SECURITY', 'severity': 'BLOCKER'}]","cwe:20, cwe:90, owaspAsvs-4.0:5.1.3, owaspAsvs-4.0:5.1.4, owaspAsvs-4.0:5.3.7, owaspTop10-2021:a3, owaspTop10:a1, pciDss-3.2:6.5.1, pciDss-4.0:6.2.4, stig-ASD_V5R3:V-222609"
BenchmarkTest01242.java,javasecurity:S2078,true,BLOCKER,"[{'softwareQuality': 'SECURITY', 'severity': 'BLOCKER'}]","cwe:20, cwe:90, owaspAsvs-4.0:5.1.3, owaspAsvs-4.0:5.1.4, owaspAsvs-4.0:5.3.7, owaspTop10-2021:a3, owaspTop10:a1, pciDss-3.2:6.5.1, pciDss-4.0:6.2.4, stig-ASD_V5R3:V-222609"
BenchmarkTest01243.java,javasecurity:S2078,true,BLOCKER,"[{'softwareQuality': 'SECURITY', 'severity': 'BLOCKER'}]","cwe:20, cwe:90, owaspAsvs-4.0:5.1.3, owaspAsvs-4.0:5.1.4, owaspAsvs-4.0:5.3.7, owaspTop10-2021:a3, owaspTop10:a1, pciDss-3.2:6.5.1, pciDss-4.0:6.2.4, stig-ASD_V5R3:V-222609"
BenchmarkTest01252.java,javasecurity:S5131,true,BLOCKER,"[{'softwareQuality': 'SECURITY', 'severity': 'BLOCKER'}]","cwe:79, owaspAsvs-4.0:5.3.3, owaspTop10-2021:a3, owaspTop10:a7, pciDss-3.2:6.5.7, pciDss-4.0:6.2.4, stig-ASD_V5R3:V-222602, stig-ASD_V5R3:V-222609"
BenchmarkTest01253.java,javasecurity:S5131,true,BLOCKER,"[{'softwareQuality': 'SECURITY', 'severity': 'BLOCKER'}]","cwe:79, owaspAsvs-4.0:5.3.3, owaspTop10-2021:a3, owaspTop10:a7, pciDss-3.2:6.5.7, pciDss-4.0:6.2.4, stig-ASD_V5R3:V-222602, stig-ASD_V5R3:V-222609"
BenchmarkTest01256.java,javasecurity:S5131,true,BLOCKER,"[{'softwareQuality': 'SECURITY', 'severity': 'BLOCKER'}]","cwe:79, owaspAsvs-4.0:5.3.3, owaspTop10-2021:a3, owaspTop10:a7, pciDss-3.2:6.5.7, pciDss-4.0:6.2.4, stig-ASD_V5R3:V-222602, stig-ASD_V5R3:V-222609"
BenchmarkTest01257.java,javasecurity:S5131,true,BLOCKER,"[{'softwareQuality': 'SECURITY', 'severity': 'BLOCKER'}]","cwe:79, owaspAsvs-4.0:5.3.3, owaspTop10-2021:a3, owaspTop10:a7, pciDss-3.2:6.5.7, pciDss-4.0:6.2.4, stig-ASD_V5R3:V-222602, stig-ASD_V5R3:V-222609"
BenchmarkTest01258.java,javasecurity:S5131,true,BLOCKER,"[{'softwareQuality': 'SECURITY', 'severity': 'BLOCKER'}]","cwe:79, owaspAsvs-4.0:5.3.3, owaspTop10-2021:a3, owaspTop10:a7, pciDss-3.2:6.5.7, pciDss-4.0:6.2.4, stig-ASD_V5R3:V-222602, stig-ASD_V5R3:V-222609"
BenchmarkTest01259.java,javasecurity:S5131,true,BLOCKER,"[{'softwareQuality': 'SECURITY', 'severity': 'BLOCKER'}]","cwe:79, owaspAsvs-4.0:5.3.3, owaspTop10-2021:a3, owaspTop10:a7, pciDss-3.2:6.5.7, pciDss-4.0:6.2.4, stig-ASD_V5R3:V-222602, stig-ASD_V5R3:V-222609"
BenchmarkTest01260.java,javasecurity:S5131,true,BLOCKER,"[{'softwareQuality': 'SECURITY', 'severity': 'BLOCKER'}]","cwe:79, owaspAsvs-4.0:5.3.3, owaspTop10-2021:a3, owaspTop10:a7, pciDss-3.2:6.5.7, pciDss-4.0:6.2.4, stig-ASD_V5R3:V-222602, stig-ASD_V5R3:V-222609"
BenchmarkTest01262.java,javasecurity:S5131,true,BLOCKER,"[{'softwareQuality': 'SECURITY', 'severity': 'BLOCKER'}]","cwe:79, owaspAsvs-4.0:5.3.3, owaspTop10-2021:a3, owaspTop10:a7, pciDss-3.2:6.5.7, pciDss-4.0:6.2.4, stig-ASD_V5R3:V-222602, stig-ASD_V5R3:V-222609"
BenchmarkTest01263.java,javasecurity:S5131,true,BLOCKER,"[{'softwareQuality': 'SECURITY', 'severity': 'BLOCKER'}]","cwe:79, owaspAsvs-4.0:5.3.3, owaspTop10-2021:a3, owaspTop10:a7, pciDss-3.2:6.5.7, pciDss-4.0:6.2.4, stig-ASD_V5R3:V-222602, stig-ASD_V5R3:V-222609"
BenchmarkTest01265.java,javasecurity:S5131,true,BLOCKER,"[{'softwareQuality': 'SECURITY', 'severity': 'BLOCKER'}]","cwe:79, owaspAsvs-4.0:5.3.3, owaspTop10-2021:a3, owaspTop10:a7, pciDss-3.2:6.5.7, pciDss-4.0:6.2.4, stig-ASD_V5R3:V-222602, stig-ASD_V5R3:V-222609"
BenchmarkTest01266.java,javasecurity:S5131,true,BLOCKER,"[{'softwareQuality': 'SECURITY', 'severity': 'BLOCKER'}]","cwe:79, owaspAsvs-4.0:5.3.3, owaspTop10-2021:a3, owaspTop10:a7, pciDss-3.2:6.5.7, pciDss-4.0:6.2.4, stig-ASD_V5R3:V-222602, stig-ASD_V5R3:V-222609"
BenchmarkTest01267.java,javasecurity:S5131,true,BLOCKER,"[{'softwareQuality': 'SECURITY', 'severity': 'BLOCKER'}]","cwe:79, owaspAsvs-4.0:5.3.3, owaspTop10-2021:a3, owaspTop10:a7, pciDss-3.2:6.5.7, pciDss-4.0:6.2.4, stig-ASD_V5R3:V-222602, stig-ASD_V5R3:V-222609"
BenchmarkTest01269.java,javasecurity:S2076,true,BLOCKER,"[{'softwareQuality': 'SECURITY', 'severity': 'BLOCKER'}]","cwe:20, cwe:78, owaspAsvs-4.0:12.3.5, owaspAsvs-4.0:5.1.3, owaspAsvs-4.0:5.1.4, owaspAsvs-4.0:5.3.8, owaspTop10-2021:a3, owaspTop10:a1, pciDss-3.2:6.5.1, pciDss-4.0:6.2.4, stig-ASD_V5R3:V-222604, stig-ASD_V5R3:V-222609"
BenchmarkTest01270.java,javasecurity:S2076,true,BLOCKER,"[{'softwareQuality': 'SECURITY', 'severity': 'BLOCKER'}]","cwe:20, cwe:78, owaspAsvs-4.0:12.3.5, owaspAsvs-4.0:5.1.3, owaspAsvs-4.0:5.1.4, owaspAsvs-4.0:5.3.8, owaspTop10-2021:a3, owaspTop10:a1, pciDss-3.2:6.5.1, pciDss-4.0:6.2.4, stig-ASD_V5R3:V-222604, stig-ASD_V5R3:V-222609"
BenchmarkTest01284.java,javasecurity:S5131,true,BLOCKER,"[{'softwareQuality': 'SECURITY', 'severity': 'BLOCKER'}]","cwe:79, owaspAsvs-4.0:5.3.3, owaspTop10-2021:a3, owaspTop10:a7, pciDss-3.2:6.5.7, pciDss-4.0:6.2.4, stig-ASD_V5R3:V-222602, stig-ASD_V5R3:V-222609"
BenchmarkTest01285.java,javasecurity:S2076,true,BLOCKER,"[{'softwareQuality': 'SECURITY', 'severity': 'BLOCKER'}]","cwe:20, cwe:78, owaspAsvs-4.0:12.3.5, owaspAsvs-4.0:5.1.3, owaspAsvs-4.0:5.1.4, owaspAsvs-4.0:5.3.8, owaspTop10-2021:a3, owaspTop10:a1, pciDss-3.2:6.5.1, pciDss-4.0:6.2.4, stig-ASD_V5R3:V-222604, stig-ASD_V5R3:V-222609"
BenchmarkTest01287.java,javasecurity:S6547,true,MAJOR,"[{'softwareQuality': 'SECURITY', 'severity': 'MEDIUM'}]","cwe:20, cwe:454, owaspAsvs-4.0:5.1.3, owaspAsvs-4.0:5.1.4, owaspTop10-2021:a3, owaspTop10:a1, stig-ASD_V5R3:V-222609"
BenchmarkTest01288.java,javasecurity:S6547,true,MAJOR,"[{'softwareQuality': 'SECURITY', 'severity': 'MEDIUM'}]","cwe:20, cwe:454, owaspAsvs-4.0:5.1.3, owaspAsvs-4.0:5.1.4, owaspTop10-2021:a3, owaspTop10:a1, stig-ASD_V5R3:V-222609"
BenchmarkTest01290.java,javasecurity:S6547,true,MAJOR,"[{'softwareQuality': 'SECURITY', 'severity': 'MEDIUM'}]","cwe:20, cwe:454, owaspAsvs-4.0:5.1.3, owaspAsvs-4.0:5.1.4, owaspTop10-2021:a3, owaspTop10:a1, stig-ASD_V5R3:V-222609"
BenchmarkTest01302.java,javasecurity:S3649,true,BLOCKER,"[{'softwareQuality': 'SECURITY', 'severity': 'BLOCKER'}]","cwe:20, cwe:89, owaspAsvs-4.0:5.1.3, owaspAsvs-4.0:5.1.4, owaspAsvs-4.0:5.3.4, owaspAsvs-4.0:5.3.5, owaspTop10-2021:a3, owaspTop10:a1, pciDss-3.2:6.5.1, pciDss-4.0:6.2.4, stig-ASD_V5R3:V-222607, stig-ASD_V5R3:V-222609"
BenchmarkTest01304.java,javasecurity:S3649,true,BLOCKER,"[{'softwareQuality': 'SECURITY', 'severity': 'BLOCKER'}]","cwe:20, cwe:89, owaspAsvs-4.0:5.1.3, owaspAsvs-4.0:5.1.4, owaspAsvs-4.0:5.3.4, owaspAsvs-4.0:5.3.5, owaspTop10-2021:a3, owaspTop10:a1, pciDss-3.2:6.5.1, pciDss-4.0:6.2.4, stig-ASD_V5R3:V-222607, stig-ASD_V5R3:V-222609"
BenchmarkTest01305.java,javasecurity:S3649,true,BLOCKER,"[{'softwareQuality': 'SECURITY', 'severity': 'BLOCKER'}]","cwe:20, cwe:89, owaspAsvs-4.0:5.1.3, owaspAsvs-4.0:5.1.4, owaspAsvs-4.0:5.3.4, owaspAsvs-4.0:5.3.5, owaspTop10-2021:a3, owaspTop10:a1, pciDss-3.2:6.5.1, pciDss-4.0:6.2.4, stig-ASD_V5R3:V-222607, stig-ASD_V5R3:V-222609"
BenchmarkTest01306.java,javasecurity:S3649,true,BLOCKER,"[{'softwareQuality': 'SECURITY', 'severity': 'BLOCKER'}]","cwe:20, cwe:89, owaspAsvs-4.0:5.1.3, owaspAsvs-4.0:5.1.4, owaspAsvs-4.0:5.3.4, owaspAsvs-4.0:5.3.5, owaspTop10-2021:a3, owaspTop10:a1, pciDss-3.2:6.5.1, pciDss-4.0:6.2.4, stig-ASD_V5R3:V-222607, stig-ASD_V5R3:V-222609"
BenchmarkTest01307.java,javasecurity:S3649,true,BLOCKER,"[{'softwareQuality': 'SECURITY', 'severity': 'BLOCKER'}]","cwe:20, cwe:89, owaspAsvs-4.0:5.1.3, owaspAsvs-4.0:5.1.4, owaspAsvs-4.0:5.3.4, owaspAsvs-4.0:5.3.5, owaspTop10-2021:a3, owaspTop10:a1, pciDss-3.2:6.5.1, pciDss-4.0:6.2.4, stig-ASD_V5R3:V-222607, stig-ASD_V5R3:V-222609"
BenchmarkTest01308.java,javasecurity:S3649,true,BLOCKER,"[{'softwareQuality': 'SECURITY', 'severity': 'BLOCKER'}]","cwe:20, cwe:89, owaspAsvs-4.0:5.1.3, owaspAsvs-4.0:5.1.4, owaspAsvs-4.0:5.3.4, owaspAsvs-4.0:5.3.5, owaspTop10-2021:a3, owaspTop10:a1, pciDss-3.2:6.5.1, pciDss-4.0:6.2.4, stig-ASD_V5R3:V-222607, stig-ASD_V5R3:V-222609"
BenchmarkTest01311.java,javasecurity:S3649,true,BLOCKER,"[{'softwareQuality': 'SECURITY', 'severity': 'BLOCKER'}]","cwe:20, cwe:89, owaspAsvs-4.0:5.1.3, owaspAsvs-4.0:5.1.4, owaspAsvs-4.0:5.3.4, owaspAsvs-4.0:5.3.5, owaspTop10-2021:a3, owaspTop10:a1, pciDss-3.2:6.5.1, pciDss-4.0:6.2.4, stig-ASD_V5R3:V-222607, stig-ASD_V5R3:V-222609"
BenchmarkTest01312.java,javasecurity:S3649,true,BLOCKER,"[{'softwareQuality': 'SECURITY', 'severity': 'BLOCKER'}]","cwe:20, cwe:89, owaspAsvs-4.0:5.1.3, owaspAsvs-4.0:5.1.4, owaspAsvs-4.0:5.3.4, owaspAsvs-4.0:5.3.5, owaspTop10-2021:a3, owaspTop10:a1, pciDss-3.2:6.5.1, pciDss-4.0:6.2.4, stig-ASD_V5R3:V-222607, stig-ASD_V5R3:V-222609"
BenchmarkTest01313.java,javasecurity:S3649,true,BLOCKER,"[{'softwareQuality': 'SECURITY', 'severity': 'BLOCKER'}]","cwe:20, cwe:89, owaspAsvs-4.0:5.1.3, owaspAsvs-4.0:5.1.4, owaspAsvs-4.0:5.3.4, owaspAsvs-4.0:5.3.5, owaspTop10-2021:a3, owaspTop10:a1, pciDss-3.2:6.5.1, pciDss-4.0:6.2.4, stig-ASD_V5R3:V-222607, stig-ASD_V5R3:V-222609"
BenchmarkTest01314.java,javasecurity:S3649,true,BLOCKER,"[{'softwareQuality': 'SECURITY', 'severity': 'BLOCKER'}]","cwe:20, cwe:89, owaspAsvs-4.0:5.1.3, owaspAsvs-4.0:5.1.4, owaspAsvs-4.0:5.3.4, owaspAsvs-4.0:5.3.5, owaspTop10-2021:a3, owaspTop10:a1, pciDss-3.2:6.5.1, pciDss-4.0:6.2.4, stig-ASD_V5R3:V-222607, stig-ASD_V5R3:V-222609"
BenchmarkTest01315.java,javasecurity:S3649,true,BLOCKER,"[{'softwareQuality': 'SECURITY', 'severity': 'BLOCKER'}]","cwe:20, cwe:89, owaspAsvs-4.0:5.1.3, owaspAsvs-4.0:5.1.4, owaspAsvs-4.0:5.3.4, owaspAsvs-4.0:5.3.5, owaspTop10-2021:a3, owaspTop10:a1, pciDss-3.2:6.5.1, pciDss-4.0:6.2.4, stig-ASD_V5R3:V-222607, stig-ASD_V5R3:V-222609"
BenchmarkTest01316.java,javasecurity:S2091,true,BLOCKER,"[{'softwareQuality': 'SECURITY', 'severity': 'BLOCKER'}]","cwe:20, cwe:643, owaspAsvs-4.0:5.1.3, owaspAsvs-4.0:5.1.4, owaspAsvs-4.0:5.3.10, owaspTop10-2021:a3, owaspTop10:a1, pciDss-3.2:6.5.1, pciDss-4.0:6.2.4, stig-ASD_V5R3:V-222608, stig-ASD_V5R3:V-222609"
BenchmarkTest01317.java,java:S5542,true,CRITICAL,"[{'softwareQuality': 'SECURITY', 'severity': 'HIGH'}]","cwe:327, cwe:780, owaspAsvs-4.0:2.9.3, owaspAsvs-4.0:6.2.2, owaspAsvs-4.0:8.3.7, owaspTop10-2021:a2, owaspTop10:a3, owaspTop10:a6, pciDss-3.2:4.1, pciDss-3.2:6.5.3, pciDss-3.2:6.5.4, pciDss-4.0:4.2.1, pciDss-4.0:6.2.4"
BenchmarkTest01317.java,java:S5547,true,CRITICAL,"[{'softwareQuality': 'SECURITY', 'severity': 'HIGH'}]","cwe:326, cwe:327, owaspAsvs-4.0:6.2.2, owaspAsvs-4.0:6.2.3, owaspAsvs-4.0:6.2.5, owaspAsvs-4.0:8.3.7, owaspTop10-2021:a2, owaspTop10:a3, owaspTop10:a6, pciDss-3.2:4.1, pciDss-3.2:6.5.3, pciDss-3.2:6.5.4, pciDss-4.0:4.2.1, pciDss-4.0:6.2.4, stig-ASD_V5R3:V-222396"
BenchmarkTest01318.java,java:S5542,true,CRITICAL,"[{'softwareQuality': 'SECURITY', 'severity': 'HIGH'}]","cwe:327, cwe:780, owaspAsvs-4.0:2.9.3, owaspAsvs-4.0:6.2.2, owaspAsvs-4.0:8.3.7, owaspTop10-2021:a2, owaspTop10:a3, owaspTop10:a6, pciDss-3.2:4.1, pciDss-3.2:6.5.3, pciDss-3.2:6.5.4, pciDss-4.0:4.2.1, pciDss-4.0:6.2.4"
BenchmarkTest01318.java,java:S5547,true,CRITICAL,"[{'softwareQuality': 'SECURITY', 'severity': 'HIGH'}]","cwe:326, cwe:327, owaspAsvs-4.0:6.2.2, owaspAsvs-4.0:6.2.3, owaspAsvs-4.0:6.2.5, owaspAsvs-4.0:8.3.7, owaspTop10-2021:a2, owaspTop10:a3, owaspTop10:a6, pciDss-3.2:4.1, pciDss-3.2:6.5.3, pciDss-3.2:6.5.4, pciDss-4.0:4.2.1, pciDss-4.0:6.2.4, stig-ASD_V5R3:V-222396"
BenchmarkTest01320.java,java:S5542,true,CRITICAL,"[{'softwareQuality': 'SECURITY', 'severity': 'HIGH'}]","cwe:327, cwe:780, owaspAsvs-4.0:2.9.3, owaspAsvs-4.0:6.2.2, owaspAsvs-4.0:8.3.7, owaspTop10-2021:a2, owaspTop10:a3, owaspTop10:a6, pciDss-3.2:4.1, pciDss-3.2:6.5.3, pciDss-3.2:6.5.4, pciDss-4.0:4.2.1, pciDss-4.0:6.2.4"
BenchmarkTest01320.java,java:S5547,true,CRITICAL,"[{'softwareQuality': 'SECURITY', 'severity': 'HIGH'}]","cwe:326, cwe:327, owaspAsvs-4.0:6.2.2, owaspAsvs-4.0:6.2.3, owaspAsvs-4.0:6.2.5, owaspAsvs-4.0:8.3.7, owaspTop10-2021:a2, owaspTop10:a3, owaspTop10:a6, pciDss-3.2:4.1, pciDss-3.2:6.5.3, pciDss-3.2:6.5.4, pciDss-4.0:4.2.1, pciDss-4.0:6.2.4, stig-ASD_V5R3:V-222396"
BenchmarkTest01322.java,java:S5542,true,CRITICAL,"[{'softwareQuality': 'SECURITY', 'severity': 'HIGH'}]","cwe:327, cwe:780, owaspAsvs-4.0:2.9.3, owaspAsvs-4.0:6.2.2, owaspAsvs-4.0:8.3.7, owaspTop10-2021:a2, owaspTop10:a3, owaspTop10:a6, pciDss-3.2:4.1, pciDss-3.2:6.5.3, pciDss-3.2:6.5.4, pciDss-4.0:4.2.1, pciDss-4.0:6.2.4"
BenchmarkTest01322.java,java:S5547,true,CRITICAL,"[{'softwareQuality': 'SECURITY', 'severity': 'HIGH'}]","cwe:326, cwe:327, owaspAsvs-4.0:6.2.2, owaspAsvs-4.0:6.2.3, owaspAsvs-4.0:6.2.5, owaspAsvs-4.0:8.3.7, owaspTop10-2021:a2, owaspTop10:a3, owaspTop10:a6, pciDss-3.2:4.1, pciDss-3.2:6.5.3, pciDss-3.2:6.5.4, pciDss-4.0:4.2.1, pciDss-4.0:6.2.4, stig-ASD_V5R3:V-222396"
BenchmarkTest01323.java,java:S5542,true,CRITICAL,"[{'softwareQuality': 'SECURITY', 'severity': 'HIGH'}]","cwe:327, cwe:780, owaspAsvs-4.0:2.9.3, owaspAsvs-4.0:6.2.2, owaspAsvs-4.0:8.3.7, owaspTop10-2021:a2, owaspTop10:a3, owaspTop10:a6, pciDss-3.2:4.1, pciDss-3.2:6.5.3, pciDss-3.2:6.5.4, pciDss-4.0:4.2.1, pciDss-4.0:6.2.4"
BenchmarkTest01323.java,java:S5547,true,CRITICAL,"[{'softwareQuality': 'SECURITY', 'severity': 'HIGH'}]","cwe:326, cwe:327, owaspAsvs-4.0:6.2.2, owaspAsvs-4.0:6.2.3, owaspAsvs-4.0:6.2.5, owaspAsvs-4.0:8.3.7, owaspTop10-2021:a2, owaspTop10:a3, owaspTop10:a6, pciDss-3.2:4.1, pciDss-3.2:6.5.3, pciDss-3.2:6.5.4, pciDss-4.0:4.2.1, pciDss-4.0:6.2.4, stig-ASD_V5R3:V-222396"
BenchmarkTest01325.java,java:S5542,true,CRITICAL,"[{'softwareQuality': 'SECURITY', 'severity': 'HIGH'}]","cwe:327, cwe:780, owaspAsvs-4.0:2.9.3, owaspAsvs-4.0:6.2.2, owaspAsvs-4.0:8.3.7, owaspTop10-2021:a2, owaspTop10:a3, owaspTop10:a6, pciDss-3.2:4.1, pciDss-3.2:6.5.3, pciDss-3.2:6.5.4, pciDss-4.0:4.2.1, pciDss-4.0:6.2.4"
BenchmarkTest01325.java,java:S5547,true,CRITICAL,"[{'softwareQuality': 'SECURITY', 'severity': 'HIGH'}]","cwe:326, cwe:327, owaspAsvs-4.0:6.2.2, owaspAsvs-4.0:6.2.3, owaspAsvs-4.0:6.2.5, owaspAsvs-4.0:8.3.7, owaspTop10-2021:a2, owaspTop10:a3, owaspTop10:a6, pciDss-3.2:4.1, pciDss-3.2:6.5.3, pciDss-3.2:6.5.4, pciDss-4.0:4.2.1, pciDss-4.0:6.2.4, stig-ASD_V5R3:V-222396"
BenchmarkTest01326.java,javasecurity:S2078,true,BLOCKER,"[{'softwareQuality': 'SECURITY', 'severity': 'BLOCKER'}]","cwe:20, cwe:90, owaspAsvs-4.0:5.1.3, owaspAsvs-4.0:5.1.4, owaspAsvs-4.0:5.3.7, owaspTop10-2021:a3, owaspTop10:a1, pciDss-3.2:6.5.1, pciDss-4.0:6.2.4, stig-ASD_V5R3:V-222609"
BenchmarkTest01330.java,javasecurity:S2083,true,BLOCKER,"[{'softwareQuality': 'SECURITY', 'severity': 'BLOCKER'}]","cwe:20, cwe:22, owaspAsvs-4.0:12.3.1, owaspAsvs-4.0:5.1.3, owaspAsvs-4.0:5.1.4, owaspTop10-2021:a1, owaspTop10-2021:a3, owaspTop10:a1, owaspTop10:a5, pciDss-3.2:6.5.8, pciDss-4.0:6.2.4, stig-ASD_V5R3:V-222609"
BenchmarkTest01335.java,javasecurity:S5131,true,BLOCKER,"[{'softwareQuality': 'SECURITY', 'severity': 'BLOCKER'}]","cwe:79, owaspAsvs-4.0:5.3.3, owaspTop10-2021:a3, owaspTop10:a7, pciDss-3.2:6.5.7, pciDss-4.0:6.2.4, stig-ASD_V5R3:V-222602, stig-ASD_V5R3:V-222609"
BenchmarkTest01336.java,javasecurity:S5131,true,BLOCKER,"[{'softwareQuality': 'SECURITY', 'severity': 'BLOCKER'}]","cwe:79, owaspAsvs-4.0:5.3.3, owaspTop10-2021:a3, owaspTop10:a7, pciDss-3.2:6.5.7, pciDss-4.0:6.2.4, stig-ASD_V5R3:V-222602, stig-ASD_V5R3:V-222609"
BenchmarkTest01337.java,javasecurity:S5131,true,BLOCKER,"[{'softwareQuality': 'SECURITY', 'severity': 'BLOCKER'}]","cwe:79, owaspAsvs-4.0:5.3.3, owaspTop10-2021:a3, owaspTop10:a7, pciDss-3.2:6.5.7, pciDss-4.0:6.2.4, stig-ASD_V5R3:V-222602, stig-ASD_V5R3:V-222609"
BenchmarkTest01344.java,javasecurity:S5131,true,BLOCKER,"[{'softwareQuality': 'SECURITY', 'severity': 'BLOCKER'}]","cwe:79, owaspAsvs-4.0:5.3.3, owaspTop10-2021:a3, owaspTop10:a7, pciDss-3.2:6.5.7, pciDss-4.0:6.2.4, stig-ASD_V5R3:V-222602, stig-ASD_V5R3:V-222609"
BenchmarkTest01345.java,javasecurity:S5131,true,BLOCKER,"[{'softwareQuality': 'SECURITY', 'severity': 'BLOCKER'}]","cwe:79, owaspAsvs-4.0:5.3.3, owaspTop10-2021:a3, owaspTop10:a7, pciDss-3.2:6.5.7, pciDss-4.0:6.2.4, stig-ASD_V5R3:V-222602, stig-ASD_V5R3:V-222609"
BenchmarkTest01346.java,javasecurity:S5131,true,BLOCKER,"[{'softwareQuality': 'SECURITY', 'severity': 'BLOCKER'}]","cwe:79, owaspAsvs-4.0:5.3.3, owaspTop10-2021:a3, owaspTop10:a7, pciDss-3.2:6.5.7, pciDss-4.0:6.2.4, stig-ASD_V5R3:V-222602, stig-ASD_V5R3:V-222609"
BenchmarkTest01349.java,javasecurity:S5131,true,BLOCKER,"[{'softwareQuality': 'SECURITY', 'severity': 'BLOCKER'}]","cwe:79, owaspAsvs-4.0:5.3.3, owaspTop10-2021:a3, owaspTop10:a7, pciDss-3.2:6.5.7, pciDss-4.0:6.2.4, stig-ASD_V5R3:V-222602, stig-ASD_V5R3:V-222609"
BenchmarkTest01350.java,javasecurity:S5131,true,BLOCKER,"[{'softwareQuality': 'SECURITY', 'severity': 'BLOCKER'}]","cwe:79, owaspAsvs-4.0:5.3.3, owaspTop10-2021:a3, owaspTop10:a7, pciDss-3.2:6.5.7, pciDss-4.0:6.2.4, stig-ASD_V5R3:V-222602, stig-ASD_V5R3:V-222609"
BenchmarkTest01360.java,javasecurity:S2076,true,BLOCKER,"[{'softwareQuality': 'SECURITY', 'severity': 'BLOCKER'}]","cwe:20, cwe:78, owaspAsvs-4.0:12.3.5, owaspAsvs-4.0:5.1.3, owaspAsvs-4.0:5.1.4, owaspAsvs-4.0:5.3.8, owaspTop10-2021:a3, owaspTop10:a1, pciDss-3.2:6.5.1, pciDss-4.0:6.2.4, stig-ASD_V5R3:V-222604, stig-ASD_V5R3:V-222609"
BenchmarkTest01361.java,javasecurity:S6547,true,MAJOR,"[{'softwareQuality': 'SECURITY', 'severity': 'MEDIUM'}]","cwe:20, cwe:454, owaspAsvs-4.0:5.1.3, owaspAsvs-4.0:5.1.4, owaspTop10-2021:a3, owaspTop10:a1, stig-ASD_V5R3:V-222609"
BenchmarkTest01363.java,javasecurity:S6547,true,MAJOR,"[{'softwareQuality': 'SECURITY', 'severity': 'MEDIUM'}]","cwe:20, cwe:454, owaspAsvs-4.0:5.1.3, owaspAsvs-4.0:5.1.4, owaspTop10-2021:a3, owaspTop10:a1, stig-ASD_V5R3:V-222609"
BenchmarkTest01364.java,javasecurity:S6547,true,MAJOR,"[{'softwareQuality': 'SECURITY', 'severity': 'MEDIUM'}]","cwe:20, cwe:454, owaspAsvs-4.0:5.1.3, owaspAsvs-4.0:5.1.4, owaspTop10-2021:a3, owaspTop10:a1, stig-ASD_V5R3:V-222609"
BenchmarkTest01365.java,javasecurity:S2076,true,BLOCKER,"[{'softwareQuality': 'SECURITY', 'severity': 'BLOCKER'}]","cwe:20, cwe:78, owaspAsvs-4.0:12.3.5, owaspAsvs-4.0:5.1.3, owaspAsvs-4.0:5.1.4, owaspAsvs-4.0:5.3.8, owaspTop10-2021:a3, owaspTop10:a1, pciDss-3.2:6.5.1, pciDss-4.0:6.2.4, stig-ASD_V5R3:V-222604, stig-ASD_V5R3:V-222609"
BenchmarkTest01379.java,javasecurity:S3649,true,BLOCKER,"[{'softwareQuality': 'SECURITY', 'severity': 'BLOCKER'}]","cwe:20, cwe:89, owaspAsvs-4.0:5.1.3, owaspAsvs-4.0:5.1.4, owaspAsvs-4.0:5.3.4, owaspAsvs-4.0:5.3.5, owaspTop10-2021:a3, owaspTop10:a1, pciDss-3.2:6.5.1, pciDss-4.0:6.2.4, stig-ASD_V5R3:V-222607, stig-ASD_V5R3:V-222609"
BenchmarkTest01380.java,javasecurity:S3649,true,BLOCKER,"[{'softwareQuality': 'SECURITY', 'severity': 'BLOCKER'}]","cwe:20, cwe:89, owaspAsvs-4.0:5.1.3, owaspAsvs-4.0:5.1.4, owaspAsvs-4.0:5.3.4, owaspAsvs-4.0:5.3.5, owaspTop10-2021:a3, owaspTop10:a1, pciDss-3.2:6.5.1, pciDss-4.0:6.2.4, stig-ASD_V5R3:V-222607, stig-ASD_V5R3:V-222609"
BenchmarkTest01381.java,javasecurity:S3649,true,BLOCKER,"[{'softwareQuality': 'SECURITY', 'severity': 'BLOCKER'}]","cwe:20, cwe:89, owaspAsvs-4.0:5.1.3, owaspAsvs-4.0:5.1.4, owaspAsvs-4.0:5.3.4, owaspAsvs-4.0:5.3.5, owaspTop10-2021:a3, owaspTop10:a1, pciDss-3.2:6.5.1, pciDss-4.0:6.2.4, stig-ASD_V5R3:V-222607, stig-ASD_V5R3:V-222609"
BenchmarkTest01382.java,javasecurity:S3649,true,BLOCKER,"[{'softwareQuality': 'SECURITY', 'severity': 'BLOCKER'}]","cwe:20, cwe:89, owaspAsvs-4.0:5.1.3, owaspAsvs-4.0:5.1.4, owaspAsvs-4.0:5.3.4, owaspAsvs-4.0:5.3.5, owaspTop10-2021:a3, owaspTop10:a1, pciDss-3.2:6.5.1, pciDss-4.0:6.2.4, stig-ASD_V5R3:V-222607, stig-ASD_V5R3:V-222609"
BenchmarkTest01383.java,javasecurity:S3649,true,BLOCKER,"[{'softwareQuality': 'SECURITY', 'severity': 'BLOCKER'}]","cwe:20, cwe:89, owaspAsvs-4.0:5.1.3, owaspAsvs-4.0:5.1.4, owaspAsvs-4.0:5.3.4, owaspAsvs-4.0:5.3.5, owaspTop10-2021:a3, owaspTop10:a1, pciDss-3.2:6.5.1, pciDss-4.0:6.2.4, stig-ASD_V5R3:V-222607, stig-ASD_V5R3:V-222609"
BenchmarkTest01384.java,javasecurity:S3649,true,BLOCKER,"[{'softwareQuality': 'SECURITY', 'severity': 'BLOCKER'}]","cwe:20, cwe:89, owaspAsvs-4.0:5.1.3, owaspAsvs-4.0:5.1.4, owaspAsvs-4.0:5.3.4, owaspAsvs-4.0:5.3.5, owaspTop10-2021:a3, owaspTop10:a1, pciDss-3.2:6.5.1, pciDss-4.0:6.2.4, stig-ASD_V5R3:V-222607, stig-ASD_V5R3:V-222609"
BenchmarkTest01385.java,javasecurity:S3649,true,BLOCKER,"[{'softwareQuality': 'SECURITY', 'severity': 'BLOCKER'}]","cwe:20, cwe:89, owaspAsvs-4.0:5.1.3, owaspAsvs-4.0:5.1.4, owaspAsvs-4.0:5.3.4, owaspAsvs-4.0:5.3.5, owaspTop10-2021:a3, owaspTop10:a1, pciDss-3.2:6.5.1, pciDss-4.0:6.2.4, stig-ASD_V5R3:V-222607, stig-ASD_V5R3:V-222609"
BenchmarkTest01387.java,javasecurity:S3649,true,BLOCKER,"[{'softwareQuality': 'SECURITY', 'severity': 'BLOCKER'}]","cwe:20, cwe:89, owaspAsvs-4.0:5.1.3, owaspAsvs-4.0:5.1.4, owaspAsvs-4.0:5.3.4, owaspAsvs-4.0:5.3.5, owaspTop10-2021:a3, owaspTop10:a1, pciDss-3.2:6.5.1, pciDss-4.0:6.2.4, stig-ASD_V5R3:V-222607, stig-ASD_V5R3:V-222609"
BenchmarkTest01388.java,javasecurity:S3649,true,BLOCKER,"[{'softwareQuality': 'SECURITY', 'severity': 'BLOCKER'}]","cwe:20, cwe:89, owaspAsvs-4.0:5.1.3, owaspAsvs-4.0:5.1.4, owaspAsvs-4.0:5.3.4, owaspAsvs-4.0:5.3.5, owaspTop10-2021:a3, owaspTop10:a1, pciDss-3.2:6.5.1, pciDss-4.0:6.2.4, stig-ASD_V5R3:V-222607, stig-ASD_V5R3:V-222609"
BenchmarkTest01389.java,javasecurity:S3649,true,BLOCKER,"[{'softwareQuality': 'SECURITY', 'severity': 'BLOCKER'}]","cwe:20, cwe:89, owaspAsvs-4.0:5.1.3, owaspAsvs-4.0:5.1.4, owaspAsvs-4.0:5.3.4, owaspAsvs-4.0:5.3.5, owaspTop10-2021:a3, owaspTop10:a1, pciDss-3.2:6.5.1, pciDss-4.0:6.2.4, stig-ASD_V5R3:V-222607, stig-ASD_V5R3:V-222609"
BenchmarkTest01390.java,javasecurity:S3649,true,BLOCKER,"[{'softwareQuality': 'SECURITY', 'severity': 'BLOCKER'}]","cwe:20, cwe:89, owaspAsvs-4.0:5.1.3, owaspAsvs-4.0:5.1.4, owaspAsvs-4.0:5.3.4, owaspAsvs-4.0:5.3.5, owaspTop10-2021:a3, owaspTop10:a1, pciDss-3.2:6.5.1, pciDss-4.0:6.2.4, stig-ASD_V5R3:V-222607, stig-ASD_V5R3:V-222609"
BenchmarkTest01391.java,javasecurity:S3649,true,BLOCKER,"[{'softwareQuality': 'SECURITY', 'severity': 'BLOCKER'}]","cwe:20, cwe:89, owaspAsvs-4.0:5.1.3, owaspAsvs-4.0:5.1.4, owaspAsvs-4.0:5.3.4, owaspAsvs-4.0:5.3.5, owaspTop10-2021:a3, owaspTop10:a1, pciDss-3.2:6.5.1, pciDss-4.0:6.2.4, stig-ASD_V5R3:V-222607, stig-ASD_V5R3:V-222609"
BenchmarkTest01392.java,javasecurity:S3649,true,BLOCKER,"[{'softwareQuality': 'SECURITY', 'severity': 'BLOCKER'}]","cwe:20, cwe:89, owaspAsvs-4.0:5.1.3, owaspAsvs-4.0:5.1.4, owaspAsvs-4.0:5.3.4, owaspAsvs-4.0:5.3.5, owaspTop10-2021:a3, owaspTop10:a1, pciDss-3.2:6.5.1, pciDss-4.0:6.2.4, stig-ASD_V5R3:V-222607, stig-ASD_V5R3:V-222609"
BenchmarkTest01394.java,javasecurity:S3649,true,BLOCKER,"[{'softwareQuality': 'SECURITY', 'severity': 'BLOCKER'}]","cwe:20, cwe:89, owaspAsvs-4.0:5.1.3, owaspAsvs-4.0:5.1.4, owaspAsvs-4.0:5.3.4, owaspAsvs-4.0:5.3.5, owaspTop10-2021:a3, owaspTop10:a1, pciDss-3.2:6.5.1, pciDss-4.0:6.2.4, stig-ASD_V5R3:V-222607, stig-ASD_V5R3:V-222609"
BenchmarkTest01395.java,javasecurity:S3649,true,BLOCKER,"[{'softwareQuality': 'SECURITY', 'severity': 'BLOCKER'}]","cwe:20, cwe:89, owaspAsvs-4.0:5.1.3, owaspAsvs-4.0:5.1.4, owaspAsvs-4.0:5.3.4, owaspAsvs-4.0:5.3.5, owaspTop10-2021:a3, owaspTop10:a1, pciDss-3.2:6.5.1, pciDss-4.0:6.2.4, stig-ASD_V5R3:V-222607, stig-ASD_V5R3:V-222609"
BenchmarkTest01396.java,javasecurity:S3649,true,BLOCKER,"[{'softwareQuality': 'SECURITY', 'severity': 'BLOCKER'}]","cwe:20, cwe:89, owaspAsvs-4.0:5.1.3, owaspAsvs-4.0:5.1.4, owaspAsvs-4.0:5.3.4, owaspAsvs-4.0:5.3.5, owaspTop10-2021:a3, owaspTop10:a1, pciDss-3.2:6.5.1, pciDss-4.0:6.2.4, stig-ASD_V5R3:V-222607, stig-ASD_V5R3:V-222609"
BenchmarkTest01397.java,javasecurity:S2091,true,BLOCKER,"[{'softwareQuality': 'SECURITY', 'severity': 'BLOCKER'}]","cwe:20, cwe:643, owaspAsvs-4.0:5.1.3, owaspAsvs-4.0:5.1.4, owaspAsvs-4.0:5.3.10, owaspTop10-2021:a3, owaspTop10:a1, pciDss-3.2:6.5.1, pciDss-4.0:6.2.4, stig-ASD_V5R3:V-222608, stig-ASD_V5R3:V-222609"
BenchmarkTest01398.java,java:S5542,true,CRITICAL,"[{'softwareQuality': 'SECURITY', 'severity': 'HIGH'}]","cwe:327, cwe:780, owaspAsvs-4.0:2.9.3, owaspAsvs-4.0:6.2.2, owaspAsvs-4.0:8.3.7, owaspTop10-2021:a2, owaspTop10:a3, owaspTop10:a6, pciDss-3.2:4.1, pciDss-3.2:6.5.3, pciDss-3.2:6.5.4, pciDss-4.0:4.2.1, pciDss-4.0:6.2.4"
BenchmarkTest01398.java,java:S5547,true,CRITICAL,"[{'softwareQuality': 'SECURITY', 'severity': 'HIGH'}]","cwe:326, cwe:327, owaspAsvs-4.0:6.2.2, owaspAsvs-4.0:6.2.3, owaspAsvs-4.0:6.2.5, owaspAsvs-4.0:8.3.7, owaspTop10-2021:a2, owaspTop10:a3, owaspTop10:a6, pciDss-3.2:4.1, pciDss-3.2:6.5.3, pciDss-3.2:6.5.4, pciDss-4.0:4.2.1, pciDss-4.0:6.2.4, stig-ASD_V5R3:V-222396"
BenchmarkTest01401.java,java:S5542,true,CRITICAL,"[{'softwareQuality': 'SECURITY', 'severity': 'HIGH'}]","cwe:327, cwe:780, owaspAsvs-4.0:2.9.3, owaspAsvs-4.0:6.2.2, owaspAsvs-4.0:8.3.7, owaspTop10-2021:a2, owaspTop10:a3, owaspTop10:a6, pciDss-3.2:4.1, pciDss-3.2:6.5.3, pciDss-3.2:6.5.4, pciDss-4.0:4.2.1, pciDss-4.0:6.2.4"
BenchmarkTest01402.java,javasecurity:S2078,true,BLOCKER,"[{'softwareQuality': 'SECURITY', 'severity': 'BLOCKER'}]","cwe:20, cwe:90, owaspAsvs-4.0:5.1.3, owaspAsvs-4.0:5.1.4, owaspAsvs-4.0:5.3.7, owaspTop10-2021:a3, owaspTop10:a1, pciDss-3.2:6.5.1, pciDss-4.0:6.2.4, stig-ASD_V5R3:V-222609"
BenchmarkTest01403.java,javasecurity:S6549,true,MAJOR,"[{'softwareQuality': 'SECURITY', 'severity': 'MEDIUM'}]","cwe:20, cwe:22, owaspAsvs-4.0:12.3.1, owaspAsvs-4.0:5.1.3, owaspAsvs-4.0:5.1.4, owaspTop10-2021:a1, owaspTop10-2021:a3, owaspTop10:a1, owaspTop10:a5, pciDss-3.2:6.5.8, pciDss-4.0:6.2.4, stig-ASD_V5R3:V-222609"
BenchmarkTest01405.java,javasecurity:S2083,true,BLOCKER,"[{'softwareQuality': 'SECURITY', 'severity': 'BLOCKER'}]","cwe:20, cwe:22, owaspAsvs-4.0:12.3.1, owaspAsvs-4.0:5.1.3, owaspAsvs-4.0:5.1.4, owaspTop10-2021:a1, owaspTop10-2021:a3, owaspTop10:a1, owaspTop10:a5, pciDss-3.2:6.5.8, pciDss-4.0:6.2.4, stig-ASD_V5R3:V-222609"
BenchmarkTest01406.java,javasecurity:S2083,true,BLOCKER,"[{'softwareQuality': 'SECURITY', 'severity': 'BLOCKER'}]","cwe:20, cwe:22, owaspAsvs-4.0:12.3.1, owaspAsvs-4.0:5.1.3, owaspAsvs-4.0:5.1.4, owaspTop10-2021:a1, owaspTop10-2021:a3, owaspTop10:a1, owaspTop10:a5, pciDss-3.2:6.5.8, pciDss-4.0:6.2.4, stig-ASD_V5R3:V-222609"
BenchmarkTest01407.java,javasecurity:S2083,true,BLOCKER,"[{'softwareQuality': 'SECURITY', 'severity': 'BLOCKER'}]","cwe:20, cwe:22, owaspAsvs-4.0:12.3.1, owaspAsvs-4.0:5.1.3, owaspAsvs-4.0:5.1.4, owaspTop10-2021:a1, owaspTop10-2021:a3, owaspTop10:a1, owaspTop10:a5, pciDss-3.2:6.5.8, pciDss-4.0:6.2.4, stig-ASD_V5R3:V-222609"
BenchmarkTest01408.java,javasecurity:S2083,true,BLOCKER,"[{'softwareQuality': 'SECURITY', 'severity': 'BLOCKER'}]","cwe:20, cwe:22, owaspAsvs-4.0:12.3.1, owaspAsvs-4.0:5.1.3, owaspAsvs-4.0:5.1.4, owaspTop10-2021:a1, owaspTop10-2021:a3, owaspTop10:a1, owaspTop10:a5, pciDss-3.2:6.5.8, pciDss-4.0:6.2.4, stig-ASD_V5R3:V-222609"
BenchmarkTest01417.java,javasecurity:S5131,true,BLOCKER,"[{'softwareQuality': 'SECURITY', 'severity': 'BLOCKER'}]","cwe:79, owaspAsvs-4.0:5.3.3, owaspTop10-2021:a3, owaspTop10:a7, pciDss-3.2:6.5.7, pciDss-4.0:6.2.4, stig-ASD_V5R3:V-222602, stig-ASD_V5R3:V-222609"
BenchmarkTest01418.java,javasecurity:S5131,true,BLOCKER,"[{'softwareQuality': 'SECURITY', 'severity': 'BLOCKER'}]","cwe:79, owaspAsvs-4.0:5.3.3, owaspTop10-2021:a3, owaspTop10:a7, pciDss-3.2:6.5.7, pciDss-4.0:6.2.4, stig-ASD_V5R3:V-222602, stig-ASD_V5R3:V-222609"
BenchmarkTest01419.java,javasecurity:S5131,true,BLOCKER,"[{'softwareQuality': 'SECURITY', 'severity': 'BLOCKER'}]","cwe:79, owaspAsvs-4.0:5.3.3, owaspTop10-2021:a3, owaspTop10:a7, pciDss-3.2:6.5.7, pciDss-4.0:6.2.4, stig-ASD_V5R3:V-222602, stig-ASD_V5R3:V-222609"
BenchmarkTest01421.java,javasecurity:S5131,true,BLOCKER,"[{'softwareQuality': 'SECURITY', 'severity': 'BLOCKER'}]","cwe:79, owaspAsvs-4.0:5.3.3, owaspTop10-2021:a3, owaspTop10:a7, pciDss-3.2:6.5.7, pciDss-4.0:6.2.4, stig-ASD_V5R3:V-222602, stig-ASD_V5R3:V-222609"
BenchmarkTest01423.java,javasecurity:S5131,true,BLOCKER,"[{'softwareQuality': 'SECURITY', 'severity': 'BLOCKER'}]","cwe:79, owaspAsvs-4.0:5.3.3, owaspTop10-2021:a3, owaspTop10:a7, pciDss-3.2:6.5.7, pciDss-4.0:6.2.4, stig-ASD_V5R3:V-222602, stig-ASD_V5R3:V-222609"
BenchmarkTest01424.java,javasecurity:S5131,true,BLOCKER,"[{'softwareQuality': 'SECURITY', 'severity': 'BLOCKER'}]","cwe:79, owaspAsvs-4.0:5.3.3, owaspTop10-2021:a3, owaspTop10:a7, pciDss-3.2:6.5.7, pciDss-4.0:6.2.4, stig-ASD_V5R3:V-222602, stig-ASD_V5R3:V-222609"
BenchmarkTest01425.java,javasecurity:S5131,true,BLOCKER,"[{'softwareQuality': 'SECURITY', 'severity': 'BLOCKER'}]","cwe:79, owaspAsvs-4.0:5.3.3, owaspTop10-2021:a3, owaspTop10:a7, pciDss-3.2:6.5.7, pciDss-4.0:6.2.4, stig-ASD_V5R3:V-222602, stig-ASD_V5R3:V-222609"
BenchmarkTest01426.java,javasecurity:S5131,true,BLOCKER,"[{'softwareQuality': 'SECURITY', 'severity': 'BLOCKER'}]","cwe:79, owaspAsvs-4.0:5.3.3, owaspTop10-2021:a3, owaspTop10:a7, pciDss-3.2:6.5.7, pciDss-4.0:6.2.4, stig-ASD_V5R3:V-222602, stig-ASD_V5R3:V-222609"
BenchmarkTest01427.java,javasecurity:S5131,true,BLOCKER,"[{'softwareQuality': 'SECURITY', 'severity': 'BLOCKER'}]","cwe:79, owaspAsvs-4.0:5.3.3, owaspTop10-2021:a3, owaspTop10:a7, pciDss-3.2:6.5.7, pciDss-4.0:6.2.4, stig-ASD_V5R3:V-222602, stig-ASD_V5R3:V-222609"
BenchmarkTest01428.java,javasecurity:S5131,true,BLOCKER,"[{'softwareQuality': 'SECURITY', 'severity': 'BLOCKER'}]","cwe:79, owaspAsvs-4.0:5.3.3, owaspTop10-2021:a3, owaspTop10:a7, pciDss-3.2:6.5.7, pciDss-4.0:6.2.4, stig-ASD_V5R3:V-222602, stig-ASD_V5R3:V-222609"
BenchmarkTest01429.java,javasecurity:S5131,true,BLOCKER,"[{'softwareQuality': 'SECURITY', 'severity': 'BLOCKER'}]","cwe:79, owaspAsvs-4.0:5.3.3, owaspTop10-2021:a3, owaspTop10:a7, pciDss-3.2:6.5.7, pciDss-4.0:6.2.4, stig-ASD_V5R3:V-222602, stig-ASD_V5R3:V-222609"
BenchmarkTest01430.java,javasecurity:S2076,true,BLOCKER,"[{'softwareQuality': 'SECURITY', 'severity': 'BLOCKER'}]","cwe:20, cwe:78, owaspAsvs-4.0:12.3.5, owaspAsvs-4.0:5.1.3, owaspAsvs-4.0:5.1.4, owaspAsvs-4.0:5.3.8, owaspTop10-2021:a3, owaspTop10:a1, pciDss-3.2:6.5.1, pciDss-4.0:6.2.4, stig-ASD_V5R3:V-222604, stig-ASD_V5R3:V-222609"
BenchmarkTest01437.java,javasecurity:S5131,true,BLOCKER,"[{'softwareQuality': 'SECURITY', 'severity': 'BLOCKER'}]","cwe:79, owaspAsvs-4.0:5.3.3, owaspTop10-2021:a3, owaspTop10:a7, pciDss-3.2:6.5.7, pciDss-4.0:6.2.4, stig-ASD_V5R3:V-222602, stig-ASD_V5R3:V-222609"
BenchmarkTest01440.java,javasecurity:S2076,true,BLOCKER,"[{'softwareQuality': 'SECURITY', 'severity': 'BLOCKER'}]","cwe:20, cwe:78, owaspAsvs-4.0:12.3.5, owaspAsvs-4.0:5.1.3, owaspAsvs-4.0:5.1.4, owaspAsvs-4.0:5.3.8, owaspTop10-2021:a3, owaspTop10:a1, pciDss-3.2:6.5.1, pciDss-4.0:6.2.4, stig-ASD_V5R3:V-222604, stig-ASD_V5R3:V-222609"
BenchmarkTest01442.java,javasecurity:S6547,true,MAJOR,"[{'softwareQuality': 'SECURITY', 'severity': 'MEDIUM'}]","cwe:20, cwe:454, owaspAsvs-4.0:5.1.3, owaspAsvs-4.0:5.1.4, owaspTop10-2021:a3, owaspTop10:a1, stig-ASD_V5R3:V-222609"
BenchmarkTest01443.java,javasecurity:S2076,true,BLOCKER,"[{'softwareQuality': 'SECURITY', 'severity': 'BLOCKER'}]","cwe:20, cwe:78, owaspAsvs-4.0:12.3.5, owaspAsvs-4.0:5.1.3, owaspAsvs-4.0:5.1.4, owaspAsvs-4.0:5.3.8, owaspTop10-2021:a3, owaspTop10:a1, pciDss-3.2:6.5.1, pciDss-4.0:6.2.4, stig-ASD_V5R3:V-222604, stig-ASD_V5R3:V-222609"
BenchmarkTest01446.java,javasecurity:S2076,true,BLOCKER,"[{'softwareQuality': 'SECURITY', 'severity': 'BLOCKER'}]","cwe:20, cwe:78, owaspAsvs-4.0:12.3.5, owaspAsvs-4.0:5.1.3, owaspAsvs-4.0:5.1.4, owaspAsvs-4.0:5.3.8, owaspTop10-2021:a3, owaspTop10:a1, pciDss-3.2:6.5.1, pciDss-4.0:6.2.4, stig-ASD_V5R3:V-222604, stig-ASD_V5R3:V-222609"
BenchmarkTest01460.java,javasecurity:S3649,true,BLOCKER,"[{'softwareQuality': 'SECURITY', 'severity': 'BLOCKER'}]","cwe:20, cwe:89, owaspAsvs-4.0:5.1.3, owaspAsvs-4.0:5.1.4, owaspAsvs-4.0:5.3.4, owaspAsvs-4.0:5.3.5, owaspTop10-2021:a3, owaspTop10:a1, pciDss-3.2:6.5.1, pciDss-4.0:6.2.4, stig-ASD_V5R3:V-222607, stig-ASD_V5R3:V-222609"
BenchmarkTest01462.java,javasecurity:S3649,true,BLOCKER,"[{'softwareQuality': 'SECURITY', 'severity': 'BLOCKER'}]","cwe:20, cwe:89, owaspAsvs-4.0:5.1.3, owaspAsvs-4.0:5.1.4, owaspAsvs-4.0:5.3.4, owaspAsvs-4.0:5.3.5, owaspTop10-2021:a3, owaspTop10:a1, pciDss-3.2:6.5.1, pciDss-4.0:6.2.4, stig-ASD_V5R3:V-222607, stig-ASD_V5R3:V-222609"
BenchmarkTest01463.java,javasecurity:S3649,true,BLOCKER,"[{'softwareQuality': 'SECURITY', 'severity': 'BLOCKER'}]","cwe:20, cwe:89, owaspAsvs-4.0:5.1.3, owaspAsvs-4.0:5.1.4, owaspAsvs-4.0:5.3.4, owaspAsvs-4.0:5.3.5, owaspTop10-2021:a3, owaspTop10:a1, pciDss-3.2:6.5.1, pciDss-4.0:6.2.4, stig-ASD_V5R3:V-222607, stig-ASD_V5R3:V-222609"
BenchmarkTest01464.java,javasecurity:S3649,true,BLOCKER,"[{'softwareQuality': 'SECURITY', 'severity': 'BLOCKER'}]","cwe:20, cwe:89, owaspAsvs-4.0:5.1.3, owaspAsvs-4.0:5.1.4, owaspAsvs-4.0:5.3.4, owaspAsvs-4.0:5.3.5, owaspTop10-2021:a3, owaspTop10:a1, pciDss-3.2:6.5.1, pciDss-4.0:6.2.4, stig-ASD_V5R3:V-222607, stig-ASD_V5R3:V-222609"
BenchmarkTest01465.java,javasecurity:S3649,true,BLOCKER,"[{'softwareQuality': 'SECURITY', 'severity': 'BLOCKER'}]","cwe:20, cwe:89, owaspAsvs-4.0:5.1.3, owaspAsvs-4.0:5.1.4, owaspAsvs-4.0:5.3.4, owaspAsvs-4.0:5.3.5, owaspTop10-2021:a3, owaspTop10:a1, pciDss-3.2:6.5.1, pciDss-4.0:6.2.4, stig-ASD_V5R3:V-222607, stig-ASD_V5R3:V-222609"
BenchmarkTest01466.java,javasecurity:S3649,true,BLOCKER,"[{'softwareQuality': 'SECURITY', 'severity': 'BLOCKER'}]","cwe:20, cwe:89, owaspAsvs-4.0:5.1.3, owaspAsvs-4.0:5.1.4, owaspAsvs-4.0:5.3.4, owaspAsvs-4.0:5.3.5, owaspTop10-2021:a3, owaspTop10:a1, pciDss-3.2:6.5.1, pciDss-4.0:6.2.4, stig-ASD_V5R3:V-222607, stig-ASD_V5R3:V-222609"
BenchmarkTest01468.java,javasecurity:S3649,true,BLOCKER,"[{'softwareQuality': 'SECURITY', 'severity': 'BLOCKER'}]","cwe:20, cwe:89, owaspAsvs-4.0:5.1.3, owaspAsvs-4.0:5.1.4, owaspAsvs-4.0:5.3.4, owaspAsvs-4.0:5.3.5, owaspTop10-2021:a3, owaspTop10:a1, pciDss-3.2:6.5.1, pciDss-4.0:6.2.4, stig-ASD_V5R3:V-222607, stig-ASD_V5R3:V-222609"
BenchmarkTest01470.java,javasecurity:S3649,true,BLOCKER,"[{'softwareQuality': 'SECURITY', 'severity': 'BLOCKER'}]","cwe:20, cwe:89, owaspAsvs-4.0:5.1.3, owaspAsvs-4.0:5.1.4, owaspAsvs-4.0:5.3.4, owaspAsvs-4.0:5.3.5, owaspTop10-2021:a3, owaspTop10:a1, pciDss-3.2:6.5.1, pciDss-4.0:6.2.4, stig-ASD_V5R3:V-222607, stig-ASD_V5R3:V-222609"
BenchmarkTest01471.java,javasecurity:S3649,true,BLOCKER,"[{'softwareQuality': 'SECURITY', 'severity': 'BLOCKER'}]","cwe:20, cwe:89, owaspAsvs-4.0:5.1.3, owaspAsvs-4.0:5.1.4, owaspAsvs-4.0:5.3.4, owaspAsvs-4.0:5.3.5, owaspTop10-2021:a3, owaspTop10:a1, pciDss-3.2:6.5.1, pciDss-4.0:6.2.4, stig-ASD_V5R3:V-222607, stig-ASD_V5R3:V-222609"
BenchmarkTest01473.java,javasecurity:S3649,true,BLOCKER,"[{'softwareQuality': 'SECURITY', 'severity': 'BLOCKER'}]","cwe:20, cwe:89, owaspAsvs-4.0:5.1.3, owaspAsvs-4.0:5.1.4, owaspAsvs-4.0:5.3.4, owaspAsvs-4.0:5.3.5, owaspTop10-2021:a3, owaspTop10:a1, pciDss-3.2:6.5.1, pciDss-4.0:6.2.4, stig-ASD_V5R3:V-222607, stig-ASD_V5R3:V-222609"
BenchmarkTest01474.java,javasecurity:S3649,true,BLOCKER,"[{'softwareQuality': 'SECURITY', 'severity': 'BLOCKER'}]","cwe:20, cwe:89, owaspAsvs-4.0:5.1.3, owaspAsvs-4.0:5.1.4, owaspAsvs-4.0:5.3.4, owaspAsvs-4.0:5.3.5, owaspTop10-2021:a3, owaspTop10:a1, pciDss-3.2:6.5.1, pciDss-4.0:6.2.4, stig-ASD_V5R3:V-222607, stig-ASD_V5R3:V-222609"
BenchmarkTest01475.java,javasecurity:S3649,true,BLOCKER,"[{'softwareQuality': 'SECURITY', 'severity': 'BLOCKER'}]","cwe:20, cwe:89, owaspAsvs-4.0:5.1.3, owaspAsvs-4.0:5.1.4, owaspAsvs-4.0:5.3.4, owaspAsvs-4.0:5.3.5, owaspTop10-2021:a3, owaspTop10:a1, pciDss-3.2:6.5.1, pciDss-4.0:6.2.4, stig-ASD_V5R3:V-222607, stig-ASD_V5R3:V-222609"
BenchmarkTest01476.java,javasecurity:S3649,true,BLOCKER,"[{'softwareQuality': 'SECURITY', 'severity': 'BLOCKER'}]","cwe:20, cwe:89, owaspAsvs-4.0:5.1.3, owaspAsvs-4.0:5.1.4, owaspAsvs-4.0:5.3.4, owaspAsvs-4.0:5.3.5, owaspTop10-2021:a3, owaspTop10:a1, pciDss-3.2:6.5.1, pciDss-4.0:6.2.4, stig-ASD_V5R3:V-222607, stig-ASD_V5R3:V-222609"
BenchmarkTest01477.java,javasecurity:S3649,true,BLOCKER,"[{'softwareQuality': 'SECURITY', 'severity': 'BLOCKER'}]","cwe:20, cwe:89, owaspAsvs-4.0:5.1.3, owaspAsvs-4.0:5.1.4, owaspAsvs-4.0:5.3.4, owaspAsvs-4.0:5.3.5, owaspTop10-2021:a3, owaspTop10:a1, pciDss-3.2:6.5.1, pciDss-4.0:6.2.4, stig-ASD_V5R3:V-222607, stig-ASD_V5R3:V-222609"
BenchmarkTest01478.java,javasecurity:S2091,true,BLOCKER,"[{'softwareQuality': 'SECURITY', 'severity': 'BLOCKER'}]","cwe:20, cwe:643, owaspAsvs-4.0:5.1.3, owaspAsvs-4.0:5.1.4, owaspAsvs-4.0:5.3.10, owaspTop10-2021:a3, owaspTop10:a1, pciDss-3.2:6.5.1, pciDss-4.0:6.2.4, stig-ASD_V5R3:V-222608, stig-ASD_V5R3:V-222609"
BenchmarkTest01479.java,javasecurity:S2091,true,BLOCKER,"[{'softwareQuality': 'SECURITY', 'severity': 'BLOCKER'}]","cwe:20, cwe:643, owaspAsvs-4.0:5.1.3, owaspAsvs-4.0:5.1.4, owaspAsvs-4.0:5.3.10, owaspTop10-2021:a3, owaspTop10:a1, pciDss-3.2:6.5.1, pciDss-4.0:6.2.4, stig-ASD_V5R3:V-222608, stig-ASD_V5R3:V-222609"
BenchmarkTest01480.java,java:S5547,true,CRITICAL,"[{'softwareQuality': 'SECURITY', 'severity': 'HIGH'}]","cwe:326, cwe:327, owaspAsvs-4.0:6.2.2, owaspAsvs-4.0:6.2.3, owaspAsvs-4.0:6.2.5, owaspAsvs-4.0:8.3.7, owaspTop10-2021:a2, owaspTop10:a3, owaspTop10:a6, pciDss-3.2:4.1, pciDss-3.2:6.5.3, pciDss-3.2:6.5.4, pciDss-4.0:4.2.1, pciDss-4.0:6.2.4, stig-ASD_V5R3:V-222396"
BenchmarkTest01480.java,java:S5542,true,CRITICAL,"[{'softwareQuality': 'SECURITY', 'severity': 'HIGH'}]","cwe:327, cwe:780, owaspAsvs-4.0:2.9.3, owaspAsvs-4.0:6.2.2, owaspAsvs-4.0:8.3.7, owaspTop10-2021:a2, owaspTop10:a3, owaspTop10:a6, pciDss-3.2:4.1, pciDss-3.2:6.5.3, pciDss-3.2:6.5.4, pciDss-4.0:4.2.1, pciDss-4.0:6.2.4"
BenchmarkTest01483.java,java:S5542,true,CRITICAL,"[{'softwareQuality': 'SECURITY', 'severity': 'HIGH'}]","cwe:327, cwe:780, owaspAsvs-4.0:2.9.3, owaspAsvs-4.0:6.2.2, owaspAsvs-4.0:8.3.7, owaspTop10-2021:a2, owaspTop10:a3, owaspTop10:a6, pciDss-3.2:4.1, pciDss-3.2:6.5.3, pciDss-3.2:6.5.4, pciDss-4.0:4.2.1, pciDss-4.0:6.2.4"
BenchmarkTest01483.java,java:S5547,true,CRITICAL,"[{'softwareQuality': 'SECURITY', 'severity': 'HIGH'}]","cwe:326, cwe:327, owaspAsvs-4.0:6.2.2, owaspAsvs-4.0:6.2.3, owaspAsvs-4.0:6.2.5, owaspAsvs-4.0:8.3.7, owaspTop10-2021:a2, owaspTop10:a3, owaspTop10:a6, pciDss-3.2:4.1, pciDss-3.2:6.5.3, pciDss-3.2:6.5.4, pciDss-4.0:4.2.1, pciDss-4.0:6.2.4, stig-ASD_V5R3:V-222396"
BenchmarkTest01484.java,java:S5542,true,CRITICAL,"[{'softwareQuality': 'SECURITY', 'severity': 'HIGH'}]","cwe:327, cwe:780, owaspAsvs-4.0:2.9.3, owaspAsvs-4.0:6.2.2, owaspAsvs-4.0:8.3.7, owaspTop10-2021:a2, owaspTop10:a3, owaspTop10:a6, pciDss-3.2:4.1, pciDss-3.2:6.5.3, pciDss-3.2:6.5.4, pciDss-4.0:4.2.1, pciDss-4.0:6.2.4"
BenchmarkTest01484.java,java:S5547,true,CRITICAL,"[{'softwareQuality': 'SECURITY', 'severity': 'HIGH'}]","cwe:326, cwe:327, owaspAsvs-4.0:6.2.2, owaspAsvs-4.0:6.2.3, owaspAsvs-4.0:6.2.5, owaspAsvs-4.0:8.3.7, owaspTop10-2021:a2, owaspTop10:a3, owaspTop10:a6, pciDss-3.2:4.1, pciDss-3.2:6.5.3, pciDss-3.2:6.5.4, pciDss-4.0:4.2.1, pciDss-4.0:6.2.4, stig-ASD_V5R3:V-222396"
BenchmarkTest01486.java,java:S5542,true,CRITICAL,"[{'softwareQuality': 'SECURITY', 'severity': 'HIGH'}]","cwe:327, cwe:780, owaspAsvs-4.0:2.9.3, owaspAsvs-4.0:6.2.2, owaspAsvs-4.0:8.3.7, owaspTop10-2021:a2, owaspTop10:a3, owaspTop10:a6, pciDss-3.2:4.1, pciDss-3.2:6.5.3, pciDss-3.2:6.5.4, pciDss-4.0:4.2.1, pciDss-4.0:6.2.4"
BenchmarkTest01486.java,java:S5547,true,CRITICAL,"[{'softwareQuality': 'SECURITY', 'severity': 'HIGH'}]","cwe:326, cwe:327, owaspAsvs-4.0:6.2.2, owaspAsvs-4.0:6.2.3, owaspAsvs-4.0:6.2.5, owaspAsvs-4.0:8.3.7, owaspTop10-2021:a2, owaspTop10:a3, owaspTop10:a6, pciDss-3.2:4.1, pciDss-3.2:6.5.3, pciDss-3.2:6.5.4, pciDss-4.0:4.2.1, pciDss-4.0:6.2.4, stig-ASD_V5R3:V-222396"
BenchmarkTest01489.java,java:S5542,true,CRITICAL,"[{'softwareQuality': 'SECURITY', 'severity': 'HIGH'}]","cwe:327, cwe:780, owaspAsvs-4.0:2.9.3, owaspAsvs-4.0:6.2.2, owaspAsvs-4.0:8.3.7, owaspTop10-2021:a2, owaspTop10:a3, owaspTop10:a6, pciDss-3.2:4.1, pciDss-3.2:6.5.3, pciDss-3.2:6.5.4, pciDss-4.0:4.2.1, pciDss-4.0:6.2.4"
BenchmarkTest01489.java,java:S5547,true,CRITICAL,"[{'softwareQuality': 'SECURITY', 'severity': 'HIGH'}]","cwe:326, cwe:327, owaspAsvs-4.0:6.2.2, owaspAsvs-4.0:6.2.3, owaspAsvs-4.0:6.2.5, owaspAsvs-4.0:8.3.7, owaspTop10-2021:a2, owaspTop10:a3, owaspTop10:a6, pciDss-3.2:4.1, pciDss-3.2:6.5.3, pciDss-3.2:6.5.4, pciDss-4.0:4.2.1, pciDss-4.0:6.2.4, stig-ASD_V5R3:V-222396"
BenchmarkTest01490.java,javasecurity:S2078,true,BLOCKER,"[{'softwareQuality': 'SECURITY', 'severity': 'BLOCKER'}]","cwe:20, cwe:90, owaspAsvs-4.0:5.1.3, owaspAsvs-4.0:5.1.4, owaspAsvs-4.0:5.3.7, owaspTop10-2021:a3, owaspTop10:a1, pciDss-3.2:6.5.1, pciDss-4.0:6.2.4, stig-ASD_V5R3:V-222609"
BenchmarkTest01492.java,javasecurity:S2078,true,BLOCKER,"[{'softwareQuality': 'SECURITY', 'severity': 'BLOCKER'}]","cwe:20, cwe:90, owaspAsvs-4.0:5.1.3, owaspAsvs-4.0:5.1.4, owaspAsvs-4.0:5.3.7, owaspTop10-2021:a3, owaspTop10:a1, pciDss-3.2:6.5.1, pciDss-4.0:6.2.4, stig-ASD_V5R3:V-222609"
BenchmarkTest01494.java,javasecurity:S6549,true,MAJOR,"[{'softwareQuality': 'SECURITY', 'severity': 'MEDIUM'}]","cwe:20, cwe:22, owaspAsvs-4.0:12.3.1, owaspAsvs-4.0:5.1.3, owaspAsvs-4.0:5.1.4, owaspTop10-2021:a1, owaspTop10-2021:a3, owaspTop10:a1, owaspTop10:a5, pciDss-3.2:6.5.8, pciDss-4.0:6.2.4, stig-ASD_V5R3:V-222609"
BenchmarkTest01496.java,javasecurity:S2083,true,BLOCKER,"[{'softwareQuality': 'SECURITY', 'severity': 'BLOCKER'}]","cwe:20, cwe:22, owaspAsvs-4.0:12.3.1, owaspAsvs-4.0:5.1.3, owaspAsvs-4.0:5.1.4, owaspTop10-2021:a1, owaspTop10-2021:a3, owaspTop10:a1, owaspTop10:a5, pciDss-3.2:6.5.8, pciDss-4.0:6.2.4, stig-ASD_V5R3:V-222609"
BenchmarkTest01497.java,javasecurity:S2083,true,BLOCKER,"[{'softwareQuality': 'SECURITY', 'severity': 'BLOCKER'}]","cwe:20, cwe:22, owaspAsvs-4.0:12.3.1, owaspAsvs-4.0:5.1.3, owaspAsvs-4.0:5.1.4, owaspTop10-2021:a1, owaspTop10-2021:a3, owaspTop10:a1, owaspTop10:a5, pciDss-3.2:6.5.8, pciDss-4.0:6.2.4, stig-ASD_V5R3:V-222609"
BenchmarkTest01498.java,javasecurity:S2083,true,BLOCKER,"[{'softwareQuality': 'SECURITY', 'severity': 'BLOCKER'}]","cwe:20, cwe:22, owaspAsvs-4.0:12.3.1, owaspAsvs-4.0:5.1.3, owaspAsvs-4.0:5.1.4, owaspTop10-2021:a1, owaspTop10-2021:a3, owaspTop10:a1, owaspTop10:a5, pciDss-3.2:6.5.8, pciDss-4.0:6.2.4, stig-ASD_V5R3:V-222609"
BenchmarkTest01499.java,javasecurity:S2083,true,BLOCKER,"[{'softwareQuality': 'SECURITY', 'severity': 'BLOCKER'}]","cwe:20, cwe:22, owaspAsvs-4.0:12.3.1, owaspAsvs-4.0:5.1.3, owaspAsvs-4.0:5.1.4, owaspTop10-2021:a1, owaspTop10-2021:a3, owaspTop10:a1, owaspTop10:a5, pciDss-3.2:6.5.8, pciDss-4.0:6.2.4, stig-ASD_V5R3:V-222609"
BenchmarkTest01500.java,javasecurity:S2083,true,BLOCKER,"[{'softwareQuality': 'SECURITY', 'severity': 'BLOCKER'}]","cwe:20, cwe:22, owaspAsvs-4.0:12.3.1, owaspAsvs-4.0:5.1.3, owaspAsvs-4.0:5.1.4, owaspTop10-2021:a1, owaspTop10-2021:a3, owaspTop10:a1, owaspTop10:a5, pciDss-3.2:6.5.8, pciDss-4.0:6.2.4, stig-ASD_V5R3:V-222609"
BenchmarkTest01501.java,javasecurity:S2078,true,BLOCKER,"[{'softwareQuality': 'SECURITY', 'severity': 'BLOCKER'}]","cwe:20, cwe:90, owaspAsvs-4.0:5.1.3, owaspAsvs-4.0:5.1.4, owaspAsvs-4.0:5.3.7, owaspTop10-2021:a3, owaspTop10:a1, pciDss-3.2:6.5.1, pciDss-4.0:6.2.4, stig-ASD_V5R3:V-222609"
BenchmarkTest01505.java,javasecurity:S5131,true,BLOCKER,"[{'softwareQuality': 'SECURITY', 'severity': 'BLOCKER'}]","cwe:79, owaspAsvs-4.0:5.3.3, owaspTop10-2021:a3, owaspTop10:a7, pciDss-3.2:6.5.7, pciDss-4.0:6.2.4, stig-ASD_V5R3:V-222602, stig-ASD_V5R3:V-222609"
BenchmarkTest01506.java,javasecurity:S5131,true,BLOCKER,"[{'softwareQuality': 'SECURITY', 'severity': 'BLOCKER'}]","cwe:79, owaspAsvs-4.0:5.3.3, owaspTop10-2021:a3, owaspTop10:a7, pciDss-3.2:6.5.7, pciDss-4.0:6.2.4, stig-ASD_V5R3:V-222602, stig-ASD_V5R3:V-222609"
BenchmarkTest01507.java,javasecurity:S5131,true,BLOCKER,"[{'softwareQuality': 'SECURITY', 'severity': 'BLOCKER'}]","cwe:79, owaspAsvs-4.0:5.3.3, owaspTop10-2021:a3, owaspTop10:a7, pciDss-3.2:6.5.7, pciDss-4.0:6.2.4, stig-ASD_V5R3:V-222602, stig-ASD_V5R3:V-222609"
BenchmarkTest01508.java,javasecurity:S5131,true,BLOCKER,"[{'softwareQuality': 'SECURITY', 'severity': 'BLOCKER'}]","cwe:79, owaspAsvs-4.0:5.3.3, owaspTop10-2021:a3, owaspTop10:a7, pciDss-3.2:6.5.7, pciDss-4.0:6.2.4, stig-ASD_V5R3:V-222602, stig-ASD_V5R3:V-222609"
BenchmarkTest01509.java,javasecurity:S5131,true,BLOCKER,"[{'softwareQuality': 'SECURITY', 'severity': 'BLOCKER'}]","cwe:79, owaspAsvs-4.0:5.3.3, owaspTop10-2021:a3, owaspTop10:a7, pciDss-3.2:6.5.7, pciDss-4.0:6.2.4, stig-ASD_V5R3:V-222602, stig-ASD_V5R3:V-222609"
BenchmarkTest01510.java,javasecurity:S5131,true,BLOCKER,"[{'softwareQuality': 'SECURITY', 'severity': 'BLOCKER'}]","cwe:79, owaspAsvs-4.0:5.3.3, owaspTop10-2021:a3, owaspTop10:a7, pciDss-3.2:6.5.7, pciDss-4.0:6.2.4, stig-ASD_V5R3:V-222602, stig-ASD_V5R3:V-222609"
BenchmarkTest01511.java,javasecurity:S5131,true,BLOCKER,"[{'softwareQuality': 'SECURITY', 'severity': 'BLOCKER'}]","cwe:79, owaspAsvs-4.0:5.3.3, owaspTop10-2021:a3, owaspTop10:a7, pciDss-3.2:6.5.7, pciDss-4.0:6.2.4, stig-ASD_V5R3:V-222602, stig-ASD_V5R3:V-222609"
BenchmarkTest01512.java,javasecurity:S5131,true,BLOCKER,"[{'softwareQuality': 'SECURITY', 'severity': 'BLOCKER'}]","cwe:79, owaspAsvs-4.0:5.3.3, owaspTop10-2021:a3, owaspTop10:a7, pciDss-3.2:6.5.7, pciDss-4.0:6.2.4, stig-ASD_V5R3:V-222602, stig-ASD_V5R3:V-222609"
BenchmarkTest01513.java,javasecurity:S5131,true,BLOCKER,"[{'softwareQuality': 'SECURITY', 'severity': 'BLOCKER'}]","cwe:79, owaspAsvs-4.0:5.3.3, owaspTop10-2021:a3, owaspTop10:a7, pciDss-3.2:6.5.7, pciDss-4.0:6.2.4, stig-ASD_V5R3:V-222602, stig-ASD_V5R3:V-222609"
BenchmarkTest01517.java,javasecurity:S2076,true,BLOCKER,"[{'softwareQuality': 'SECURITY', 'severity': 'BLOCKER'}]","cwe:20, cwe:78, owaspAsvs-4.0:12.3.5, owaspAsvs-4.0:5.1.3, owaspAsvs-4.0:5.1.4, owaspAsvs-4.0:5.3.8, owaspTop10-2021:a3, owaspTop10:a1, pciDss-3.2:6.5.1, pciDss-4.0:6.2.4, stig-ASD_V5R3:V-222604, stig-ASD_V5R3:V-222609"
BenchmarkTest01525.java,javasecurity:S5131,true,BLOCKER,"[{'softwareQuality': 'SECURITY', 'severity': 'BLOCKER'}]","cwe:79, owaspAsvs-4.0:5.3.3, owaspTop10-2021:a3, owaspTop10:a7, pciDss-3.2:6.5.7, pciDss-4.0:6.2.4, stig-ASD_V5R3:V-222602, stig-ASD_V5R3:V-222609"
BenchmarkTest01526.java,javasecurity:S2076,true,BLOCKER,"[{'softwareQuality': 'SECURITY', 'severity': 'BLOCKER'}]","cwe:20, cwe:78, owaspAsvs-4.0:12.3.5, owaspAsvs-4.0:5.1.3, owaspAsvs-4.0:5.1.4, owaspAsvs-4.0:5.3.8, owaspTop10-2021:a3, owaspTop10:a1, pciDss-3.2:6.5.1, pciDss-4.0:6.2.4, stig-ASD_V5R3:V-222604, stig-ASD_V5R3:V-222609"
BenchmarkTest01527.java,javasecurity:S2076,true,BLOCKER,"[{'softwareQuality': 'SECURITY', 'severity': 'BLOCKER'}]","cwe:20, cwe:78, owaspAsvs-4.0:12.3.5, owaspAsvs-4.0:5.1.3, owaspAsvs-4.0:5.1.4, owaspAsvs-4.0:5.3.8, owaspTop10-2021:a3, owaspTop10:a1, pciDss-3.2:6.5.1, pciDss-4.0:6.2.4, stig-ASD_V5R3:V-222604, stig-ASD_V5R3:V-222609"
BenchmarkTest01528.java,javasecurity:S2076,true,BLOCKER,"[{'softwareQuality': 'SECURITY', 'severity': 'BLOCKER'}]","cwe:20, cwe:78, owaspAsvs-4.0:12.3.5, owaspAsvs-4.0:5.1.3, owaspAsvs-4.0:5.1.4, owaspAsvs-4.0:5.3.8, owaspTop10-2021:a3, owaspTop10:a1, pciDss-3.2:6.5.1, pciDss-4.0:6.2.4, stig-ASD_V5R3:V-222604, stig-ASD_V5R3:V-222609"
BenchmarkTest01531.java,javasecurity:S6547,true,MAJOR,"[{'softwareQuality': 'SECURITY', 'severity': 'MEDIUM'}]","cwe:20, cwe:454, owaspAsvs-4.0:5.1.3, owaspAsvs-4.0:5.1.4, owaspTop10-2021:a3, owaspTop10:a1, stig-ASD_V5R3:V-222609"
BenchmarkTest01532.java,javasecurity:S2076,true,BLOCKER,"[{'softwareQuality': 'SECURITY', 'severity': 'BLOCKER'}]","cwe:20, cwe:78, owaspAsvs-4.0:12.3.5, owaspAsvs-4.0:5.1.3, owaspAsvs-4.0:5.1.4, owaspAsvs-4.0:5.3.8, owaspTop10-2021:a3, owaspTop10:a1, pciDss-3.2:6.5.1, pciDss-4.0:6.2.4, stig-ASD_V5R3:V-222604, stig-ASD_V5R3:V-222609"
BenchmarkTest01533.java,javasecurity:S6547,true,MAJOR,"[{'softwareQuality': 'SECURITY', 'severity': 'MEDIUM'}]","cwe:20, cwe:454, owaspAsvs-4.0:5.1.3, owaspAsvs-4.0:5.1.4, owaspTop10-2021:a3, owaspTop10:a1, stig-ASD_V5R3:V-222609"
BenchmarkTest01552.java,javasecurity:S3649,true,BLOCKER,"[{'softwareQuality': 'SECURITY', 'severity': 'BLOCKER'}]","cwe:20, cwe:89, owaspAsvs-4.0:5.1.3, owaspAsvs-4.0:5.1.4, owaspAsvs-4.0:5.3.4, owaspAsvs-4.0:5.3.5, owaspTop10-2021:a3, owaspTop10:a1, pciDss-3.2:6.5.1, pciDss-4.0:6.2.4, stig-ASD_V5R3:V-222607, stig-ASD_V5R3:V-222609"
BenchmarkTest01554.java,javasecurity:S3649,true,BLOCKER,"[{'softwareQuality': 'SECURITY', 'severity': 'BLOCKER'}]","cwe:20, cwe:89, owaspAsvs-4.0:5.1.3, owaspAsvs-4.0:5.1.4, owaspAsvs-4.0:5.3.4, owaspAsvs-4.0:5.3.5, owaspTop10-2021:a3, owaspTop10:a1, pciDss-3.2:6.5.1, pciDss-4.0:6.2.4, stig-ASD_V5R3:V-222607, stig-ASD_V5R3:V-222609"
BenchmarkTest01556.java,javasecurity:S3649,true,BLOCKER,"[{'softwareQuality': 'SECURITY', 'severity': 'BLOCKER'}]","cwe:20, cwe:89, owaspAsvs-4.0:5.1.3, owaspAsvs-4.0:5.1.4, owaspAsvs-4.0:5.3.4, owaspAsvs-4.0:5.3.5, owaspTop10-2021:a3, owaspTop10:a1, pciDss-3.2:6.5.1, pciDss-4.0:6.2.4, stig-ASD_V5R3:V-222607, stig-ASD_V5R3:V-222609"
BenchmarkTest01557.java,javasecurity:S3649,true,BLOCKER,"[{'softwareQuality': 'SECURITY', 'severity': 'BLOCKER'}]","cwe:20, cwe:89, owaspAsvs-4.0:5.1.3, owaspAsvs-4.0:5.1.4, owaspAsvs-4.0:5.3.4, owaspAsvs-4.0:5.3.5, owaspTop10-2021:a3, owaspTop10:a1, pciDss-3.2:6.5.1, pciDss-4.0:6.2.4, stig-ASD_V5R3:V-222607, stig-ASD_V5R3:V-222609"
BenchmarkTest01558.java,javasecurity:S3649,true,BLOCKER,"[{'softwareQuality': 'SECURITY', 'severity': 'BLOCKER'}]","cwe:20, cwe:89, owaspAsvs-4.0:5.1.3, owaspAsvs-4.0:5.1.4, owaspAsvs-4.0:5.3.4, owaspAsvs-4.0:5.3.5, owaspTop10-2021:a3, owaspTop10:a1, pciDss-3.2:6.5.1, pciDss-4.0:6.2.4, stig-ASD_V5R3:V-222607, stig-ASD_V5R3:V-222609"
BenchmarkTest01559.java,javasecurity:S3649,true,BLOCKER,"[{'softwareQuality': 'SECURITY', 'severity': 'BLOCKER'}]","cwe:20, cwe:89, owaspAsvs-4.0:5.1.3, owaspAsvs-4.0:5.1.4, owaspAsvs-4.0:5.3.4, owaspAsvs-4.0:5.3.5, owaspTop10-2021:a3, owaspTop10:a1, pciDss-3.2:6.5.1, pciDss-4.0:6.2.4, stig-ASD_V5R3:V-222607, stig-ASD_V5R3:V-222609"
BenchmarkTest01560.java,javasecurity:S3649,true,BLOCKER,"[{'softwareQuality': 'SECURITY', 'severity': 'BLOCKER'}]","cwe:20, cwe:89, owaspAsvs-4.0:5.1.3, owaspAsvs-4.0:5.1.4, owaspAsvs-4.0:5.3.4, owaspAsvs-4.0:5.3.5, owaspTop10-2021:a3, owaspTop10:a1, pciDss-3.2:6.5.1, pciDss-4.0:6.2.4, stig-ASD_V5R3:V-222607, stig-ASD_V5R3:V-222609"
BenchmarkTest01561.java,javasecurity:S2091,true,BLOCKER,"[{'softwareQuality': 'SECURITY', 'severity': 'BLOCKER'}]","cwe:20, cwe:643, owaspAsvs-4.0:5.1.3, owaspAsvs-4.0:5.1.4, owaspAsvs-4.0:5.3.10, owaspTop10-2021:a3, owaspTop10:a1, pciDss-3.2:6.5.1, pciDss-4.0:6.2.4, stig-ASD_V5R3:V-222608, stig-ASD_V5R3:V-222609"
BenchmarkTest01562.java,javasecurity:S2091,true,BLOCKER,"[{'softwareQuality': 'SECURITY', 'severity': 'BLOCKER'}]","cwe:20, cwe:643, owaspAsvs-4.0:5.1.3, owaspAsvs-4.0:5.1.4, owaspAsvs-4.0:5.3.10, owaspTop10-2021:a3, owaspTop10:a1, pciDss-3.2:6.5.1, pciDss-4.0:6.2.4, stig-ASD_V5R3:V-222608, stig-ASD_V5R3:V-222609"
BenchmarkTest01565.java,java:S5542,true,CRITICAL,"[{'softwareQuality': 'SECURITY', 'severity': 'HIGH'}]","cwe:327, cwe:780, owaspAsvs-4.0:2.9.3, owaspAsvs-4.0:6.2.2, owaspAsvs-4.0:8.3.7, owaspTop10-2021:a2, owaspTop10:a3, owaspTop10:a6, pciDss-3.2:4.1, pciDss-3.2:6.5.3, pciDss-3.2:6.5.4, pciDss-4.0:4.2.1, pciDss-4.0:6.2.4"
BenchmarkTest01565.java,java:S5547,true,CRITICAL,"[{'softwareQuality': 'SECURITY', 'severity': 'HIGH'}]","cwe:326, cwe:327, owaspAsvs-4.0:6.2.2, owaspAsvs-4.0:6.2.3, owaspAsvs-4.0:6.2.5, owaspAsvs-4.0:8.3.7, owaspTop10-2021:a2, owaspTop10:a3, owaspTop10:a6, pciDss-3.2:4.1, pciDss-3.2:6.5.3, pciDss-3.2:6.5.4, pciDss-4.0:4.2.1, pciDss-4.0:6.2.4, stig-ASD_V5R3:V-222396"
BenchmarkTest01566.java,java:S5542,true,CRITICAL,"[{'softwareQuality': 'SECURITY', 'severity': 'HIGH'}]","cwe:327, cwe:780, owaspAsvs-4.0:2.9.3, owaspAsvs-4.0:6.2.2, owaspAsvs-4.0:8.3.7, owaspTop10-2021:a2, owaspTop10:a3, owaspTop10:a6, pciDss-3.2:4.1, pciDss-3.2:6.5.3, pciDss-3.2:6.5.4, pciDss-4.0:4.2.1, pciDss-4.0:6.2.4"
BenchmarkTest01566.java,java:S5547,true,CRITICAL,"[{'softwareQuality': 'SECURITY', 'severity': 'HIGH'}]","cwe:326, cwe:327, owaspAsvs-4.0:6.2.2, owaspAsvs-4.0:6.2.3, owaspAsvs-4.0:6.2.5, owaspAsvs-4.0:8.3.7, owaspTop10-2021:a2, owaspTop10:a3, owaspTop10:a6, pciDss-3.2:4.1, pciDss-3.2:6.5.3, pciDss-3.2:6.5.4, pciDss-4.0:4.2.1, pciDss-4.0:6.2.4, stig-ASD_V5R3:V-222396"
BenchmarkTest01567.java,java:S5542,true,CRITICAL,"[{'softwareQuality': 'SECURITY', 'severity': 'HIGH'}]","cwe:327, cwe:780, owaspAsvs-4.0:2.9.3, owaspAsvs-4.0:6.2.2, owaspAsvs-4.0:8.3.7, owaspTop10-2021:a2, owaspTop10:a3, owaspTop10:a6, pciDss-3.2:4.1, pciDss-3.2:6.5.3, pciDss-3.2:6.5.4, pciDss-4.0:4.2.1, pciDss-4.0:6.2.4"
BenchmarkTest01568.java,javasecurity:S2078,true,BLOCKER,"[{'softwareQuality': 'SECURITY', 'severity': 'BLOCKER'}]","cwe:20, cwe:90, owaspAsvs-4.0:5.1.3, owaspAsvs-4.0:5.1.4, owaspAsvs-4.0:5.3.7, owaspTop10-2021:a3, owaspTop10:a1, pciDss-3.2:6.5.1, pciDss-4.0:6.2.4, stig-ASD_V5R3:V-222609"
BenchmarkTest01570.java,javasecurity:S6549,true,MAJOR,"[{'softwareQuality': 'SECURITY', 'severity': 'MEDIUM'}]","cwe:20, cwe:22, owaspAsvs-4.0:12.3.1, owaspAsvs-4.0:5.1.3, owaspAsvs-4.0:5.1.4, owaspTop10-2021:a1, owaspTop10-2021:a3, owaspTop10:a1, owaspTop10:a5, pciDss-3.2:6.5.8, pciDss-4.0:6.2.4, stig-ASD_V5R3:V-222609"
BenchmarkTest01572.java,javasecurity:S2083,true,BLOCKER,"[{'softwareQuality': 'SECURITY', 'severity': 'BLOCKER'}]","cwe:20, cwe:22, owaspAsvs-4.0:12.3.1, owaspAsvs-4.0:5.1.3, owaspAsvs-4.0:5.1.4, owaspTop10-2021:a1, owaspTop10-2021:a3, owaspTop10:a1, owaspTop10:a5, pciDss-3.2:6.5.8, pciDss-4.0:6.2.4, stig-ASD_V5R3:V-222609"
BenchmarkTest01583.java,javasecurity:S5131,true,BLOCKER,"[{'softwareQuality': 'SECURITY', 'severity': 'BLOCKER'}]","cwe:79, owaspAsvs-4.0:5.3.3, owaspTop10-2021:a3, owaspTop10:a7, pciDss-3.2:6.5.7, pciDss-4.0:6.2.4, stig-ASD_V5R3:V-222602, stig-ASD_V5R3:V-222609"
BenchmarkTest01584.java,javasecurity:S5131,true,BLOCKER,"[{'softwareQuality': 'SECURITY', 'severity': 'BLOCKER'}]","cwe:79, owaspAsvs-4.0:5.3.3, owaspTop10-2021:a3, owaspTop10:a7, pciDss-3.2:6.5.7, pciDss-4.0:6.2.4, stig-ASD_V5R3:V-222602, stig-ASD_V5R3:V-222609"
BenchmarkTest01587.java,javasecurity:S5131,true,BLOCKER,"[{'softwareQuality': 'SECURITY', 'severity': 'BLOCKER'}]","cwe:79, owaspAsvs-4.0:5.3.3, owaspTop10-2021:a3, owaspTop10:a7, pciDss-3.2:6.5.7, pciDss-4.0:6.2.4, stig-ASD_V5R3:V-222602, stig-ASD_V5R3:V-222609"
BenchmarkTest01588.java,javasecurity:S5131,true,BLOCKER,"[{'softwareQuality': 'SECURITY', 'severity': 'BLOCKER'}]","cwe:79, owaspAsvs-4.0:5.3.3, owaspTop10-2021:a3, owaspTop10:a7, pciDss-3.2:6.5.7, pciDss-4.0:6.2.4, stig-ASD_V5R3:V-222602, stig-ASD_V5R3:V-222609"
BenchmarkTest01589.java,javasecurity:S5131,true,BLOCKER,"[{'softwareQuality': 'SECURITY', 'severity': 'BLOCKER'}]","cwe:79, owaspAsvs-4.0:5.3.3, owaspTop10-2021:a3, owaspTop10:a7, pciDss-3.2:6.5.7, pciDss-4.0:6.2.4, stig-ASD_V5R3:V-222602, stig-ASD_V5R3:V-222609"
BenchmarkTest01590.java,javasecurity:S5131,true,BLOCKER,"[{'softwareQuality': 'SECURITY', 'severity': 'BLOCKER'}]","cwe:79, owaspAsvs-4.0:5.3.3, owaspTop10-2021:a3, owaspTop10:a7, pciDss-3.2:6.5.7, pciDss-4.0:6.2.4, stig-ASD_V5R3:V-222602, stig-ASD_V5R3:V-222609"
BenchmarkTest01592.java,javasecurity:S5131,true,BLOCKER,"[{'softwareQuality': 'SECURITY', 'severity': 'BLOCKER'}]","cwe:79, owaspAsvs-4.0:5.3.3, owaspTop10-2021:a3, owaspTop10:a7, pciDss-3.2:6.5.7, pciDss-4.0:6.2.4, stig-ASD_V5R3:V-222602, stig-ASD_V5R3:V-222609"
BenchmarkTest01593.java,javasecurity:S5131,true,BLOCKER,"[{'softwareQuality': 'SECURITY', 'severity': 'BLOCKER'}]","cwe:79, owaspAsvs-4.0:5.3.3, owaspTop10-2021:a3, owaspTop10:a7, pciDss-3.2:6.5.7, pciDss-4.0:6.2.4, stig-ASD_V5R3:V-222602, stig-ASD_V5R3:V-222609"
BenchmarkTest01594.java,javasecurity:S5131,true,BLOCKER,"[{'softwareQuality': 'SECURITY', 'severity': 'BLOCKER'}]","cwe:79, owaspAsvs-4.0:5.3.3, owaspTop10-2021:a3, owaspTop10:a7, pciDss-3.2:6.5.7, pciDss-4.0:6.2.4, stig-ASD_V5R3:V-222602, stig-ASD_V5R3:V-222609"
BenchmarkTest01596.java,javasecurity:S5131,true,BLOCKER,"[{'softwareQuality': 'SECURITY', 'severity': 'BLOCKER'}]","cwe:79, owaspAsvs-4.0:5.3.3, owaspTop10-2021:a3, owaspTop10:a7, pciDss-3.2:6.5.7, pciDss-4.0:6.2.4, stig-ASD_V5R3:V-222602, stig-ASD_V5R3:V-222609"
BenchmarkTest01597.java,javasecurity:S5131,true,BLOCKER,"[{'softwareQuality': 'SECURITY', 'severity': 'BLOCKER'}]","cwe:79, owaspAsvs-4.0:5.3.3, owaspTop10-2021:a3, owaspTop10:a7, pciDss-3.2:6.5.7, pciDss-4.0:6.2.4, stig-ASD_V5R3:V-222602, stig-ASD_V5R3:V-222609"
BenchmarkTest01606.java,javasecurity:S2076,true,BLOCKER,"[{'softwareQuality': 'SECURITY', 'severity': 'BLOCKER'}]","cwe:20, cwe:78, owaspAsvs-4.0:12.3.5, owaspAsvs-4.0:5.1.3, owaspAsvs-4.0:5.1.4, owaspAsvs-4.0:5.3.8, owaspTop10-2021:a3, owaspTop10:a1, pciDss-3.2:6.5.1, pciDss-4.0:6.2.4, stig-ASD_V5R3:V-222604, stig-ASD_V5R3:V-222609"
BenchmarkTest01609.java,javasecurity:S2076,true,BLOCKER,"[{'softwareQuality': 'SECURITY', 'severity': 'BLOCKER'}]","cwe:20, cwe:78, owaspAsvs-4.0:12.3.5, owaspAsvs-4.0:5.1.3, owaspAsvs-4.0:5.1.4, owaspAsvs-4.0:5.3.8, owaspTop10-2021:a3, owaspTop10:a1, pciDss-3.2:6.5.1, pciDss-4.0:6.2.4, stig-ASD_V5R3:V-222604, stig-ASD_V5R3:V-222609"
BenchmarkTest01610.java,javasecurity:S2076,true,BLOCKER,"[{'softwareQuality': 'SECURITY', 'severity': 'BLOCKER'}]","cwe:20, cwe:78, owaspAsvs-4.0:12.3.5, owaspAsvs-4.0:5.1.3, owaspAsvs-4.0:5.1.4, owaspAsvs-4.0:5.3.8, owaspTop10-2021:a3, owaspTop10:a1, pciDss-3.2:6.5.1, pciDss-4.0:6.2.4, stig-ASD_V5R3:V-222604, stig-ASD_V5R3:V-222609"
BenchmarkTest01620.java,javasecurity:S3649,true,BLOCKER,"[{'softwareQuality': 'SECURITY', 'severity': 'BLOCKER'}]","cwe:20, cwe:89, owaspAsvs-4.0:5.1.3, owaspAsvs-4.0:5.1.4, owaspAsvs-4.0:5.3.4, owaspAsvs-4.0:5.3.5, owaspTop10-2021:a3, owaspTop10:a1, pciDss-3.2:6.5.1, pciDss-4.0:6.2.4, stig-ASD_V5R3:V-222607, stig-ASD_V5R3:V-222609"
BenchmarkTest01621.java,javasecurity:S3649,true,BLOCKER,"[{'softwareQuality': 'SECURITY', 'severity': 'BLOCKER'}]","cwe:20, cwe:89, owaspAsvs-4.0:5.1.3, owaspAsvs-4.0:5.1.4, owaspAsvs-4.0:5.3.4, owaspAsvs-4.0:5.3.5, owaspTop10-2021:a3, owaspTop10:a1, pciDss-3.2:6.5.1, pciDss-4.0:6.2.4, stig-ASD_V5R3:V-222607, stig-ASD_V5R3:V-222609"
BenchmarkTest01623.java,javasecurity:S3649,true,BLOCKER,"[{'softwareQuality': 'SECURITY', 'severity': 'BLOCKER'}]","cwe:20, cwe:89, owaspAsvs-4.0:5.1.3, owaspAsvs-4.0:5.1.4, owaspAsvs-4.0:5.3.4, owaspAsvs-4.0:5.3.5, owaspTop10-2021:a3, owaspTop10:a1, pciDss-3.2:6.5.1, pciDss-4.0:6.2.4, stig-ASD_V5R3:V-222607, stig-ASD_V5R3:V-222609"
BenchmarkTest01624.java,javasecurity:S3649,true,BLOCKER,"[{'softwareQuality': 'SECURITY', 'severity': 'BLOCKER'}]","cwe:20, cwe:89, owaspAsvs-4.0:5.1.3, owaspAsvs-4.0:5.1.4, owaspAsvs-4.0:5.3.4, owaspAsvs-4.0:5.3.5, owaspTop10-2021:a3, owaspTop10:a1, pciDss-3.2:6.5.1, pciDss-4.0:6.2.4, stig-ASD_V5R3:V-222607, stig-ASD_V5R3:V-222609"
BenchmarkTest01625.java,javasecurity:S3649,true,BLOCKER,"[{'softwareQuality': 'SECURITY', 'severity': 'BLOCKER'}]","cwe:20, cwe:89, owaspAsvs-4.0:5.1.3, owaspAsvs-4.0:5.1.4, owaspAsvs-4.0:5.3.4, owaspAsvs-4.0:5.3.5, owaspTop10-2021:a3, owaspTop10:a1, pciDss-3.2:6.5.1, pciDss-4.0:6.2.4, stig-ASD_V5R3:V-222607, stig-ASD_V5R3:V-222609"
BenchmarkTest01626.java,javasecurity:S3649,true,BLOCKER,"[{'softwareQuality': 'SECURITY', 'severity': 'BLOCKER'}]","cwe:20, cwe:89, owaspAsvs-4.0:5.1.3, owaspAsvs-4.0:5.1.4, owaspAsvs-4.0:5.3.4, owaspAsvs-4.0:5.3.5, owaspTop10-2021:a3, owaspTop10:a1, pciDss-3.2:6.5.1, pciDss-4.0:6.2.4, stig-ASD_V5R3:V-222607, stig-ASD_V5R3:V-222609"
BenchmarkTest01627.java,javasecurity:S3649,true,BLOCKER,"[{'softwareQuality': 'SECURITY', 'severity': 'BLOCKER'}]","cwe:20, cwe:89, owaspAsvs-4.0:5.1.3, owaspAsvs-4.0:5.1.4, owaspAsvs-4.0:5.3.4, owaspAsvs-4.0:5.3.5, owaspTop10-2021:a3, owaspTop10:a1, pciDss-3.2:6.5.1, pciDss-4.0:6.2.4, stig-ASD_V5R3:V-222607, stig-ASD_V5R3:V-222609"
BenchmarkTest01628.java,javasecurity:S3649,true,BLOCKER,"[{'softwareQuality': 'SECURITY', 'severity': 'BLOCKER'}]","cwe:20, cwe:89, owaspAsvs-4.0:5.1.3, owaspAsvs-4.0:5.1.4, owaspAsvs-4.0:5.3.4, owaspAsvs-4.0:5.3.5, owaspTop10-2021:a3, owaspTop10:a1, pciDss-3.2:6.5.1, pciDss-4.0:6.2.4, stig-ASD_V5R3:V-222607, stig-ASD_V5R3:V-222609"
BenchmarkTest01629.java,javasecurity:S3649,true,BLOCKER,"[{'softwareQuality': 'SECURITY', 'severity': 'BLOCKER'}]","cwe:20, cwe:89, owaspAsvs-4.0:5.1.3, owaspAsvs-4.0:5.1.4, owaspAsvs-4.0:5.3.4, owaspAsvs-4.0:5.3.5, owaspTop10-2021:a3, owaspTop10:a1, pciDss-3.2:6.5.1, pciDss-4.0:6.2.4, stig-ASD_V5R3:V-222607, stig-ASD_V5R3:V-222609"
BenchmarkTest01630.java,javasecurity:S3649,true,BLOCKER,"[{'softwareQuality': 'SECURITY', 'severity': 'BLOCKER'}]","cwe:20, cwe:89, owaspAsvs-4.0:5.1.3, owaspAsvs-4.0:5.1.4, owaspAsvs-4.0:5.3.4, owaspAsvs-4.0:5.3.5, owaspTop10-2021:a3, owaspTop10:a1, pciDss-3.2:6.5.1, pciDss-4.0:6.2.4, stig-ASD_V5R3:V-222607, stig-ASD_V5R3:V-222609"
BenchmarkTest01631.java,javasecurity:S3649,true,BLOCKER,"[{'softwareQuality': 'SECURITY', 'severity': 'BLOCKER'}]","cwe:20, cwe:89, owaspAsvs-4.0:5.1.3, owaspAsvs-4.0:5.1.4, owaspAsvs-4.0:5.3.4, owaspAsvs-4.0:5.3.5, owaspTop10-2021:a3, owaspTop10:a1, pciDss-3.2:6.5.1, pciDss-4.0:6.2.4, stig-ASD_V5R3:V-222607, stig-ASD_V5R3:V-222609"
BenchmarkTest01632.java,javasecurity:S2091,true,BLOCKER,"[{'softwareQuality': 'SECURITY', 'severity': 'BLOCKER'}]","cwe:20, cwe:643, owaspAsvs-4.0:5.1.3, owaspAsvs-4.0:5.1.4, owaspAsvs-4.0:5.3.10, owaspTop10-2021:a3, owaspTop10:a1, pciDss-3.2:6.5.1, pciDss-4.0:6.2.4, stig-ASD_V5R3:V-222608, stig-ASD_V5R3:V-222609"
BenchmarkTest01634.java,java:S5542,true,CRITICAL,"[{'softwareQuality': 'SECURITY', 'severity': 'HIGH'}]","cwe:327, cwe:780, owaspAsvs-4.0:2.9.3, owaspAsvs-4.0:6.2.2, owaspAsvs-4.0:8.3.7, owaspTop10-2021:a2, owaspTop10:a3, owaspTop10:a6, pciDss-3.2:4.1, pciDss-3.2:6.5.3, pciDss-3.2:6.5.4, pciDss-4.0:4.2.1, pciDss-4.0:6.2.4"
BenchmarkTest01634.java,java:S5547,true,CRITICAL,"[{'softwareQuality': 'SECURITY', 'severity': 'HIGH'}]","cwe:326, cwe:327, owaspAsvs-4.0:6.2.2, owaspAsvs-4.0:6.2.3, owaspAsvs-4.0:6.2.5, owaspAsvs-4.0:8.3.7, owaspTop10-2021:a2, owaspTop10:a3, owaspTop10:a6, pciDss-3.2:4.1, pciDss-3.2:6.5.3, pciDss-3.2:6.5.4, pciDss-4.0:4.2.1, pciDss-4.0:6.2.4, stig-ASD_V5R3:V-222396"
BenchmarkTest01637.java,java:S5542,true,CRITICAL,"[{'softwareQuality': 'SECURITY', 'severity': 'HIGH'}]","cwe:327, cwe:780, owaspAsvs-4.0:2.9.3, owaspAsvs-4.0:6.2.2, owaspAsvs-4.0:8.3.7, owaspTop10-2021:a2, owaspTop10:a3, owaspTop10:a6, pciDss-3.2:4.1, pciDss-3.2:6.5.3, pciDss-3.2:6.5.4, pciDss-4.0:4.2.1, pciDss-4.0:6.2.4"
BenchmarkTest01637.java,java:S5547,true,CRITICAL,"[{'softwareQuality': 'SECURITY', 'severity': 'HIGH'}]","cwe:326, cwe:327, owaspAsvs-4.0:6.2.2, owaspAsvs-4.0:6.2.3, owaspAsvs-4.0:6.2.5, owaspAsvs-4.0:8.3.7, owaspTop10-2021:a2, owaspTop10:a3, owaspTop10:a6, pciDss-3.2:4.1, pciDss-3.2:6.5.3, pciDss-3.2:6.5.4, pciDss-4.0:4.2.1, pciDss-4.0:6.2.4, stig-ASD_V5R3:V-222396"
BenchmarkTest01638.java,java:S5542,true,CRITICAL,"[{'softwareQuality': 'SECURITY', 'severity': 'HIGH'}]","cwe:327, cwe:780, owaspAsvs-4.0:2.9.3, owaspAsvs-4.0:6.2.2, owaspAsvs-4.0:8.3.7, owaspTop10-2021:a2, owaspTop10:a3, owaspTop10:a6, pciDss-3.2:4.1, pciDss-3.2:6.5.3, pciDss-3.2:6.5.4, pciDss-4.0:4.2.1, pciDss-4.0:6.2.4"
BenchmarkTest01638.java,java:S5547,true,CRITICAL,"[{'softwareQuality': 'SECURITY', 'severity': 'HIGH'}]","cwe:326, cwe:327, owaspAsvs-4.0:6.2.2, owaspAsvs-4.0:6.2.3, owaspAsvs-4.0:6.2.5, owaspAsvs-4.0:8.3.7, owaspTop10-2021:a2, owaspTop10:a3, owaspTop10:a6, pciDss-3.2:4.1, pciDss-3.2:6.5.3, pciDss-3.2:6.5.4, pciDss-4.0:4.2.1, pciDss-4.0:6.2.4, stig-ASD_V5R3:V-222396"
BenchmarkTest01639.java,java:S5542,true,CRITICAL,"[{'softwareQuality': 'SECURITY', 'severity': 'HIGH'}]","cwe:327, cwe:780, owaspAsvs-4.0:2.9.3, owaspAsvs-4.0:6.2.2, owaspAsvs-4.0:8.3.7, owaspTop10-2021:a2, owaspTop10:a3, owaspTop10:a6, pciDss-3.2:4.1, pciDss-3.2:6.5.3, pciDss-3.2:6.5.4, pciDss-4.0:4.2.1, pciDss-4.0:6.2.4"
BenchmarkTest01639.java,java:S5547,true,CRITICAL,"[{'softwareQuality': 'SECURITY', 'severity': 'HIGH'}]","cwe:326, cwe:327, owaspAsvs-4.0:6.2.2, owaspAsvs-4.0:6.2.3, owaspAsvs-4.0:6.2.5, owaspAsvs-4.0:8.3.7, owaspTop10-2021:a2, owaspTop10:a3, owaspTop10:a6, pciDss-3.2:4.1, pciDss-3.2:6.5.3, pciDss-3.2:6.5.4, pciDss-4.0:4.2.1, pciDss-4.0:6.2.4, stig-ASD_V5R3:V-222396"
BenchmarkTest01641.java,java:S5542,true,CRITICAL,"[{'softwareQuality': 'SECURITY', 'severity': 'HIGH'}]","cwe:327, cwe:780, owaspAsvs-4.0:2.9.3, owaspAsvs-4.0:6.2.2, owaspAsvs-4.0:8.3.7, owaspTop10-2021:a2, owaspTop10:a3, owaspTop10:a6, pciDss-3.2:4.1, pciDss-3.2:6.5.3, pciDss-3.2:6.5.4, pciDss-4.0:4.2.1, pciDss-4.0:6.2.4"
BenchmarkTest01641.java,java:S5547,true,CRITICAL,"[{'softwareQuality': 'SECURITY', 'severity': 'HIGH'}]","cwe:326, cwe:327, owaspAsvs-4.0:6.2.2, owaspAsvs-4.0:6.2.3, owaspAsvs-4.0:6.2.5, owaspAsvs-4.0:8.3.7, owaspTop10-2021:a2, owaspTop10:a3, owaspTop10:a6, pciDss-3.2:4.1, pciDss-3.2:6.5.3, pciDss-3.2:6.5.4, pciDss-4.0:4.2.1, pciDss-4.0:6.2.4, stig-ASD_V5R3:V-222396"
BenchmarkTest01642.java,javasecurity:S6549,true,MAJOR,"[{'softwareQuality': 'SECURITY', 'severity': 'MEDIUM'}]","cwe:20, cwe:22, owaspAsvs-4.0:12.3.1, owaspAsvs-4.0:5.1.3, owaspAsvs-4.0:5.1.4, owaspTop10-2021:a1, owaspTop10-2021:a3, owaspTop10:a1, owaspTop10:a5, pciDss-3.2:6.5.8, pciDss-4.0:6.2.4, stig-ASD_V5R3:V-222609"
BenchmarkTest01643.java,javasecurity:S6549,true,MAJOR,"[{'softwareQuality': 'SECURITY', 'severity': 'MEDIUM'}]","cwe:20, cwe:22, owaspAsvs-4.0:12.3.1, owaspAsvs-4.0:5.1.3, owaspAsvs-4.0:5.1.4, owaspTop10-2021:a1, owaspTop10-2021:a3, owaspTop10:a1, owaspTop10:a5, pciDss-3.2:6.5.8, pciDss-4.0:6.2.4, stig-ASD_V5R3:V-222609"
BenchmarkTest01644.java,javasecurity:S2083,true,BLOCKER,"[{'softwareQuality': 'SECURITY', 'severity': 'BLOCKER'}]","cwe:20, cwe:22, owaspAsvs-4.0:12.3.1, owaspAsvs-4.0:5.1.3, owaspAsvs-4.0:5.1.4, owaspTop10-2021:a1, owaspTop10-2021:a3, owaspTop10:a1, owaspTop10:a5, pciDss-3.2:6.5.8, pciDss-4.0:6.2.4, stig-ASD_V5R3:V-222609"
BenchmarkTest01645.java,javasecurity:S2083,true,BLOCKER,"[{'softwareQuality': 'SECURITY', 'severity': 'BLOCKER'}]","cwe:20, cwe:22, owaspAsvs-4.0:12.3.1, owaspAsvs-4.0:5.1.3, owaspAsvs-4.0:5.1.4, owaspTop10-2021:a1, owaspTop10-2021:a3, owaspTop10:a1, owaspTop10:a5, pciDss-3.2:6.5.8, pciDss-4.0:6.2.4, stig-ASD_V5R3:V-222609"
BenchmarkTest01647.java,javasecurity:S2083,true,BLOCKER,"[{'softwareQuality': 'SECURITY', 'severity': 'BLOCKER'}]","cwe:20, cwe:22, owaspAsvs-4.0:12.3.1, owaspAsvs-4.0:5.1.3, owaspAsvs-4.0:5.1.4, owaspTop10-2021:a1, owaspTop10-2021:a3, owaspTop10:a1, owaspTop10:a5, pciDss-3.2:6.5.8, pciDss-4.0:6.2.4, stig-ASD_V5R3:V-222609"
BenchmarkTest01657.java,javasecurity:S5131,true,BLOCKER,"[{'softwareQuality': 'SECURITY', 'severity': 'BLOCKER'}]","cwe:79, owaspAsvs-4.0:5.3.3, owaspTop10-2021:a3, owaspTop10:a7, pciDss-3.2:6.5.7, pciDss-4.0:6.2.4, stig-ASD_V5R3:V-222602, stig-ASD_V5R3:V-222609"
BenchmarkTest01658.java,javasecurity:S5131,true,BLOCKER,"[{'softwareQuality': 'SECURITY', 'severity': 'BLOCKER'}]","cwe:79, owaspAsvs-4.0:5.3.3, owaspTop10-2021:a3, owaspTop10:a7, pciDss-3.2:6.5.7, pciDss-4.0:6.2.4, stig-ASD_V5R3:V-222602, stig-ASD_V5R3:V-222609"
BenchmarkTest01660.java,javasecurity:S5131,true,BLOCKER,"[{'softwareQuality': 'SECURITY', 'severity': 'BLOCKER'}]","cwe:79, owaspAsvs-4.0:5.3.3, owaspTop10-2021:a3, owaspTop10:a7, pciDss-3.2:6.5.7, pciDss-4.0:6.2.4, stig-ASD_V5R3:V-222602, stig-ASD_V5R3:V-222609"
BenchmarkTest01662.java,javasecurity:S5131,true,BLOCKER,"[{'softwareQuality': 'SECURITY', 'severity': 'BLOCKER'}]","cwe:79, owaspAsvs-4.0:5.3.3, owaspTop10-2021:a3, owaspTop10:a7, pciDss-3.2:6.5.7, pciDss-4.0:6.2.4, stig-ASD_V5R3:V-222602, stig-ASD_V5R3:V-222609"
BenchmarkTest01665.java,javasecurity:S5131,true,BLOCKER,"[{'softwareQuality': 'SECURITY', 'severity': 'BLOCKER'}]","cwe:79, owaspAsvs-4.0:5.3.3, owaspTop10-2021:a3, owaspTop10:a7, pciDss-3.2:6.5.7, pciDss-4.0:6.2.4, stig-ASD_V5R3:V-222602, stig-ASD_V5R3:V-222609"
BenchmarkTest01666.java,javasecurity:S5131,true,BLOCKER,"[{'softwareQuality': 'SECURITY', 'severity': 'BLOCKER'}]","cwe:79, owaspAsvs-4.0:5.3.3, owaspTop10-2021:a3, owaspTop10:a7, pciDss-3.2:6.5.7, pciDss-4.0:6.2.4, stig-ASD_V5R3:V-222602, stig-ASD_V5R3:V-222609"
BenchmarkTest01667.java,javasecurity:S5131,true,BLOCKER,"[{'softwareQuality': 'SECURITY', 'severity': 'BLOCKER'}]","cwe:79, owaspAsvs-4.0:5.3.3, owaspTop10-2021:a3, owaspTop10:a7, pciDss-3.2:6.5.7, pciDss-4.0:6.2.4, stig-ASD_V5R3:V-222602, stig-ASD_V5R3:V-222609"
BenchmarkTest01670.java,javasecurity:S5131,true,BLOCKER,"[{'softwareQuality': 'SECURITY', 'severity': 'BLOCKER'}]","cwe:79, owaspAsvs-4.0:5.3.3, owaspTop10-2021:a3, owaspTop10:a7, pciDss-3.2:6.5.7, pciDss-4.0:6.2.4, stig-ASD_V5R3:V-222602, stig-ASD_V5R3:V-222609"
BenchmarkTest01672.java,javasecurity:S2076,true,BLOCKER,"[{'softwareQuality': 'SECURITY', 'severity': 'BLOCKER'}]","cwe:20, cwe:78, owaspAsvs-4.0:12.3.5, owaspAsvs-4.0:5.1.3, owaspAsvs-4.0:5.1.4, owaspAsvs-4.0:5.3.8, owaspTop10-2021:a3, owaspTop10:a1, pciDss-3.2:6.5.1, pciDss-4.0:6.2.4, stig-ASD_V5R3:V-222604, stig-ASD_V5R3:V-222609"
BenchmarkTest01674.java,javasecurity:S2076,true,BLOCKER,"[{'softwareQuality': 'SECURITY', 'severity': 'BLOCKER'}]","cwe:20, cwe:78, owaspAsvs-4.0:12.3.5, owaspAsvs-4.0:5.1.3, owaspAsvs-4.0:5.1.4, owaspAsvs-4.0:5.3.8, owaspTop10-2021:a3, owaspTop10:a1, pciDss-3.2:6.5.1, pciDss-4.0:6.2.4, stig-ASD_V5R3:V-222604, stig-ASD_V5R3:V-222609"
BenchmarkTest01686.java,javasecurity:S6547,true,MAJOR,"[{'softwareQuality': 'SECURITY', 'severity': 'MEDIUM'}]","cwe:20, cwe:454, owaspAsvs-4.0:5.1.3, owaspAsvs-4.0:5.1.4, owaspTop10-2021:a3, owaspTop10:a1, stig-ASD_V5R3:V-222609"
BenchmarkTest01688.java,javasecurity:S2076,true,BLOCKER,"[{'softwareQuality': 'SECURITY', 'severity': 'BLOCKER'}]","cwe:20, cwe:78, owaspAsvs-4.0:12.3.5, owaspAsvs-4.0:5.1.3, owaspAsvs-4.0:5.1.4, owaspAsvs-4.0:5.3.8, owaspTop10-2021:a3, owaspTop10:a1, pciDss-3.2:6.5.1, pciDss-4.0:6.2.4, stig-ASD_V5R3:V-222604, stig-ASD_V5R3:V-222609"
BenchmarkTest01689.java,javasecurity:S2076,true,BLOCKER,"[{'softwareQuality': 'SECURITY', 'severity': 'BLOCKER'}]","cwe:20, cwe:78, owaspAsvs-4.0:12.3.5, owaspAsvs-4.0:5.1.3, owaspAsvs-4.0:5.1.4, owaspAsvs-4.0:5.3.8, owaspTop10-2021:a3, owaspTop10:a1, pciDss-3.2:6.5.1, pciDss-4.0:6.2.4, stig-ASD_V5R3:V-222604, stig-ASD_V5R3:V-222609"
BenchmarkTest01690.java,javasecurity:S6547,true,MAJOR,"[{'softwareQuality': 'SECURITY', 'severity': 'MEDIUM'}]","cwe:20, cwe:454, owaspAsvs-4.0:5.1.3, owaspAsvs-4.0:5.1.4, owaspTop10-2021:a3, owaspTop10:a1, stig-ASD_V5R3:V-222609"
BenchmarkTest01691.java,javasecurity:S6547,true,MAJOR,"[{'softwareQuality': 'SECURITY', 'severity': 'MEDIUM'}]","cwe:20, cwe:454, owaspAsvs-4.0:5.1.3, owaspAsvs-4.0:5.1.4, owaspTop10-2021:a3, owaspTop10:a1, stig-ASD_V5R3:V-222609"
BenchmarkTest01693.java,javasecurity:S2076,true,BLOCKER,"[{'softwareQuality': 'SECURITY', 'severity': 'BLOCKER'}]","cwe:20, cwe:78, owaspAsvs-4.0:12.3.5, owaspAsvs-4.0:5.1.3, owaspAsvs-4.0:5.1.4, owaspAsvs-4.0:5.3.8, owaspTop10-2021:a3, owaspTop10:a1, pciDss-3.2:6.5.1, pciDss-4.0:6.2.4, stig-ASD_V5R3:V-222604, stig-ASD_V5R3:V-222609"
BenchmarkTest01712.java,javasecurity:S3649,true,BLOCKER,"[{'softwareQuality': 'SECURITY', 'severity': 'BLOCKER'}]","cwe:20, cwe:89, owaspAsvs-4.0:5.1.3, owaspAsvs-4.0:5.1.4, owaspAsvs-4.0:5.3.4, owaspAsvs-4.0:5.3.5, owaspTop10-2021:a3, owaspTop10:a1, pciDss-3.2:6.5.1, pciDss-4.0:6.2.4, stig-ASD_V5R3:V-222607, stig-ASD_V5R3:V-222609"
BenchmarkTest01714.java,javasecurity:S3649,true,BLOCKER,"[{'softwareQuality': 'SECURITY', 'severity': 'BLOCKER'}]","cwe:20, cwe:89, owaspAsvs-4.0:5.1.3, owaspAsvs-4.0:5.1.4, owaspAsvs-4.0:5.3.4, owaspAsvs-4.0:5.3.5, owaspTop10-2021:a3, owaspTop10:a1, pciDss-3.2:6.5.1, pciDss-4.0:6.2.4, stig-ASD_V5R3:V-222607, stig-ASD_V5R3:V-222609"
BenchmarkTest01715.java,javasecurity:S3649,true,BLOCKER,"[{'softwareQuality': 'SECURITY', 'severity': 'BLOCKER'}]","cwe:20, cwe:89, owaspAsvs-4.0:5.1.3, owaspAsvs-4.0:5.1.4, owaspAsvs-4.0:5.3.4, owaspAsvs-4.0:5.3.5, owaspTop10-2021:a3, owaspTop10:a1, pciDss-3.2:6.5.1, pciDss-4.0:6.2.4, stig-ASD_V5R3:V-222607, stig-ASD_V5R3:V-222609"
BenchmarkTest01716.java,javasecurity:S3649,true,BLOCKER,"[{'softwareQuality': 'SECURITY', 'severity': 'BLOCKER'}]","cwe:20, cwe:89, owaspAsvs-4.0:5.1.3, owaspAsvs-4.0:5.1.4, owaspAsvs-4.0:5.3.4, owaspAsvs-4.0:5.3.5, owaspTop10-2021:a3, owaspTop10:a1, pciDss-3.2:6.5.1, pciDss-4.0:6.2.4, stig-ASD_V5R3:V-222607, stig-ASD_V5R3:V-222609"
BenchmarkTest01718.java,javasecurity:S3649,true,BLOCKER,"[{'softwareQuality': 'SECURITY', 'severity': 'BLOCKER'}]","cwe:20, cwe:89, owaspAsvs-4.0:5.1.3, owaspAsvs-4.0:5.1.4, owaspAsvs-4.0:5.3.4, owaspAsvs-4.0:5.3.5, owaspTop10-2021:a3, owaspTop10:a1, pciDss-3.2:6.5.1, pciDss-4.0:6.2.4, stig-ASD_V5R3:V-222607, stig-ASD_V5R3:V-222609"
BenchmarkTest01720.java,javasecurity:S3649,true,BLOCKER,"[{'softwareQuality': 'SECURITY', 'severity': 'BLOCKER'}]","cwe:20, cwe:89, owaspAsvs-4.0:5.1.3, owaspAsvs-4.0:5.1.4, owaspAsvs-4.0:5.3.4, owaspAsvs-4.0:5.3.5, owaspTop10-2021:a3, owaspTop10:a1, pciDss-3.2:6.5.1, pciDss-4.0:6.2.4, stig-ASD_V5R3:V-222607, stig-ASD_V5R3:V-222609"
BenchmarkTest01721.java,javasecurity:S3649,true,BLOCKER,"[{'softwareQuality': 'SECURITY', 'severity': 'BLOCKER'}]","cwe:20, cwe:89, owaspAsvs-4.0:5.1.3, owaspAsvs-4.0:5.1.4, owaspAsvs-4.0:5.3.4, owaspAsvs-4.0:5.3.5, owaspTop10-2021:a3, owaspTop10:a1, pciDss-3.2:6.5.1, pciDss-4.0:6.2.4, stig-ASD_V5R3:V-222607, stig-ASD_V5R3:V-222609"
BenchmarkTest01723.java,javasecurity:S3649,true,BLOCKER,"[{'softwareQuality': 'SECURITY', 'severity': 'BLOCKER'}]","cwe:20, cwe:89, owaspAsvs-4.0:5.1.3, owaspAsvs-4.0:5.1.4, owaspAsvs-4.0:5.3.4, owaspAsvs-4.0:5.3.5, owaspTop10-2021:a3, owaspTop10:a1, pciDss-3.2:6.5.1, pciDss-4.0:6.2.4, stig-ASD_V5R3:V-222607, stig-ASD_V5R3:V-222609"
BenchmarkTest01724.java,javasecurity:S3649,true,BLOCKER,"[{'softwareQuality': 'SECURITY', 'severity': 'BLOCKER'}]","cwe:20, cwe:89, owaspAsvs-4.0:5.1.3, owaspAsvs-4.0:5.1.4, owaspAsvs-4.0:5.3.4, owaspAsvs-4.0:5.3.5, owaspTop10-2021:a3, owaspTop10:a1, pciDss-3.2:6.5.1, pciDss-4.0:6.2.4, stig-ASD_V5R3:V-222607, stig-ASD_V5R3:V-222609"
BenchmarkTest01725.java,javasecurity:S3649,true,BLOCKER,"[{'softwareQuality': 'SECURITY', 'severity': 'BLOCKER'}]","cwe:20, cwe:89, owaspAsvs-4.0:5.1.3, owaspAsvs-4.0:5.1.4, owaspAsvs-4.0:5.3.4, owaspAsvs-4.0:5.3.5, owaspTop10-2021:a3, owaspTop10:a1, pciDss-3.2:6.5.1, pciDss-4.0:6.2.4, stig-ASD_V5R3:V-222607, stig-ASD_V5R3:V-222609"
BenchmarkTest01726.java,javasecurity:S3649,true,BLOCKER,"[{'softwareQuality': 'SECURITY', 'severity': 'BLOCKER'}]","cwe:20, cwe:89, owaspAsvs-4.0:5.1.3, owaspAsvs-4.0:5.1.4, owaspAsvs-4.0:5.3.4, owaspAsvs-4.0:5.3.5, owaspTop10-2021:a3, owaspTop10:a1, pciDss-3.2:6.5.1, pciDss-4.0:6.2.4, stig-ASD_V5R3:V-222607, stig-ASD_V5R3:V-222609"
BenchmarkTest01727.java,javasecurity:S3649,true,BLOCKER,"[{'softwareQuality': 'SECURITY', 'severity': 'BLOCKER'}]","cwe:20, cwe:89, owaspAsvs-4.0:5.1.3, owaspAsvs-4.0:5.1.4, owaspAsvs-4.0:5.3.4, owaspAsvs-4.0:5.3.5, owaspTop10-2021:a3, owaspTop10:a1, pciDss-3.2:6.5.1, pciDss-4.0:6.2.4, stig-ASD_V5R3:V-222607, stig-ASD_V5R3:V-222609"
BenchmarkTest01728.java,javasecurity:S3649,true,BLOCKER,"[{'softwareQuality': 'SECURITY', 'severity': 'BLOCKER'}]","cwe:20, cwe:89, owaspAsvs-4.0:5.1.3, owaspAsvs-4.0:5.1.4, owaspAsvs-4.0:5.3.4, owaspAsvs-4.0:5.3.5, owaspTop10-2021:a3, owaspTop10:a1, pciDss-3.2:6.5.1, pciDss-4.0:6.2.4, stig-ASD_V5R3:V-222607, stig-ASD_V5R3:V-222609"
BenchmarkTest01729.java,javasecurity:S3649,true,BLOCKER,"[{'softwareQuality': 'SECURITY', 'severity': 'BLOCKER'}]","cwe:20, cwe:89, owaspAsvs-4.0:5.1.3, owaspAsvs-4.0:5.1.4, owaspAsvs-4.0:5.3.4, owaspAsvs-4.0:5.3.5, owaspTop10-2021:a3, owaspTop10:a1, pciDss-3.2:6.5.1, pciDss-4.0:6.2.4, stig-ASD_V5R3:V-222607, stig-ASD_V5R3:V-222609"
BenchmarkTest01730.java,javasecurity:S3649,true,BLOCKER,"[{'softwareQuality': 'SECURITY', 'severity': 'BLOCKER'}]","cwe:20, cwe:89, owaspAsvs-4.0:5.1.3, owaspAsvs-4.0:5.1.4, owaspAsvs-4.0:5.3.4, owaspAsvs-4.0:5.3.5, owaspTop10-2021:a3, owaspTop10:a1, pciDss-3.2:6.5.1, pciDss-4.0:6.2.4, stig-ASD_V5R3:V-222607, stig-ASD_V5R3:V-222609"
BenchmarkTest01731.java,javasecurity:S3649,true,BLOCKER,"[{'softwareQuality': 'SECURITY', 'severity': 'BLOCKER'}]","cwe:20, cwe:89, owaspAsvs-4.0:5.1.3, owaspAsvs-4.0:5.1.4, owaspAsvs-4.0:5.3.4, owaspAsvs-4.0:5.3.5, owaspTop10-2021:a3, owaspTop10:a1, pciDss-3.2:6.5.1, pciDss-4.0:6.2.4, stig-ASD_V5R3:V-222607, stig-ASD_V5R3:V-222609"
BenchmarkTest01732.java,javasecurity:S3649,true,BLOCKER,"[{'softwareQuality': 'SECURITY', 'severity': 'BLOCKER'}]","cwe:20, cwe:89, owaspAsvs-4.0:5.1.3, owaspAsvs-4.0:5.1.4, owaspAsvs-4.0:5.3.4, owaspAsvs-4.0:5.3.5, owaspTop10-2021:a3, owaspTop10:a1, pciDss-3.2:6.5.1, pciDss-4.0:6.2.4, stig-ASD_V5R3:V-222607, stig-ASD_V5R3:V-222609"
BenchmarkTest01733.java,javasecurity:S3649,true,BLOCKER,"[{'softwareQuality': 'SECURITY', 'severity': 'BLOCKER'}]","cwe:20, cwe:89, owaspAsvs-4.0:5.1.3, owaspAsvs-4.0:5.1.4, owaspAsvs-4.0:5.3.4, owaspAsvs-4.0:5.3.5, owaspTop10-2021:a3, owaspTop10:a1, pciDss-3.2:6.5.1, pciDss-4.0:6.2.4, stig-ASD_V5R3:V-222607, stig-ASD_V5R3:V-222609"
BenchmarkTest01734.java,javasecurity:S2091,true,BLOCKER,"[{'softwareQuality': 'SECURITY', 'severity': 'BLOCKER'}]","cwe:20, cwe:643, owaspAsvs-4.0:5.1.3, owaspAsvs-4.0:5.1.4, owaspAsvs-4.0:5.3.10, owaspTop10-2021:a3, owaspTop10:a1, pciDss-3.2:6.5.1, pciDss-4.0:6.2.4, stig-ASD_V5R3:V-222608, stig-ASD_V5R3:V-222609"
BenchmarkTest01735.java,javasecurity:S2091,true,BLOCKER,"[{'softwareQuality': 'SECURITY', 'severity': 'BLOCKER'}]","cwe:20, cwe:643, owaspAsvs-4.0:5.1.3, owaspAsvs-4.0:5.1.4, owaspAsvs-4.0:5.3.10, owaspTop10-2021:a3, owaspTop10:a1, pciDss-3.2:6.5.1, pciDss-4.0:6.2.4, stig-ASD_V5R3:V-222608, stig-ASD_V5R3:V-222609"
BenchmarkTest01736.java,javasecurity:S2091,true,BLOCKER,"[{'softwareQuality': 'SECURITY', 'severity': 'BLOCKER'}]","cwe:20, cwe:643, owaspAsvs-4.0:5.1.3, owaspAsvs-4.0:5.1.4, owaspAsvs-4.0:5.3.10, owaspTop10-2021:a3, owaspTop10:a1, pciDss-3.2:6.5.1, pciDss-4.0:6.2.4, stig-ASD_V5R3:V-222608, stig-ASD_V5R3:V-222609"
BenchmarkTest01740.java,java:S5542,true,CRITICAL,"[{'softwareQuality': 'SECURITY', 'severity': 'HIGH'}]","cwe:327, cwe:780, owaspAsvs-4.0:2.9.3, owaspAsvs-4.0:6.2.2, owaspAsvs-4.0:8.3.7, owaspTop10-2021:a2, owaspTop10:a3, owaspTop10:a6, pciDss-3.2:4.1, pciDss-3.2:6.5.3, pciDss-3.2:6.5.4, pciDss-4.0:4.2.1, pciDss-4.0:6.2.4"
BenchmarkTest01740.java,java:S5547,true,CRITICAL,"[{'softwareQuality': 'SECURITY', 'severity': 'HIGH'}]","cwe:326, cwe:327, owaspAsvs-4.0:6.2.2, owaspAsvs-4.0:6.2.3, owaspAsvs-4.0:6.2.5, owaspAsvs-4.0:8.3.7, owaspTop10-2021:a2, owaspTop10:a3, owaspTop10:a6, pciDss-3.2:4.1, pciDss-3.2:6.5.3, pciDss-3.2:6.5.4, pciDss-4.0:4.2.1, pciDss-4.0:6.2.4, stig-ASD_V5R3:V-222396"
BenchmarkTest01741.java,java:S5542,true,CRITICAL,"[{'softwareQuality': 'SECURITY', 'severity': 'HIGH'}]","cwe:327, cwe:780, owaspAsvs-4.0:2.9.3, owaspAsvs-4.0:6.2.2, owaspAsvs-4.0:8.3.7, owaspTop10-2021:a2, owaspTop10:a3, owaspTop10:a6, pciDss-3.2:4.1, pciDss-3.2:6.5.3, pciDss-3.2:6.5.4, pciDss-4.0:4.2.1, pciDss-4.0:6.2.4"
BenchmarkTest01741.java,java:S5547,true,CRITICAL,"[{'softwareQuality': 'SECURITY', 'severity': 'HIGH'}]","cwe:326, cwe:327, owaspAsvs-4.0:6.2.2, owaspAsvs-4.0:6.2.3, owaspAsvs-4.0:6.2.5, owaspAsvs-4.0:8.3.7, owaspTop10-2021:a2, owaspTop10:a3, owaspTop10:a6, pciDss-3.2:4.1, pciDss-3.2:6.5.3, pciDss-3.2:6.5.4, pciDss-4.0:4.2.1, pciDss-4.0:6.2.4, stig-ASD_V5R3:V-222396"
BenchmarkTest01742.java,java:S5542,true,CRITICAL,"[{'softwareQuality': 'SECURITY', 'severity': 'HIGH'}]","cwe:327, cwe:780, owaspAsvs-4.0:2.9.3, owaspAsvs-4.0:6.2.2, owaspAsvs-4.0:8.3.7, owaspTop10-2021:a2, owaspTop10:a3, owaspTop10:a6, pciDss-3.2:4.1, pciDss-3.2:6.5.3, pciDss-3.2:6.5.4, pciDss-4.0:4.2.1, pciDss-4.0:6.2.4"
BenchmarkTest01742.java,java:S5547,true,CRITICAL,"[{'softwareQuality': 'SECURITY', 'severity': 'HIGH'}]","cwe:326, cwe:327, owaspAsvs-4.0:6.2.2, owaspAsvs-4.0:6.2.3, owaspAsvs-4.0:6.2.5, owaspAsvs-4.0:8.3.7, owaspTop10-2021:a2, owaspTop10:a3, owaspTop10:a6, pciDss-3.2:4.1, pciDss-3.2:6.5.3, pciDss-3.2:6.5.4, pciDss-4.0:4.2.1, pciDss-4.0:6.2.4, stig-ASD_V5R3:V-222396"
BenchmarkTest01822.java,java:S5542,true,CRITICAL,"[{'softwareQuality': 'SECURITY', 'severity': 'HIGH'}]","cwe:327, cwe:780, owaspAsvs-4.0:2.9.3, owaspAsvs-4.0:6.2.2, owaspAsvs-4.0:8.3.7, owaspTop10-2021:a2, owaspTop10:a3, owaspTop10:a6, pciDss-3.2:4.1, pciDss-3.2:6.5.3, pciDss-3.2:6.5.4, pciDss-4.0:4.2.1, pciDss-4.0:6.2.4"
BenchmarkTest01822.java,java:S5547,true,CRITICAL,"[{'softwareQuality': 'SECURITY', 'severity': 'HIGH'}]","cwe:326, cwe:327, owaspAsvs-4.0:6.2.2, owaspAsvs-4.0:6.2.3, owaspAsvs-4.0:6.2.5, owaspAsvs-4.0:8.3.7, owaspTop10-2021:a2, owaspTop10:a3, owaspTop10:a6, pciDss-3.2:4.1, pciDss-3.2:6.5.3, pciDss-3.2:6.5.4, pciDss-4.0:4.2.1, pciDss-4.0:6.2.4, stig-ASD_V5R3:V-222396"
BenchmarkTest01823.java,java:S5542,true,CRITICAL,"[{'softwareQuality': 'SECURITY', 'severity': 'HIGH'}]","cwe:327, cwe:780, owaspAsvs-4.0:2.9.3, owaspAsvs-4.0:6.2.2, owaspAsvs-4.0:8.3.7, owaspTop10-2021:a2, owaspTop10:a3, owaspTop10:a6, pciDss-3.2:4.1, pciDss-3.2:6.5.3, pciDss-3.2:6.5.4, pciDss-4.0:4.2.1, pciDss-4.0:6.2.4"
BenchmarkTest01823.java,java:S5547,true,CRITICAL,"[{'softwareQuality': 'SECURITY', 'severity': 'HIGH'}]","cwe:326, cwe:327, owaspAsvs-4.0:6.2.2, owaspAsvs-4.0:6.2.3, owaspAsvs-4.0:6.2.5, owaspAsvs-4.0:8.3.7, owaspTop10-2021:a2, owaspTop10:a3, owaspTop10:a6, pciDss-3.2:4.1, pciDss-3.2:6.5.3, pciDss-3.2:6.5.4, pciDss-4.0:4.2.1, pciDss-4.0:6.2.4, stig-ASD_V5R3:V-222396"
BenchmarkTest01829.java,java:S5542,true,CRITICAL,"[{'softwareQuality': 'SECURITY', 'severity': 'HIGH'}]","cwe:327, cwe:780, owaspAsvs-4.0:2.9.3, owaspAsvs-4.0:6.2.2, owaspAsvs-4.0:8.3.7, owaspTop10-2021:a2, owaspTop10:a3, owaspTop10:a6, pciDss-3.2:4.1, pciDss-3.2:6.5.3, pciDss-3.2:6.5.4, pciDss-4.0:4.2.1, pciDss-4.0:6.2.4"
BenchmarkTest01829.java,java:S5547,true,CRITICAL,"[{'softwareQuality': 'SECURITY', 'severity': 'HIGH'}]","cwe:326, cwe:327, owaspAsvs-4.0:6.2.2, owaspAsvs-4.0:6.2.3, owaspAsvs-4.0:6.2.5, owaspAsvs-4.0:8.3.7, owaspTop10-2021:a2, owaspTop10:a3, owaspTop10:a6, pciDss-3.2:4.1, pciDss-3.2:6.5.3, pciDss-3.2:6.5.4, pciDss-4.0:4.2.1, pciDss-4.0:6.2.4, stig-ASD_V5R3:V-222396"
BenchmarkTest01830.java,java:S5542,true,CRITICAL,"[{'softwareQuality': 'SECURITY', 'severity': 'HIGH'}]","cwe:327, cwe:780, owaspAsvs-4.0:2.9.3, owaspAsvs-4.0:6.2.2, owaspAsvs-4.0:8.3.7, owaspTop10-2021:a2, owaspTop10:a3, owaspTop10:a6, pciDss-3.2:4.1, pciDss-3.2:6.5.3, pciDss-3.2:6.5.4, pciDss-4.0:4.2.1, pciDss-4.0:6.2.4"
BenchmarkTest01830.java,java:S5547,true,CRITICAL,"[{'softwareQuality': 'SECURITY', 'severity': 'HIGH'}]","cwe:326, cwe:327, owaspAsvs-4.0:6.2.2, owaspAsvs-4.0:6.2.3, owaspAsvs-4.0:6.2.5, owaspAsvs-4.0:8.3.7, owaspTop10-2021:a2, owaspTop10:a3, owaspTop10:a6, pciDss-3.2:4.1, pciDss-3.2:6.5.3, pciDss-3.2:6.5.4, pciDss-4.0:4.2.1, pciDss-4.0:6.2.4, stig-ASD_V5R3:V-222396"
BenchmarkTest01831.java,javasecurity:S2078,true,BLOCKER,"[{'softwareQuality': 'SECURITY', 'severity': 'BLOCKER'}]","cwe:20, cwe:90, owaspAsvs-4.0:5.1.3, owaspAsvs-4.0:5.1.4, owaspAsvs-4.0:5.3.7, owaspTop10-2021:a3, owaspTop10:a1, pciDss-3.2:6.5.1, pciDss-4.0:6.2.4, stig-ASD_V5R3:V-222609"
BenchmarkTest01832.java,javasecurity:S2078,true,BLOCKER,"[{'softwareQuality': 'SECURITY', 'severity': 'BLOCKER'}]","cwe:20, cwe:90, owaspAsvs-4.0:5.1.3, owaspAsvs-4.0:5.1.4, owaspAsvs-4.0:5.3.7, owaspTop10-2021:a3, owaspTop10:a1, pciDss-3.2:6.5.1, pciDss-4.0:6.2.4, stig-ASD_V5R3:V-222609"
BenchmarkTest01833.java,javasecurity:S6549,true,MAJOR,"[{'softwareQuality': 'SECURITY', 'severity': 'MEDIUM'}]","cwe:20, cwe:22, owaspAsvs-4.0:12.3.1, owaspAsvs-4.0:5.1.3, owaspAsvs-4.0:5.1.4, owaspTop10-2021:a1, owaspTop10-2021:a3, owaspTop10:a1, owaspTop10:a5, pciDss-3.2:6.5.8, pciDss-4.0:6.2.4, stig-ASD_V5R3:V-222609"
BenchmarkTest01834.java,javasecurity:S6549,true,MAJOR,"[{'softwareQuality': 'SECURITY', 'severity': 'MEDIUM'}]","cwe:20, cwe:22, owaspAsvs-4.0:12.3.1, owaspAsvs-4.0:5.1.3, owaspAsvs-4.0:5.1.4, owaspTop10-2021:a1, owaspTop10-2021:a3, owaspTop10:a1, owaspTop10:a5, pciDss-3.2:6.5.8, pciDss-4.0:6.2.4, stig-ASD_V5R3:V-222609"
BenchmarkTest01835.java,javasecurity:S6549,true,MAJOR,"[{'softwareQuality': 'SECURITY', 'severity': 'MEDIUM'}]","cwe:20, cwe:22, owaspAsvs-4.0:12.3.1, owaspAsvs-4.0:5.1.3, owaspAsvs-4.0:5.1.4, owaspTop10-2021:a1, owaspTop10-2021:a3, owaspTop10:a1, owaspTop10:a5, pciDss-3.2:6.5.8, pciDss-4.0:6.2.4, stig-ASD_V5R3:V-222609"
BenchmarkTest01836.java,javasecurity:S6549,true,MAJOR,"[{'softwareQuality': 'SECURITY', 'severity': 'MEDIUM'}]","cwe:20, cwe:22, owaspAsvs-4.0:12.3.1, owaspAsvs-4.0:5.1.3, owaspAsvs-4.0:5.1.4, owaspTop10-2021:a1, owaspTop10-2021:a3, owaspTop10:a1, owaspTop10:a5, pciDss-3.2:6.5.8, pciDss-4.0:6.2.4, stig-ASD_V5R3:V-222609"
BenchmarkTest01838.java,javasecurity:S2083,true,BLOCKER,"[{'softwareQuality': 'SECURITY', 'severity': 'BLOCKER'}]","cwe:20, cwe:22, owaspAsvs-4.0:12.3.1, owaspAsvs-4.0:5.1.3, owaspAsvs-4.0:5.1.4, owaspTop10-2021:a1, owaspTop10-2021:a3, owaspTop10:a1, owaspTop10:a5, pciDss-3.2:6.5.8, pciDss-4.0:6.2.4, stig-ASD_V5R3:V-222609"
BenchmarkTest01839.java,javasecurity:S2083,true,BLOCKER,"[{'softwareQuality': 'SECURITY', 'severity': 'BLOCKER'}]","cwe:20, cwe:22, owaspAsvs-4.0:12.3.1, owaspAsvs-4.0:5.1.3, owaspAsvs-4.0:5.1.4, owaspTop10-2021:a1, owaspTop10-2021:a3, owaspTop10:a1, owaspTop10:a5, pciDss-3.2:6.5.8, pciDss-4.0:6.2.4, stig-ASD_V5R3:V-222609"
BenchmarkTest01840.java,javasecurity:S2083,true,BLOCKER,"[{'softwareQuality': 'SECURITY', 'severity': 'BLOCKER'}]","cwe:20, cwe:22, owaspAsvs-4.0:12.3.1, owaspAsvs-4.0:5.1.3, owaspAsvs-4.0:5.1.4, owaspTop10-2021:a1, owaspTop10-2021:a3, owaspTop10:a1, owaspTop10:a5, pciDss-3.2:6.5.8, pciDss-4.0:6.2.4, stig-ASD_V5R3:V-222609"
BenchmarkTest01852.java,javasecurity:S2076,true,BLOCKER,"[{'softwareQuality': 'SECURITY', 'severity': 'BLOCKER'}]","cwe:20, cwe:78, owaspAsvs-4.0:12.3.5, owaspAsvs-4.0:5.1.3, owaspAsvs-4.0:5.1.4, owaspAsvs-4.0:5.3.8, owaspTop10-2021:a3, owaspTop10:a1, pciDss-3.2:6.5.1, pciDss-4.0:6.2.4, stig-ASD_V5R3:V-222604, stig-ASD_V5R3:V-222609"
BenchmarkTest01864.java,javasecurity:S2076,true,BLOCKER,"[{'softwareQuality': 'SECURITY', 'severity': 'BLOCKER'}]","cwe:20, cwe:78, owaspAsvs-4.0:12.3.5, owaspAsvs-4.0:5.1.3, owaspAsvs-4.0:5.1.4, owaspAsvs-4.0:5.3.8, owaspTop10-2021:a3, owaspTop10:a1, pciDss-3.2:6.5.1, pciDss-4.0:6.2.4, stig-ASD_V5R3:V-222604, stig-ASD_V5R3:V-222609"
BenchmarkTest01877.java,javasecurity:S3649,true,BLOCKER,"[{'softwareQuality': 'SECURITY', 'severity': 'BLOCKER'}]","cwe:20, cwe:89, owaspAsvs-4.0:5.1.3, owaspAsvs-4.0:5.1.4, owaspAsvs-4.0:5.3.4, owaspAsvs-4.0:5.3.5, owaspTop10-2021:a3, owaspTop10:a1, pciDss-3.2:6.5.1, pciDss-4.0:6.2.4, stig-ASD_V5R3:V-222607, stig-ASD_V5R3:V-222609"
BenchmarkTest01878.java,javasecurity:S3649,true,BLOCKER,"[{'softwareQuality': 'SECURITY', 'severity': 'BLOCKER'}]","cwe:20, cwe:89, owaspAsvs-4.0:5.1.3, owaspAsvs-4.0:5.1.4, owaspAsvs-4.0:5.3.4, owaspAsvs-4.0:5.3.5, owaspTop10-2021:a3, owaspTop10:a1, pciDss-3.2:6.5.1, pciDss-4.0:6.2.4, stig-ASD_V5R3:V-222607, stig-ASD_V5R3:V-222609"
BenchmarkTest01881.java,javasecurity:S3649,true,BLOCKER,"[{'softwareQuality': 'SECURITY', 'severity': 'BLOCKER'}]","cwe:20, cwe:89, owaspAsvs-4.0:5.1.3, owaspAsvs-4.0:5.1.4, owaspAsvs-4.0:5.3.4, owaspAsvs-4.0:5.3.5, owaspTop10-2021:a3, owaspTop10:a1, pciDss-3.2:6.5.1, pciDss-4.0:6.2.4, stig-ASD_V5R3:V-222607, stig-ASD_V5R3:V-222609"
BenchmarkTest01882.java,javasecurity:S3649,true,BLOCKER,"[{'softwareQuality': 'SECURITY', 'severity': 'BLOCKER'}]","cwe:20, cwe:89, owaspAsvs-4.0:5.1.3, owaspAsvs-4.0:5.1.4, owaspAsvs-4.0:5.3.4, owaspAsvs-4.0:5.3.5, owaspTop10-2021:a3, owaspTop10:a1, pciDss-3.2:6.5.1, pciDss-4.0:6.2.4, stig-ASD_V5R3:V-222607, stig-ASD_V5R3:V-222609"
BenchmarkTest01883.java,javasecurity:S3649,true,BLOCKER,"[{'softwareQuality': 'SECURITY', 'severity': 'BLOCKER'}]","cwe:20, cwe:89, owaspAsvs-4.0:5.1.3, owaspAsvs-4.0:5.1.4, owaspAsvs-4.0:5.3.4, owaspAsvs-4.0:5.3.5, owaspTop10-2021:a3, owaspTop10:a1, pciDss-3.2:6.5.1, pciDss-4.0:6.2.4, stig-ASD_V5R3:V-222607, stig-ASD_V5R3:V-222609"
BenchmarkTest01884.java,javasecurity:S3649,true,BLOCKER,"[{'softwareQuality': 'SECURITY', 'severity': 'BLOCKER'}]","cwe:20, cwe:89, owaspAsvs-4.0:5.1.3, owaspAsvs-4.0:5.1.4, owaspAsvs-4.0:5.3.4, owaspAsvs-4.0:5.3.5, owaspTop10-2021:a3, owaspTop10:a1, pciDss-3.2:6.5.1, pciDss-4.0:6.2.4, stig-ASD_V5R3:V-222607, stig-ASD_V5R3:V-222609"
BenchmarkTest01887.java,javasecurity:S3649,true,BLOCKER,"[{'softwareQuality': 'SECURITY', 'severity': 'BLOCKER'}]","cwe:20, cwe:89, owaspAsvs-4.0:5.1.3, owaspAsvs-4.0:5.1.4, owaspAsvs-4.0:5.3.4, owaspAsvs-4.0:5.3.5, owaspTop10-2021:a3, owaspTop10:a1, pciDss-3.2:6.5.1, pciDss-4.0:6.2.4, stig-ASD_V5R3:V-222607, stig-ASD_V5R3:V-222609"
BenchmarkTest01888.java,javasecurity:S3649,true,BLOCKER,"[{'softwareQuality': 'SECURITY', 'severity': 'BLOCKER'}]","cwe:20, cwe:89, owaspAsvs-4.0:5.1.3, owaspAsvs-4.0:5.1.4, owaspAsvs-4.0:5.3.4, owaspAsvs-4.0:5.3.5, owaspTop10-2021:a3, owaspTop10:a1, pciDss-3.2:6.5.1, pciDss-4.0:6.2.4, stig-ASD_V5R3:V-222607, stig-ASD_V5R3:V-222609"
BenchmarkTest01889.java,javasecurity:S3649,true,BLOCKER,"[{'softwareQuality': 'SECURITY', 'severity': 'BLOCKER'}]","cwe:20, cwe:89, owaspAsvs-4.0:5.1.3, owaspAsvs-4.0:5.1.4, owaspAsvs-4.0:5.3.4, owaspAsvs-4.0:5.3.5, owaspTop10-2021:a3, owaspTop10:a1, pciDss-3.2:6.5.1, pciDss-4.0:6.2.4, stig-ASD_V5R3:V-222607, stig-ASD_V5R3:V-222609"
BenchmarkTest01890.java,javasecurity:S3649,true,BLOCKER,"[{'softwareQuality': 'SECURITY', 'severity': 'BLOCKER'}]","cwe:20, cwe:89, owaspAsvs-4.0:5.1.3, owaspAsvs-4.0:5.1.4, owaspAsvs-4.0:5.3.4, owaspAsvs-4.0:5.3.5, owaspTop10-2021:a3, owaspTop10:a1, pciDss-3.2:6.5.1, pciDss-4.0:6.2.4, stig-ASD_V5R3:V-222607, stig-ASD_V5R3:V-222609"
BenchmarkTest01891.java,javasecurity:S3649,true,BLOCKER,"[{'softwareQuality': 'SECURITY', 'severity': 'BLOCKER'}]","cwe:20, cwe:89, owaspAsvs-4.0:5.1.3, owaspAsvs-4.0:5.1.4, owaspAsvs-4.0:5.3.4, owaspAsvs-4.0:5.3.5, owaspTop10-2021:a3, owaspTop10:a1, pciDss-3.2:6.5.1, pciDss-4.0:6.2.4, stig-ASD_V5R3:V-222607, stig-ASD_V5R3:V-222609"
BenchmarkTest01892.java,javasecurity:S2091,true,BLOCKER,"[{'softwareQuality': 'SECURITY', 'severity': 'BLOCKER'}]","cwe:20, cwe:643, owaspAsvs-4.0:5.1.3, owaspAsvs-4.0:5.1.4, owaspAsvs-4.0:5.3.10, owaspTop10-2021:a3, owaspTop10:a1, pciDss-3.2:6.5.1, pciDss-4.0:6.2.4, stig-ASD_V5R3:V-222608, stig-ASD_V5R3:V-222609"
BenchmarkTest01893.java,javasecurity:S2091,true,BLOCKER,"[{'softwareQuality': 'SECURITY', 'severity': 'BLOCKER'}]","cwe:20, cwe:643, owaspAsvs-4.0:5.1.3, owaspAsvs-4.0:5.1.4, owaspAsvs-4.0:5.3.10, owaspTop10-2021:a3, owaspTop10:a1, pciDss-3.2:6.5.1, pciDss-4.0:6.2.4, stig-ASD_V5R3:V-222608, stig-ASD_V5R3:V-222609"
BenchmarkTest01894.java,javasecurity:S2091,true,BLOCKER,"[{'softwareQuality': 'SECURITY', 'severity': 'BLOCKER'}]","cwe:20, cwe:643, owaspAsvs-4.0:5.1.3, owaspAsvs-4.0:5.1.4, owaspAsvs-4.0:5.3.10, owaspTop10-2021:a3, owaspTop10:a1, pciDss-3.2:6.5.1, pciDss-4.0:6.2.4, stig-ASD_V5R3:V-222608, stig-ASD_V5R3:V-222609"
BenchmarkTest01895.java,java:S5542,true,CRITICAL,"[{'softwareQuality': 'SECURITY', 'severity': 'HIGH'}]","cwe:327, cwe:780, owaspAsvs-4.0:2.9.3, owaspAsvs-4.0:6.2.2, owaspAsvs-4.0:8.3.7, owaspTop10-2021:a2, owaspTop10:a3, owaspTop10:a6, pciDss-3.2:4.1, pciDss-3.2:6.5.3, pciDss-3.2:6.5.4, pciDss-4.0:4.2.1, pciDss-4.0:6.2.4"
BenchmarkTest01895.java,java:S5547,true,CRITICAL,"[{'softwareQuality': 'SECURITY', 'severity': 'HIGH'}]","cwe:326, cwe:327, owaspAsvs-4.0:6.2.2, owaspAsvs-4.0:6.2.3, owaspAsvs-4.0:6.2.5, owaspAsvs-4.0:8.3.7, owaspTop10-2021:a2, owaspTop10:a3, owaspTop10:a6, pciDss-3.2:4.1, pciDss-3.2:6.5.3, pciDss-3.2:6.5.4, pciDss-4.0:4.2.1, pciDss-4.0:6.2.4, stig-ASD_V5R3:V-222396"
BenchmarkTest01897.java,java:S5542,true,CRITICAL,"[{'softwareQuality': 'SECURITY', 'severity': 'HIGH'}]","cwe:327, cwe:780, owaspAsvs-4.0:2.9.3, owaspAsvs-4.0:6.2.2, owaspAsvs-4.0:8.3.7, owaspTop10-2021:a2, owaspTop10:a3, owaspTop10:a6, pciDss-3.2:4.1, pciDss-3.2:6.5.3, pciDss-3.2:6.5.4, pciDss-4.0:4.2.1, pciDss-4.0:6.2.4"
BenchmarkTest01897.java,java:S5547,true,CRITICAL,"[{'softwareQuality': 'SECURITY', 'severity': 'HIGH'}]","cwe:326, cwe:327, owaspAsvs-4.0:6.2.2, owaspAsvs-4.0:6.2.3, owaspAsvs-4.0:6.2.5, owaspAsvs-4.0:8.3.7, owaspTop10-2021:a2, owaspTop10:a3, owaspTop10:a6, pciDss-3.2:4.1, pciDss-3.2:6.5.3, pciDss-3.2:6.5.4, pciDss-4.0:4.2.1, pciDss-4.0:6.2.4, stig-ASD_V5R3:V-222396"
BenchmarkTest01898.java,java:S5542,true,CRITICAL,"[{'softwareQuality': 'SECURITY', 'severity': 'HIGH'}]","cwe:327, cwe:780, owaspAsvs-4.0:2.9.3, owaspAsvs-4.0:6.2.2, owaspAsvs-4.0:8.3.7, owaspTop10-2021:a2, owaspTop10:a3, owaspTop10:a6, pciDss-3.2:4.1, pciDss-3.2:6.5.3, pciDss-3.2:6.5.4, pciDss-4.0:4.2.1, pciDss-4.0:6.2.4"
BenchmarkTest01898.java,java:S5547,true,CRITICAL,"[{'softwareQuality': 'SECURITY', 'severity': 'HIGH'}]","cwe:326, cwe:327, owaspAsvs-4.0:6.2.2, owaspAsvs-4.0:6.2.3, owaspAsvs-4.0:6.2.5, owaspAsvs-4.0:8.3.7, owaspTop10-2021:a2, owaspTop10:a3, owaspTop10:a6, pciDss-3.2:4.1, pciDss-3.2:6.5.3, pciDss-3.2:6.5.4, pciDss-4.0:4.2.1, pciDss-4.0:6.2.4, stig-ASD_V5R3:V-222396"
BenchmarkTest01900.java,java:S5542,true,CRITICAL,"[{'softwareQuality': 'SECURITY', 'severity': 'HIGH'}]","cwe:327, cwe:780, owaspAsvs-4.0:2.9.3, owaspAsvs-4.0:6.2.2, owaspAsvs-4.0:8.3.7, owaspTop10-2021:a2, owaspTop10:a3, owaspTop10:a6, pciDss-3.2:4.1, pciDss-3.2:6.5.3, pciDss-3.2:6.5.4, pciDss-4.0:4.2.1, pciDss-4.0:6.2.4"
BenchmarkTest01900.java,java:S5547,true,CRITICAL,"[{'softwareQuality': 'SECURITY', 'severity': 'HIGH'}]","cwe:326, cwe:327, owaspAsvs-4.0:6.2.2, owaspAsvs-4.0:6.2.3, owaspAsvs-4.0:6.2.5, owaspAsvs-4.0:8.3.7, owaspTop10-2021:a2, owaspTop10:a3, owaspTop10:a6, pciDss-3.2:4.1, pciDss-3.2:6.5.3, pciDss-3.2:6.5.4, pciDss-4.0:4.2.1, pciDss-4.0:6.2.4, stig-ASD_V5R3:V-222396"
BenchmarkTest01901.java,java:S5542,true,CRITICAL,"[{'softwareQuality': 'SECURITY', 'severity': 'HIGH'}]","cwe:327, cwe:780, owaspAsvs-4.0:2.9.3, owaspAsvs-4.0:6.2.2, owaspAsvs-4.0:8.3.7, owaspTop10-2021:a2, owaspTop10:a3, owaspTop10:a6, pciDss-3.2:4.1, pciDss-3.2:6.5.3, pciDss-3.2:6.5.4, pciDss-4.0:4.2.1, pciDss-4.0:6.2.4"
BenchmarkTest01902.java,javasecurity:S2078,true,BLOCKER,"[{'softwareQuality': 'SECURITY', 'severity': 'BLOCKER'}]","cwe:20, cwe:90, owaspAsvs-4.0:5.1.3, owaspAsvs-4.0:5.1.4, owaspAsvs-4.0:5.3.7, owaspTop10-2021:a3, owaspTop10:a1, pciDss-3.2:6.5.1, pciDss-4.0:6.2.4, stig-ASD_V5R3:V-222609"
BenchmarkTest01903.java,javasecurity:S2078,true,BLOCKER,"[{'softwareQuality': 'SECURITY', 'severity': 'BLOCKER'}]","cwe:20, cwe:90, owaspAsvs-4.0:5.1.3, owaspAsvs-4.0:5.1.4, owaspAsvs-4.0:5.3.7, owaspTop10-2021:a3, owaspTop10:a1, pciDss-3.2:6.5.1, pciDss-4.0:6.2.4, stig-ASD_V5R3:V-222609"
BenchmarkTest01904.java,javasecurity:S6549,true,MAJOR,"[{'softwareQuality': 'SECURITY', 'severity': 'MEDIUM'}]","cwe:20, cwe:22, owaspAsvs-4.0:12.3.1, owaspAsvs-4.0:5.1.3, owaspAsvs-4.0:5.1.4, owaspTop10-2021:a1, owaspTop10-2021:a3, owaspTop10:a1, owaspTop10:a5, pciDss-3.2:6.5.8, pciDss-4.0:6.2.4, stig-ASD_V5R3:V-222609"
BenchmarkTest01906.java,javasecurity:S2083,true,BLOCKER,"[{'softwareQuality': 'SECURITY', 'severity': 'BLOCKER'}]","cwe:20, cwe:22, owaspAsvs-4.0:12.3.1, owaspAsvs-4.0:5.1.3, owaspAsvs-4.0:5.1.4, owaspTop10-2021:a1, owaspTop10-2021:a3, owaspTop10:a1, owaspTop10:a5, pciDss-3.2:6.5.8, pciDss-4.0:6.2.4, stig-ASD_V5R3:V-222609"
BenchmarkTest01907.java,javasecurity:S2083,true,BLOCKER,"[{'softwareQuality': 'SECURITY', 'severity': 'BLOCKER'}]","cwe:20, cwe:22, owaspAsvs-4.0:12.3.1, owaspAsvs-4.0:5.1.3, owaspAsvs-4.0:5.1.4, owaspTop10-2021:a1, owaspTop10-2021:a3, owaspTop10:a1, owaspTop10:a5, pciDss-3.2:6.5.8, pciDss-4.0:6.2.4, stig-ASD_V5R3:V-222609"
BenchmarkTest01908.java,javasecurity:S2083,true,BLOCKER,"[{'softwareQuality': 'SECURITY', 'severity': 'BLOCKER'}]","cwe:20, cwe:22, owaspAsvs-4.0:12.3.1, owaspAsvs-4.0:5.1.3, owaspAsvs-4.0:5.1.4, owaspTop10-2021:a1, owaspTop10-2021:a3, owaspTop10:a1, owaspTop10:a5, pciDss-3.2:6.5.8, pciDss-4.0:6.2.4, stig-ASD_V5R3:V-222609"
BenchmarkTest01914.java,javasecurity:S5131,true,BLOCKER,"[{'softwareQuality': 'SECURITY', 'severity': 'BLOCKER'}]","cwe:79, owaspAsvs-4.0:5.3.3, owaspTop10-2021:a3, owaspTop10:a7, pciDss-3.2:6.5.7, pciDss-4.0:6.2.4, stig-ASD_V5R3:V-222602, stig-ASD_V5R3:V-222609"
BenchmarkTest01915.java,javasecurity:S5131,true,BLOCKER,"[{'softwareQuality': 'SECURITY', 'severity': 'BLOCKER'}]","cwe:79, owaspAsvs-4.0:5.3.3, owaspTop10-2021:a3, owaspTop10:a7, pciDss-3.2:6.5.7, pciDss-4.0:6.2.4, stig-ASD_V5R3:V-222602, stig-ASD_V5R3:V-222609"
BenchmarkTest01916.java,javasecurity:S5131,true,BLOCKER,"[{'softwareQuality': 'SECURITY', 'severity': 'BLOCKER'}]","cwe:79, owaspAsvs-4.0:5.3.3, owaspTop10-2021:a3, owaspTop10:a7, pciDss-3.2:6.5.7, pciDss-4.0:6.2.4, stig-ASD_V5R3:V-222602, stig-ASD_V5R3:V-222609"
BenchmarkTest01918.java,javasecurity:S5131,true,BLOCKER,"[{'softwareQuality': 'SECURITY', 'severity': 'BLOCKER'}]","cwe:79, owaspAsvs-4.0:5.3.3, owaspTop10-2021:a3, owaspTop10:a7, pciDss-3.2:6.5.7, pciDss-4.0:6.2.4, stig-ASD_V5R3:V-222602, stig-ASD_V5R3:V-222609"
BenchmarkTest01919.java,javasecurity:S5131,true,BLOCKER,"[{'softwareQuality': 'SECURITY', 'severity': 'BLOCKER'}]","cwe:79, owaspAsvs-4.0:5.3.3, owaspTop10-2021:a3, owaspTop10:a7, pciDss-3.2:6.5.7, pciDss-4.0:6.2.4, stig-ASD_V5R3:V-222602, stig-ASD_V5R3:V-222609"
BenchmarkTest01920.java,javasecurity:S5131,true,BLOCKER,"[{'softwareQuality': 'SECURITY', 'severity': 'BLOCKER'}]","cwe:79, owaspAsvs-4.0:5.3.3, owaspTop10-2021:a3, owaspTop10:a7, pciDss-3.2:6.5.7, pciDss-4.0:6.2.4, stig-ASD_V5R3:V-222602, stig-ASD_V5R3:V-222609"
BenchmarkTest01921.java,javasecurity:S5131,true,BLOCKER,"[{'softwareQuality': 'SECURITY', 'severity': 'BLOCKER'}]","cwe:79, owaspAsvs-4.0:5.3.3, owaspTop10-2021:a3, owaspTop10:a7, pciDss-3.2:6.5.7, pciDss-4.0:6.2.4, stig-ASD_V5R3:V-222602, stig-ASD_V5R3:V-222609"
BenchmarkTest01922.java,javasecurity:S5131,true,BLOCKER,"[{'softwareQuality': 'SECURITY', 'severity': 'BLOCKER'}]","cwe:79, owaspAsvs-4.0:5.3.3, owaspTop10-2021:a3, owaspTop10:a7, pciDss-3.2:6.5.7, pciDss-4.0:6.2.4, stig-ASD_V5R3:V-222602, stig-ASD_V5R3:V-222609"
BenchmarkTest01923.java,javasecurity:S5131,true,BLOCKER,"[{'softwareQuality': 'SECURITY', 'severity': 'BLOCKER'}]","cwe:79, owaspAsvs-4.0:5.3.3, owaspTop10-2021:a3, owaspTop10:a7, pciDss-3.2:6.5.7, pciDss-4.0:6.2.4, stig-ASD_V5R3:V-222602, stig-ASD_V5R3:V-222609"
BenchmarkTest01925.java,javasecurity:S5131,true,BLOCKER,"[{'softwareQuality': 'SECURITY', 'severity': 'BLOCKER'}]","cwe:79, owaspAsvs-4.0:5.3.3, owaspTop10-2021:a3, owaspTop10:a7, pciDss-3.2:6.5.7, pciDss-4.0:6.2.4, stig-ASD_V5R3:V-222602, stig-ASD_V5R3:V-222609"
BenchmarkTest01926.java,javasecurity:S5131,true,BLOCKER,"[{'softwareQuality': 'SECURITY', 'severity': 'BLOCKER'}]","cwe:79, owaspAsvs-4.0:5.3.3, owaspTop10-2021:a3, owaspTop10:a7, pciDss-3.2:6.5.7, pciDss-4.0:6.2.4, stig-ASD_V5R3:V-222602, stig-ASD_V5R3:V-222609"
BenchmarkTest01927.java,javasecurity:S5131,true,BLOCKER,"[{'softwareQuality': 'SECURITY', 'severity': 'BLOCKER'}]","cwe:79, owaspAsvs-4.0:5.3.3, owaspTop10-2021:a3, owaspTop10:a7, pciDss-3.2:6.5.7, pciDss-4.0:6.2.4, stig-ASD_V5R3:V-222602, stig-ASD_V5R3:V-222609"
BenchmarkTest01929.java,javasecurity:S2076,true,BLOCKER,"[{'softwareQuality': 'SECURITY', 'severity': 'BLOCKER'}]","cwe:20, cwe:78, owaspAsvs-4.0:12.3.5, owaspAsvs-4.0:5.1.3, owaspAsvs-4.0:5.1.4, owaspAsvs-4.0:5.3.8, owaspTop10-2021:a3, owaspTop10:a1, pciDss-3.2:6.5.1, pciDss-4.0:6.2.4, stig-ASD_V5R3:V-222604, stig-ASD_V5R3:V-222609"
BenchmarkTest01936.java,javasecurity:S2076,true,BLOCKER,"[{'softwareQuality': 'SECURITY', 'severity': 'BLOCKER'}]","cwe:20, cwe:78, owaspAsvs-4.0:12.3.5, owaspAsvs-4.0:5.1.3, owaspAsvs-4.0:5.1.4, owaspAsvs-4.0:5.3.8, owaspTop10-2021:a3, owaspTop10:a1, pciDss-3.2:6.5.1, pciDss-4.0:6.2.4, stig-ASD_V5R3:V-222604, stig-ASD_V5R3:V-222609"
BenchmarkTest01939.java,javasecurity:S6547,true,MAJOR,"[{'softwareQuality': 'SECURITY', 'severity': 'MEDIUM'}]","cwe:20, cwe:454, owaspAsvs-4.0:5.1.3, owaspAsvs-4.0:5.1.4, owaspTop10-2021:a3, owaspTop10:a1, stig-ASD_V5R3:V-222609"
BenchmarkTest01940.java,javasecurity:S2076,true,BLOCKER,"[{'softwareQuality': 'SECURITY', 'severity': 'BLOCKER'}]","cwe:20, cwe:78, owaspAsvs-4.0:12.3.5, owaspAsvs-4.0:5.1.3, owaspAsvs-4.0:5.1.4, owaspAsvs-4.0:5.3.8, owaspTop10-2021:a3, owaspTop10:a1, pciDss-3.2:6.5.1, pciDss-4.0:6.2.4, stig-ASD_V5R3:V-222604, stig-ASD_V5R3:V-222609"
BenchmarkTest01942.java,javasecurity:S2076,true,BLOCKER,"[{'softwareQuality': 'SECURITY', 'severity': 'BLOCKER'}]","cwe:20, cwe:78, owaspAsvs-4.0:12.3.5, owaspAsvs-4.0:5.1.3, owaspAsvs-4.0:5.1.4, owaspAsvs-4.0:5.3.8, owaspTop10-2021:a3, owaspTop10:a1, pciDss-3.2:6.5.1, pciDss-4.0:6.2.4, stig-ASD_V5R3:V-222604, stig-ASD_V5R3:V-222609"
BenchmarkTest01944.java,javasecurity:S2076,true,BLOCKER,"[{'softwareQuality': 'SECURITY', 'severity': 'BLOCKER'}]","cwe:20, cwe:78, owaspAsvs-4.0:12.3.5, owaspAsvs-4.0:5.1.3, owaspAsvs-4.0:5.1.4, owaspAsvs-4.0:5.3.8, owaspTop10-2021:a3, owaspTop10:a1, pciDss-3.2:6.5.1, pciDss-4.0:6.2.4, stig-ASD_V5R3:V-222604, stig-ASD_V5R3:V-222609"
BenchmarkTest01962.java,javasecurity:S3649,true,BLOCKER,"[{'softwareQuality': 'SECURITY', 'severity': 'BLOCKER'}]","cwe:20, cwe:89, owaspAsvs-4.0:5.1.3, owaspAsvs-4.0:5.1.4, owaspAsvs-4.0:5.3.4, owaspAsvs-4.0:5.3.5, owaspTop10-2021:a3, owaspTop10:a1, pciDss-3.2:6.5.1, pciDss-4.0:6.2.4, stig-ASD_V5R3:V-222607, stig-ASD_V5R3:V-222609"
BenchmarkTest01963.java,javasecurity:S3649,true,BLOCKER,"[{'softwareQuality': 'SECURITY', 'severity': 'BLOCKER'}]","cwe:20, cwe:89, owaspAsvs-4.0:5.1.3, owaspAsvs-4.0:5.1.4, owaspAsvs-4.0:5.3.4, owaspAsvs-4.0:5.3.5, owaspTop10-2021:a3, owaspTop10:a1, pciDss-3.2:6.5.1, pciDss-4.0:6.2.4, stig-ASD_V5R3:V-222607, stig-ASD_V5R3:V-222609"
BenchmarkTest01964.java,javasecurity:S3649,true,BLOCKER,"[{'softwareQuality': 'SECURITY', 'severity': 'BLOCKER'}]","cwe:20, cwe:89, owaspAsvs-4.0:5.1.3, owaspAsvs-4.0:5.1.4, owaspAsvs-4.0:5.3.4, owaspAsvs-4.0:5.3.5, owaspTop10-2021:a3, owaspTop10:a1, pciDss-3.2:6.5.1, pciDss-4.0:6.2.4, stig-ASD_V5R3:V-222607, stig-ASD_V5R3:V-222609"
BenchmarkTest01965.java,javasecurity:S3649,true,BLOCKER,"[{'softwareQuality': 'SECURITY', 'severity': 'BLOCKER'}]","cwe:20, cwe:89, owaspAsvs-4.0:5.1.3, owaspAsvs-4.0:5.1.4, owaspAsvs-4.0:5.3.4, owaspAsvs-4.0:5.3.5, owaspTop10-2021:a3, owaspTop10:a1, pciDss-3.2:6.5.1, pciDss-4.0:6.2.4, stig-ASD_V5R3:V-222607, stig-ASD_V5R3:V-222609"
BenchmarkTest01966.java,javasecurity:S3649,true,BLOCKER,"[{'softwareQuality': 'SECURITY', 'severity': 'BLOCKER'}]","cwe:20, cwe:89, owaspAsvs-4.0:5.1.3, owaspAsvs-4.0:5.1.4, owaspAsvs-4.0:5.3.4, owaspAsvs-4.0:5.3.5, owaspTop10-2021:a3, owaspTop10:a1, pciDss-3.2:6.5.1, pciDss-4.0:6.2.4, stig-ASD_V5R3:V-222607, stig-ASD_V5R3:V-222609"
BenchmarkTest01967.java,javasecurity:S3649,true,BLOCKER,"[{'softwareQuality': 'SECURITY', 'severity': 'BLOCKER'}]","cwe:20, cwe:89, owaspAsvs-4.0:5.1.3, owaspAsvs-4.0:5.1.4, owaspAsvs-4.0:5.3.4, owaspAsvs-4.0:5.3.5, owaspTop10-2021:a3, owaspTop10:a1, pciDss-3.2:6.5.1, pciDss-4.0:6.2.4, stig-ASD_V5R3:V-222607, stig-ASD_V5R3:V-222609"
BenchmarkTest01969.java,javasecurity:S3649,true,BLOCKER,"[{'softwareQuality': 'SECURITY', 'severity': 'BLOCKER'}]","cwe:20, cwe:89, owaspAsvs-4.0:5.1.3, owaspAsvs-4.0:5.1.4, owaspAsvs-4.0:5.3.4, owaspAsvs-4.0:5.3.5, owaspTop10-2021:a3, owaspTop10:a1, pciDss-3.2:6.5.1, pciDss-4.0:6.2.4, stig-ASD_V5R3:V-222607, stig-ASD_V5R3:V-222609"
BenchmarkTest01970.java,javasecurity:S3649,true,BLOCKER,"[{'softwareQuality': 'SECURITY', 'severity': 'BLOCKER'}]","cwe:20, cwe:89, owaspAsvs-4.0:5.1.3, owaspAsvs-4.0:5.1.4, owaspAsvs-4.0:5.3.4, owaspAsvs-4.0:5.3.5, owaspTop10-2021:a3, owaspTop10:a1, pciDss-3.2:6.5.1, pciDss-4.0:6.2.4, stig-ASD_V5R3:V-222607, stig-ASD_V5R3:V-222609"
BenchmarkTest01971.java,javasecurity:S3649,true,BLOCKER,"[{'softwareQuality': 'SECURITY', 'severity': 'BLOCKER'}]","cwe:20, cwe:89, owaspAsvs-4.0:5.1.3, owaspAsvs-4.0:5.1.4, owaspAsvs-4.0:5.3.4, owaspAsvs-4.0:5.3.5, owaspTop10-2021:a3, owaspTop10:a1, pciDss-3.2:6.5.1, pciDss-4.0:6.2.4, stig-ASD_V5R3:V-222607, stig-ASD_V5R3:V-222609"
BenchmarkTest01972.java,javasecurity:S3649,true,BLOCKER,"[{'softwareQuality': 'SECURITY', 'severity': 'BLOCKER'}]","cwe:20, cwe:89, owaspAsvs-4.0:5.1.3, owaspAsvs-4.0:5.1.4, owaspAsvs-4.0:5.3.4, owaspAsvs-4.0:5.3.5, owaspTop10-2021:a3, owaspTop10:a1, pciDss-3.2:6.5.1, pciDss-4.0:6.2.4, stig-ASD_V5R3:V-222607, stig-ASD_V5R3:V-222609"
BenchmarkTest01973.java,javasecurity:S3649,true,BLOCKER,"[{'softwareQuality': 'SECURITY', 'severity': 'BLOCKER'}]","cwe:20, cwe:89, owaspAsvs-4.0:5.1.3, owaspAsvs-4.0:5.1.4, owaspAsvs-4.0:5.3.4, owaspAsvs-4.0:5.3.5, owaspTop10-2021:a3, owaspTop10:a1, pciDss-3.2:6.5.1, pciDss-4.0:6.2.4, stig-ASD_V5R3:V-222607, stig-ASD_V5R3:V-222609"
BenchmarkTest01974.java,javasecurity:S2091,true,BLOCKER,"[{'softwareQuality': 'SECURITY', 'severity': 'BLOCKER'}]","cwe:20, cwe:643, owaspAsvs-4.0:5.1.3, owaspAsvs-4.0:5.1.4, owaspAsvs-4.0:5.3.10, owaspTop10-2021:a3, owaspTop10:a1, pciDss-3.2:6.5.1, pciDss-4.0:6.2.4, stig-ASD_V5R3:V-222608, stig-ASD_V5R3:V-222609"
BenchmarkTest01978.java,java:S5542,true,CRITICAL,"[{'softwareQuality': 'SECURITY', 'severity': 'HIGH'}]","cwe:327, cwe:780, owaspAsvs-4.0:2.9.3, owaspAsvs-4.0:6.2.2, owaspAsvs-4.0:8.3.7, owaspTop10-2021:a2, owaspTop10:a3, owaspTop10:a6, pciDss-3.2:4.1, pciDss-3.2:6.5.3, pciDss-3.2:6.5.4, pciDss-4.0:4.2.1, pciDss-4.0:6.2.4"
BenchmarkTest01978.java,java:S5547,true,CRITICAL,"[{'softwareQuality': 'SECURITY', 'severity': 'HIGH'}]","cwe:326, cwe:327, owaspAsvs-4.0:6.2.2, owaspAsvs-4.0:6.2.3, owaspAsvs-4.0:6.2.5, owaspAsvs-4.0:8.3.7, owaspTop10-2021:a2, owaspTop10:a3, owaspTop10:a6, pciDss-3.2:4.1, pciDss-3.2:6.5.3, pciDss-3.2:6.5.4, pciDss-4.0:4.2.1, pciDss-4.0:6.2.4, stig-ASD_V5R3:V-222396"
BenchmarkTest01980.java,java:S5542,true,CRITICAL,"[{'softwareQuality': 'SECURITY', 'severity': 'HIGH'}]","cwe:327, cwe:780, owaspAsvs-4.0:2.9.3, owaspAsvs-4.0:6.2.2, owaspAsvs-4.0:8.3.7, owaspTop10-2021:a2, owaspTop10:a3, owaspTop10:a6, pciDss-3.2:4.1, pciDss-3.2:6.5.3, pciDss-3.2:6.5.4, pciDss-4.0:4.2.1, pciDss-4.0:6.2.4"
BenchmarkTest01980.java,java:S5547,true,CRITICAL,"[{'softwareQuality': 'SECURITY', 'severity': 'HIGH'}]","cwe:326, cwe:327, owaspAsvs-4.0:6.2.2, owaspAsvs-4.0:6.2.3, owaspAsvs-4.0:6.2.5, owaspAsvs-4.0:8.3.7, owaspTop10-2021:a2, owaspTop10:a3, owaspTop10:a6, pciDss-3.2:4.1, pciDss-3.2:6.5.3, pciDss-3.2:6.5.4, pciDss-4.0:4.2.1, pciDss-4.0:6.2.4, stig-ASD_V5R3:V-222396"
BenchmarkTest01981.java,java:S5542,true,CRITICAL,"[{'softwareQuality': 'SECURITY', 'severity': 'HIGH'}]","cwe:327, cwe:780, owaspAsvs-4.0:2.9.3, owaspAsvs-4.0:6.2.2, owaspAsvs-4.0:8.3.7, owaspTop10-2021:a2, owaspTop10:a3, owaspTop10:a6, pciDss-3.2:4.1, pciDss-3.2:6.5.3, pciDss-3.2:6.5.4, pciDss-4.0:4.2.1, pciDss-4.0:6.2.4"
BenchmarkTest01981.java,java:S5547,true,CRITICAL,"[{'softwareQuality': 'SECURITY', 'severity': 'HIGH'}]","cwe:326, cwe:327, owaspAsvs-4.0:6.2.2, owaspAsvs-4.0:6.2.3, owaspAsvs-4.0:6.2.5, owaspAsvs-4.0:8.3.7, owaspTop10-2021:a2, owaspTop10:a3, owaspTop10:a6, pciDss-3.2:4.1, pciDss-3.2:6.5.3, pciDss-3.2:6.5.4, pciDss-4.0:4.2.1, pciDss-4.0:6.2.4, stig-ASD_V5R3:V-222396"
BenchmarkTest01982.java,java:S5542,true,CRITICAL,"[{'softwareQuality': 'SECURITY', 'severity': 'HIGH'}]","cwe:327, cwe:780, owaspAsvs-4.0:2.9.3, owaspAsvs-4.0:6.2.2, owaspAsvs-4.0:8.3.7, owaspTop10-2021:a2, owaspTop10:a3, owaspTop10:a6, pciDss-3.2:4.1, pciDss-3.2:6.5.3, pciDss-3.2:6.5.4, pciDss-4.0:4.2.1, pciDss-4.0:6.2.4"
BenchmarkTest02017.java,java:S5542,true,CRITICAL,"[{'softwareQuality': 'SECURITY', 'severity': 'HIGH'}]","cwe:327, cwe:780, owaspAsvs-4.0:2.9.3, owaspAsvs-4.0:6.2.2, owaspAsvs-4.0:8.3.7, owaspTop10-2021:a2, owaspTop10:a3, owaspTop10:a6, pciDss-3.2:4.1, pciDss-3.2:6.5.3, pciDss-3.2:6.5.4, pciDss-4.0:4.2.1, pciDss-4.0:6.2.4"
BenchmarkTest02017.java,java:S5547,true,CRITICAL,"[{'softwareQuality': 'SECURITY', 'severity': 'HIGH'}]","cwe:326, cwe:327, owaspAsvs-4.0:6.2.2, owaspAsvs-4.0:6.2.3, owaspAsvs-4.0:6.2.5, owaspAsvs-4.0:8.3.7, owaspTop10-2021:a2, owaspTop10:a3, owaspTop10:a6, pciDss-3.2:4.1, pciDss-3.2:6.5.3, pciDss-3.2:6.5.4, pciDss-4.0:4.2.1, pciDss-4.0:6.2.4, stig-ASD_V5R3:V-222396"
BenchmarkTest02018.java,java:S5542,true,CRITICAL,"[{'softwareQuality': 'SECURITY', 'severity': 'HIGH'}]","cwe:327, cwe:780, owaspAsvs-4.0:2.9.3, owaspAsvs-4.0:6.2.2, owaspAsvs-4.0:8.3.7, owaspTop10-2021:a2, owaspTop10:a3, owaspTop10:a6, pciDss-3.2:4.1, pciDss-3.2:6.5.3, pciDss-3.2:6.5.4, pciDss-4.0:4.2.1, pciDss-4.0:6.2.4"
BenchmarkTest02018.java,java:S5547,true,CRITICAL,"[{'softwareQuality': 'SECURITY', 'severity': 'HIGH'}]","cwe:326, cwe:327, owaspAsvs-4.0:6.2.2, owaspAsvs-4.0:6.2.3, owaspAsvs-4.0:6.2.5, owaspAsvs-4.0:8.3.7, owaspTop10-2021:a2, owaspTop10:a3, owaspTop10:a6, pciDss-3.2:4.1, pciDss-3.2:6.5.3, pciDss-3.2:6.5.4, pciDss-4.0:4.2.1, pciDss-4.0:6.2.4, stig-ASD_V5R3:V-222396"
BenchmarkTest02019.java,java:S5542,true,CRITICAL,"[{'softwareQuality': 'SECURITY', 'severity': 'HIGH'}]","cwe:327, cwe:780, owaspAsvs-4.0:2.9.3, owaspAsvs-4.0:6.2.2, owaspAsvs-4.0:8.3.7, owaspTop10-2021:a2, owaspTop10:a3, owaspTop10:a6, pciDss-3.2:4.1, pciDss-3.2:6.5.3, pciDss-3.2:6.5.4, pciDss-4.0:4.2.1, pciDss-4.0:6.2.4"
BenchmarkTest02019.java,java:S5547,true,CRITICAL,"[{'softwareQuality': 'SECURITY', 'severity': 'HIGH'}]","cwe:326, cwe:327, owaspAsvs-4.0:6.2.2, owaspAsvs-4.0:6.2.3, owaspAsvs-4.0:6.2.5, owaspAsvs-4.0:8.3.7, owaspTop10-2021:a2, owaspTop10:a3, owaspTop10:a6, pciDss-3.2:4.1, pciDss-3.2:6.5.3, pciDss-3.2:6.5.4, pciDss-4.0:4.2.1, pciDss-4.0:6.2.4, stig-ASD_V5R3:V-222396"
BenchmarkTest02020.java,java:S5542,true,CRITICAL,"[{'softwareQuality': 'SECURITY', 'severity': 'HIGH'}]","cwe:327, cwe:780, owaspAsvs-4.0:2.9.3, owaspAsvs-4.0:6.2.2, owaspAsvs-4.0:8.3.7, owaspTop10-2021:a2, owaspTop10:a3, owaspTop10:a6, pciDss-3.2:4.1, pciDss-3.2:6.5.3, pciDss-3.2:6.5.4, pciDss-4.0:4.2.1, pciDss-4.0:6.2.4"
BenchmarkTest02020.java,java:S5547,true,CRITICAL,"[{'softwareQuality': 'SECURITY', 'severity': 'HIGH'}]","cwe:326, cwe:327, owaspAsvs-4.0:6.2.2, owaspAsvs-4.0:6.2.3, owaspAsvs-4.0:6.2.5, owaspAsvs-4.0:8.3.7, owaspTop10-2021:a2, owaspTop10:a3, owaspTop10:a6, pciDss-3.2:4.1, pciDss-3.2:6.5.3, pciDss-3.2:6.5.4, pciDss-4.0:4.2.1, pciDss-4.0:6.2.4, stig-ASD_V5R3:V-222396"
BenchmarkTest02022.java,java:S5542,true,CRITICAL,"[{'softwareQuality': 'SECURITY', 'severity': 'HIGH'}]","cwe:327, cwe:780, owaspAsvs-4.0:2.9.3, owaspAsvs-4.0:6.2.2, owaspAsvs-4.0:8.3.7, owaspTop10-2021:a2, owaspTop10:a3, owaspTop10:a6, pciDss-3.2:4.1, pciDss-3.2:6.5.3, pciDss-3.2:6.5.4, pciDss-4.0:4.2.1, pciDss-4.0:6.2.4"
BenchmarkTest02022.java,java:S5547,true,CRITICAL,"[{'softwareQuality': 'SECURITY', 'severity': 'HIGH'}]","cwe:326, cwe:327, owaspAsvs-4.0:6.2.2, owaspAsvs-4.0:6.2.3, owaspAsvs-4.0:6.2.5, owaspAsvs-4.0:8.3.7, owaspTop10-2021:a2, owaspTop10:a3, owaspTop10:a6, pciDss-3.2:4.1, pciDss-3.2:6.5.3, pciDss-3.2:6.5.4, pciDss-4.0:4.2.1, pciDss-4.0:6.2.4, stig-ASD_V5R3:V-222396"
BenchmarkTest02023.java,java:S5542,true,CRITICAL,"[{'softwareQuality': 'SECURITY', 'severity': 'HIGH'}]","cwe:327, cwe:780, owaspAsvs-4.0:2.9.3, owaspAsvs-4.0:6.2.2, owaspAsvs-4.0:8.3.7, owaspTop10-2021:a2, owaspTop10:a3, owaspTop10:a6, pciDss-3.2:4.1, pciDss-3.2:6.5.3, pciDss-3.2:6.5.4, pciDss-4.0:4.2.1, pciDss-4.0:6.2.4"
BenchmarkTest02023.java,java:S5547,true,CRITICAL,"[{'softwareQuality': 'SECURITY', 'severity': 'HIGH'}]","cwe:326, cwe:327, owaspAsvs-4.0:6.2.2, owaspAsvs-4.0:6.2.3, owaspAsvs-4.0:6.2.5, owaspAsvs-4.0:8.3.7, owaspTop10-2021:a2, owaspTop10:a3, owaspTop10:a6, pciDss-3.2:4.1, pciDss-3.2:6.5.3, pciDss-3.2:6.5.4, pciDss-4.0:4.2.1, pciDss-4.0:6.2.4, stig-ASD_V5R3:V-222396"
BenchmarkTest02024.java,java:S5542,true,CRITICAL,"[{'softwareQuality': 'SECURITY', 'severity': 'HIGH'}]","cwe:327, cwe:780, owaspAsvs-4.0:2.9.3, owaspAsvs-4.0:6.2.2, owaspAsvs-4.0:8.3.7, owaspTop10-2021:a2, owaspTop10:a3, owaspTop10:a6, pciDss-3.2:4.1, pciDss-3.2:6.5.3, pciDss-3.2:6.5.4, pciDss-4.0:4.2.1, pciDss-4.0:6.2.4"
BenchmarkTest02025.java,javasecurity:S2078,true,BLOCKER,"[{'softwareQuality': 'SECURITY', 'severity': 'BLOCKER'}]","cwe:20, cwe:90, owaspAsvs-4.0:5.1.3, owaspAsvs-4.0:5.1.4, owaspAsvs-4.0:5.3.7, owaspTop10-2021:a3, owaspTop10:a1, pciDss-3.2:6.5.1, pciDss-4.0:6.2.4, stig-ASD_V5R3:V-222609"
BenchmarkTest02027.java,javasecurity:S6549,true,MAJOR,"[{'softwareQuality': 'SECURITY', 'severity': 'MEDIUM'}]","cwe:20, cwe:22, owaspAsvs-4.0:12.3.1, owaspAsvs-4.0:5.1.3, owaspAsvs-4.0:5.1.4, owaspTop10-2021:a1, owaspTop10-2021:a3, owaspTop10:a1, owaspTop10:a5, pciDss-3.2:6.5.8, pciDss-4.0:6.2.4, stig-ASD_V5R3:V-222609"
BenchmarkTest02028.java,javasecurity:S6549,true,MAJOR,"[{'softwareQuality': 'SECURITY', 'severity': 'MEDIUM'}]","cwe:20, cwe:22, owaspAsvs-4.0:12.3.1, owaspAsvs-4.0:5.1.3, owaspAsvs-4.0:5.1.4, owaspTop10-2021:a1, owaspTop10-2021:a3, owaspTop10:a1, owaspTop10:a5, pciDss-3.2:6.5.8, pciDss-4.0:6.2.4, stig-ASD_V5R3:V-222609"
BenchmarkTest02031.java,javasecurity:S2083,true,BLOCKER,"[{'softwareQuality': 'SECURITY', 'severity': 'BLOCKER'}]","cwe:20, cwe:22, owaspAsvs-4.0:12.3.1, owaspAsvs-4.0:5.1.3, owaspAsvs-4.0:5.1.4, owaspTop10-2021:a1, owaspTop10-2021:a3, owaspTop10:a1, owaspTop10:a5, pciDss-3.2:6.5.8, pciDss-4.0:6.2.4, stig-ASD_V5R3:V-222609"
BenchmarkTest02032.java,javasecurity:S2083,true,BLOCKER,"[{'softwareQuality': 'SECURITY', 'severity': 'BLOCKER'}]","cwe:20, cwe:22, owaspAsvs-4.0:12.3.1, owaspAsvs-4.0:5.1.3, owaspAsvs-4.0:5.1.4, owaspTop10-2021:a1, owaspTop10-2021:a3, owaspTop10:a1, owaspTop10:a5, pciDss-3.2:6.5.8, pciDss-4.0:6.2.4, stig-ASD_V5R3:V-222609"
BenchmarkTest02033.java,javasecurity:S2083,true,BLOCKER,"[{'softwareQuality': 'SECURITY', 'severity': 'BLOCKER'}]","cwe:20, cwe:22, owaspAsvs-4.0:12.3.1, owaspAsvs-4.0:5.1.3, owaspAsvs-4.0:5.1.4, owaspTop10-2021:a1, owaspTop10-2021:a3, owaspTop10:a1, owaspTop10:a5, pciDss-3.2:6.5.8, pciDss-4.0:6.2.4, stig-ASD_V5R3:V-222609"
BenchmarkTest02034.java,javasecurity:S2083,true,BLOCKER,"[{'softwareQuality': 'SECURITY', 'severity': 'BLOCKER'}]","cwe:20, cwe:22, owaspAsvs-4.0:12.3.1, owaspAsvs-4.0:5.1.3, owaspAsvs-4.0:5.1.4, owaspTop10-2021:a1, owaspTop10-2021:a3, owaspTop10:a1, owaspTop10:a5, pciDss-3.2:6.5.8, pciDss-4.0:6.2.4, stig-ASD_V5R3:V-222609"
BenchmarkTest02035.java,javasecurity:S2083,true,BLOCKER,"[{'softwareQuality': 'SECURITY', 'severity': 'BLOCKER'}]","cwe:20, cwe:22, owaspAsvs-4.0:12.3.1, owaspAsvs-4.0:5.1.3, owaspAsvs-4.0:5.1.4, owaspTop10-2021:a1, owaspTop10-2021:a3, owaspTop10:a1, owaspTop10:a5, pciDss-3.2:6.5.8, pciDss-4.0:6.2.4, stig-ASD_V5R3:V-222609"
BenchmarkTest02036.java,javasecurity:S2078,true,BLOCKER,"[{'softwareQuality': 'SECURITY', 'severity': 'BLOCKER'}]","cwe:20, cwe:90, owaspAsvs-4.0:5.1.3, owaspAsvs-4.0:5.1.4, owaspAsvs-4.0:5.3.7, owaspTop10-2021:a3, owaspTop10:a1, pciDss-3.2:6.5.1, pciDss-4.0:6.2.4, stig-ASD_V5R3:V-222609"
BenchmarkTest02037.java,javasecurity:S2078,true,BLOCKER,"[{'softwareQuality': 'SECURITY', 'severity': 'BLOCKER'}]","cwe:20, cwe:90, owaspAsvs-4.0:5.1.3, owaspAsvs-4.0:5.1.4, owaspAsvs-4.0:5.3.7, owaspTop10-2021:a3, owaspTop10:a1, pciDss-3.2:6.5.1, pciDss-4.0:6.2.4, stig-ASD_V5R3:V-222609"
BenchmarkTest02045.java,javasecurity:S5131,true,BLOCKER,"[{'softwareQuality': 'SECURITY', 'severity': 'BLOCKER'}]","cwe:79, owaspAsvs-4.0:5.3.3, owaspTop10-2021:a3, owaspTop10:a7, pciDss-3.2:6.5.7, pciDss-4.0:6.2.4, stig-ASD_V5R3:V-222602, stig-ASD_V5R3:V-222609"
BenchmarkTest02046.java,javasecurity:S5131,true,BLOCKER,"[{'softwareQuality': 'SECURITY', 'severity': 'BLOCKER'}]","cwe:79, owaspAsvs-4.0:5.3.3, owaspTop10-2021:a3, owaspTop10:a7, pciDss-3.2:6.5.7, pciDss-4.0:6.2.4, stig-ASD_V5R3:V-222602, stig-ASD_V5R3:V-222609"
BenchmarkTest02047.java,javasecurity:S5131,true,BLOCKER,"[{'softwareQuality': 'SECURITY', 'severity': 'BLOCKER'}]","cwe:79, owaspAsvs-4.0:5.3.3, owaspTop10-2021:a3, owaspTop10:a7, pciDss-3.2:6.5.7, pciDss-4.0:6.2.4, stig-ASD_V5R3:V-222602, stig-ASD_V5R3:V-222609"
BenchmarkTest02050.java,javasecurity:S5131,true,BLOCKER,"[{'softwareQuality': 'SECURITY', 'severity': 'BLOCKER'}]","cwe:79, owaspAsvs-4.0:5.3.3, owaspTop10-2021:a3, owaspTop10:a7, pciDss-3.2:6.5.7, pciDss-4.0:6.2.4, stig-ASD_V5R3:V-222602, stig-ASD_V5R3:V-222609"
BenchmarkTest02051.java,javasecurity:S5131,true,BLOCKER,"[{'softwareQuality': 'SECURITY', 'severity': 'BLOCKER'}]","cwe:79, owaspAsvs-4.0:5.3.3, owaspTop10-2021:a3, owaspTop10:a7, pciDss-3.2:6.5.7, pciDss-4.0:6.2.4, stig-ASD_V5R3:V-222602, stig-ASD_V5R3:V-222609"
BenchmarkTest02053.java,javasecurity:S5131,true,BLOCKER,"[{'softwareQuality': 'SECURITY', 'severity': 'BLOCKER'}]","cwe:79, owaspAsvs-4.0:5.3.3, owaspTop10-2021:a3, owaspTop10:a7, pciDss-3.2:6.5.7, pciDss-4.0:6.2.4, stig-ASD_V5R3:V-222602, stig-ASD_V5R3:V-222609"
BenchmarkTest02054.java,javasecurity:S5131,true,BLOCKER,"[{'softwareQuality': 'SECURITY', 'severity': 'BLOCKER'}]","cwe:79, owaspAsvs-4.0:5.3.3, owaspTop10-2021:a3, owaspTop10:a7, pciDss-3.2:6.5.7, pciDss-4.0:6.2.4, stig-ASD_V5R3:V-222602, stig-ASD_V5R3:V-222609"
BenchmarkTest02055.java,javasecurity:S5131,true,BLOCKER,"[{'softwareQuality': 'SECURITY', 'severity': 'BLOCKER'}]","cwe:79, owaspAsvs-4.0:5.3.3, owaspTop10-2021:a3, owaspTop10:a7, pciDss-3.2:6.5.7, pciDss-4.0:6.2.4, stig-ASD_V5R3:V-222602, stig-ASD_V5R3:V-222609"
BenchmarkTest02056.java,javasecurity:S5131,true,BLOCKER,"[{'softwareQuality': 'SECURITY', 'severity': 'BLOCKER'}]","cwe:79, owaspAsvs-4.0:5.3.3, owaspTop10-2021:a3, owaspTop10:a7, pciDss-3.2:6.5.7, pciDss-4.0:6.2.4, stig-ASD_V5R3:V-222602, stig-ASD_V5R3:V-222609"
BenchmarkTest02057.java,javasecurity:S5131,true,BLOCKER,"[{'softwareQuality': 'SECURITY', 'severity': 'BLOCKER'}]","cwe:79, owaspAsvs-4.0:5.3.3, owaspTop10-2021:a3, owaspTop10:a7, pciDss-3.2:6.5.7, pciDss-4.0:6.2.4, stig-ASD_V5R3:V-222602, stig-ASD_V5R3:V-222609"
BenchmarkTest02059.java,javasecurity:S2076,true,BLOCKER,"[{'softwareQuality': 'SECURITY', 'severity': 'BLOCKER'}]","cwe:20, cwe:78, owaspAsvs-4.0:12.3.5, owaspAsvs-4.0:5.1.3, owaspAsvs-4.0:5.1.4, owaspAsvs-4.0:5.3.8, owaspTop10-2021:a3, owaspTop10:a1, pciDss-3.2:6.5.1, pciDss-4.0:6.2.4, stig-ASD_V5R3:V-222604, stig-ASD_V5R3:V-222609"
BenchmarkTest02068.java,javasecurity:S6547,true,MAJOR,"[{'softwareQuality': 'SECURITY', 'severity': 'MEDIUM'}]","cwe:20, cwe:454, owaspAsvs-4.0:5.1.3, owaspAsvs-4.0:5.1.4, owaspTop10-2021:a3, owaspTop10:a1, stig-ASD_V5R3:V-222609"
BenchmarkTest02069.java,javasecurity:S2076,true,BLOCKER,"[{'softwareQuality': 'SECURITY', 'severity': 'BLOCKER'}]","cwe:20, cwe:78, owaspAsvs-4.0:12.3.5, owaspAsvs-4.0:5.1.3, owaspAsvs-4.0:5.1.4, owaspAsvs-4.0:5.3.8, owaspTop10-2021:a3, owaspTop10:a1, pciDss-3.2:6.5.1, pciDss-4.0:6.2.4, stig-ASD_V5R3:V-222604, stig-ASD_V5R3:V-222609"
BenchmarkTest02070.java,javasecurity:S6547,true,MAJOR,"[{'softwareQuality': 'SECURITY', 'severity': 'MEDIUM'}]","cwe:20, cwe:454, owaspAsvs-4.0:5.1.3, owaspAsvs-4.0:5.1.4, owaspTop10-2021:a3, owaspTop10:a1, stig-ASD_V5R3:V-222609"
BenchmarkTest02087.java,javasecurity:S3649,true,BLOCKER,"[{'softwareQuality': 'SECURITY', 'severity': 'BLOCKER'}]","cwe:20, cwe:89, owaspAsvs-4.0:5.1.3, owaspAsvs-4.0:5.1.4, owaspAsvs-4.0:5.3.4, owaspAsvs-4.0:5.3.5, owaspTop10-2021:a3, owaspTop10:a1, pciDss-3.2:6.5.1, pciDss-4.0:6.2.4, stig-ASD_V5R3:V-222607, stig-ASD_V5R3:V-222609"
BenchmarkTest02088.java,javasecurity:S3649,true,BLOCKER,"[{'softwareQuality': 'SECURITY', 'severity': 'BLOCKER'}]","cwe:20, cwe:89, owaspAsvs-4.0:5.1.3, owaspAsvs-4.0:5.1.4, owaspAsvs-4.0:5.3.4, owaspAsvs-4.0:5.3.5, owaspTop10-2021:a3, owaspTop10:a1, pciDss-3.2:6.5.1, pciDss-4.0:6.2.4, stig-ASD_V5R3:V-222607, stig-ASD_V5R3:V-222609"
BenchmarkTest02089.java,javasecurity:S3649,true,BLOCKER,"[{'softwareQuality': 'SECURITY', 'severity': 'BLOCKER'}]","cwe:20, cwe:89, owaspAsvs-4.0:5.1.3, owaspAsvs-4.0:5.1.4, owaspAsvs-4.0:5.3.4, owaspAsvs-4.0:5.3.5, owaspTop10-2021:a3, owaspTop10:a1, pciDss-3.2:6.5.1, pciDss-4.0:6.2.4, stig-ASD_V5R3:V-222607, stig-ASD_V5R3:V-222609"
BenchmarkTest02090.java,javasecurity:S3649,true,BLOCKER,"[{'softwareQuality': 'SECURITY', 'severity': 'BLOCKER'}]","cwe:20, cwe:89, owaspAsvs-4.0:5.1.3, owaspAsvs-4.0:5.1.4, owaspAsvs-4.0:5.3.4, owaspAsvs-4.0:5.3.5, owaspTop10-2021:a3, owaspTop10:a1, pciDss-3.2:6.5.1, pciDss-4.0:6.2.4, stig-ASD_V5R3:V-222607, stig-ASD_V5R3:V-222609"
BenchmarkTest02091.java,javasecurity:S3649,true,BLOCKER,"[{'softwareQuality': 'SECURITY', 'severity': 'BLOCKER'}]","cwe:20, cwe:89, owaspAsvs-4.0:5.1.3, owaspAsvs-4.0:5.1.4, owaspAsvs-4.0:5.3.4, owaspAsvs-4.0:5.3.5, owaspTop10-2021:a3, owaspTop10:a1, pciDss-3.2:6.5.1, pciDss-4.0:6.2.4, stig-ASD_V5R3:V-222607, stig-ASD_V5R3:V-222609"
BenchmarkTest02092.java,javasecurity:S3649,true,BLOCKER,"[{'softwareQuality': 'SECURITY', 'severity': 'BLOCKER'}]","cwe:20, cwe:89, owaspAsvs-4.0:5.1.3, owaspAsvs-4.0:5.1.4, owaspAsvs-4.0:5.3.4, owaspAsvs-4.0:5.3.5, owaspTop10-2021:a3, owaspTop10:a1, pciDss-3.2:6.5.1, pciDss-4.0:6.2.4, stig-ASD_V5R3:V-222607, stig-ASD_V5R3:V-222609"
BenchmarkTest02093.java,javasecurity:S3649,true,BLOCKER,"[{'softwareQuality': 'SECURITY', 'severity': 'BLOCKER'}]","cwe:20, cwe:89, owaspAsvs-4.0:5.1.3, owaspAsvs-4.0:5.1.4, owaspAsvs-4.0:5.3.4, owaspAsvs-4.0:5.3.5, owaspTop10-2021:a3, owaspTop10:a1, pciDss-3.2:6.5.1, pciDss-4.0:6.2.4, stig-ASD_V5R3:V-222607, stig-ASD_V5R3:V-222609"
BenchmarkTest02094.java,javasecurity:S3649,true,BLOCKER,"[{'softwareQuality': 'SECURITY', 'severity': 'BLOCKER'}]","cwe:20, cwe:89, owaspAsvs-4.0:5.1.3, owaspAsvs-4.0:5.1.4, owaspAsvs-4.0:5.3.4, owaspAsvs-4.0:5.3.5, owaspTop10-2021:a3, owaspTop10:a1, pciDss-3.2:6.5.1, pciDss-4.0:6.2.4, stig-ASD_V5R3:V-222607, stig-ASD_V5R3:V-222609"
BenchmarkTest02096.java,javasecurity:S3649,true,BLOCKER,"[{'softwareQuality': 'SECURITY', 'severity': 'BLOCKER'}]","cwe:20, cwe:89, owaspAsvs-4.0:5.1.3, owaspAsvs-4.0:5.1.4, owaspAsvs-4.0:5.3.4, owaspAsvs-4.0:5.3.5, owaspTop10-2021:a3, owaspTop10:a1, pciDss-3.2:6.5.1, pciDss-4.0:6.2.4, stig-ASD_V5R3:V-222607, stig-ASD_V5R3:V-222609"
BenchmarkTest02098.java,javasecurity:S3649,true,BLOCKER,"[{'softwareQuality': 'SECURITY', 'severity': 'BLOCKER'}]","cwe:20, cwe:89, owaspAsvs-4.0:5.1.3, owaspAsvs-4.0:5.1.4, owaspAsvs-4.0:5.3.4, owaspAsvs-4.0:5.3.5, owaspTop10-2021:a3, owaspTop10:a1, pciDss-3.2:6.5.1, pciDss-4.0:6.2.4, stig-ASD_V5R3:V-222607, stig-ASD_V5R3:V-222609"
BenchmarkTest02099.java,javasecurity:S3649,true,BLOCKER,"[{'softwareQuality': 'SECURITY', 'severity': 'BLOCKER'}]","cwe:20, cwe:89, owaspAsvs-4.0:5.1.3, owaspAsvs-4.0:5.1.4, owaspAsvs-4.0:5.3.4, owaspAsvs-4.0:5.3.5, owaspTop10-2021:a3, owaspTop10:a1, pciDss-3.2:6.5.1, pciDss-4.0:6.2.4, stig-ASD_V5R3:V-222607, stig-ASD_V5R3:V-222609"
BenchmarkTest02100.java,javasecurity:S2091,true,BLOCKER,"[{'softwareQuality': 'SECURITY', 'severity': 'BLOCKER'}]","cwe:20, cwe:643, owaspAsvs-4.0:5.1.3, owaspAsvs-4.0:5.1.4, owaspAsvs-4.0:5.3.10, owaspTop10-2021:a3, owaspTop10:a1, pciDss-3.2:6.5.1, pciDss-4.0:6.2.4, stig-ASD_V5R3:V-222608, stig-ASD_V5R3:V-222609"
BenchmarkTest02101.java,java:S5542,true,CRITICAL,"[{'softwareQuality': 'SECURITY', 'severity': 'HIGH'}]","cwe:327, cwe:780, owaspAsvs-4.0:2.9.3, owaspAsvs-4.0:6.2.2, owaspAsvs-4.0:8.3.7, owaspTop10-2021:a2, owaspTop10:a3, owaspTop10:a6, pciDss-3.2:4.1, pciDss-3.2:6.5.3, pciDss-3.2:6.5.4, pciDss-4.0:4.2.1, pciDss-4.0:6.2.4"
BenchmarkTest02101.java,java:S5547,true,CRITICAL,"[{'softwareQuality': 'SECURITY', 'severity': 'HIGH'}]","cwe:326, cwe:327, owaspAsvs-4.0:6.2.2, owaspAsvs-4.0:6.2.3, owaspAsvs-4.0:6.2.5, owaspAsvs-4.0:8.3.7, owaspTop10-2021:a2, owaspTop10:a3, owaspTop10:a6, pciDss-3.2:4.1, pciDss-3.2:6.5.3, pciDss-3.2:6.5.4, pciDss-4.0:4.2.1, pciDss-4.0:6.2.4, stig-ASD_V5R3:V-222396"
BenchmarkTest02103.java,java:S5542,true,CRITICAL,"[{'softwareQuality': 'SECURITY', 'severity': 'HIGH'}]","cwe:327, cwe:780, owaspAsvs-4.0:2.9.3, owaspAsvs-4.0:6.2.2, owaspAsvs-4.0:8.3.7, owaspTop10-2021:a2, owaspTop10:a3, owaspTop10:a6, pciDss-3.2:4.1, pciDss-3.2:6.5.3, pciDss-3.2:6.5.4, pciDss-4.0:4.2.1, pciDss-4.0:6.2.4"
BenchmarkTest02105.java,javasecurity:S6549,true,MAJOR,"[{'softwareQuality': 'SECURITY', 'severity': 'MEDIUM'}]","cwe:20, cwe:22, owaspAsvs-4.0:12.3.1, owaspAsvs-4.0:5.1.3, owaspAsvs-4.0:5.1.4, owaspTop10-2021:a1, owaspTop10-2021:a3, owaspTop10:a1, owaspTop10:a5, pciDss-3.2:6.5.8, pciDss-4.0:6.2.4, stig-ASD_V5R3:V-222609"
BenchmarkTest02106.java,javasecurity:S6549,true,MAJOR,"[{'softwareQuality': 'SECURITY', 'severity': 'MEDIUM'}]","cwe:20, cwe:22, owaspAsvs-4.0:12.3.1, owaspAsvs-4.0:5.1.3, owaspAsvs-4.0:5.1.4, owaspTop10-2021:a1, owaspTop10-2021:a3, owaspTop10:a1, owaspTop10:a5, pciDss-3.2:6.5.8, pciDss-4.0:6.2.4, stig-ASD_V5R3:V-222609"
BenchmarkTest02107.java,javasecurity:S6549,true,MAJOR,"[{'softwareQuality': 'SECURITY', 'severity': 'MEDIUM'}]","cwe:20, cwe:22, owaspAsvs-4.0:12.3.1, owaspAsvs-4.0:5.1.3, owaspAsvs-4.0:5.1.4, owaspTop10-2021:a1, owaspTop10-2021:a3, owaspTop10:a1, owaspTop10:a5, pciDss-3.2:6.5.8, pciDss-4.0:6.2.4, stig-ASD_V5R3:V-222609"
BenchmarkTest02109.java,javasecurity:S2083,true,BLOCKER,"[{'softwareQuality': 'SECURITY', 'severity': 'BLOCKER'}]","cwe:20, cwe:22, owaspAsvs-4.0:12.3.1, owaspAsvs-4.0:5.1.3, owaspAsvs-4.0:5.1.4, owaspTop10-2021:a1, owaspTop10-2021:a3, owaspTop10:a1, owaspTop10:a5, pciDss-3.2:6.5.8, pciDss-4.0:6.2.4, stig-ASD_V5R3:V-222609"
BenchmarkTest02112.java,javasecurity:S2083,true,BLOCKER,"[{'softwareQuality': 'SECURITY', 'severity': 'BLOCKER'}]","cwe:20, cwe:22, owaspAsvs-4.0:12.3.1, owaspAsvs-4.0:5.1.3, owaspAsvs-4.0:5.1.4, owaspTop10-2021:a1, owaspTop10-2021:a3, owaspTop10:a1, owaspTop10:a5, pciDss-3.2:6.5.8, pciDss-4.0:6.2.4, stig-ASD_V5R3:V-222609"
BenchmarkTest02113.java,javasecurity:S2083,true,BLOCKER,"[{'softwareQuality': 'SECURITY', 'severity': 'BLOCKER'}]","cwe:20, cwe:22, owaspAsvs-4.0:12.3.1, owaspAsvs-4.0:5.1.3, owaspAsvs-4.0:5.1.4, owaspTop10-2021:a1, owaspTop10-2021:a3, owaspTop10:a1, owaspTop10:a5, pciDss-3.2:6.5.8, pciDss-4.0:6.2.4, stig-ASD_V5R3:V-222609"
BenchmarkTest02116.java,javasecurity:S2078,true,BLOCKER,"[{'softwareQuality': 'SECURITY', 'severity': 'BLOCKER'}]","cwe:20, cwe:90, owaspAsvs-4.0:5.1.3, owaspAsvs-4.0:5.1.4, owaspAsvs-4.0:5.3.7, owaspTop10-2021:a3, owaspTop10:a1, pciDss-3.2:6.5.1, pciDss-4.0:6.2.4, stig-ASD_V5R3:V-222609"
BenchmarkTest02123.java,javasecurity:S5131,true,BLOCKER,"[{'softwareQuality': 'SECURITY', 'severity': 'BLOCKER'}]","cwe:79, owaspAsvs-4.0:5.3.3, owaspTop10-2021:a3, owaspTop10:a7, pciDss-3.2:6.5.7, pciDss-4.0:6.2.4, stig-ASD_V5R3:V-222602, stig-ASD_V5R3:V-222609"
BenchmarkTest02124.java,javasecurity:S5131,true,BLOCKER,"[{'softwareQuality': 'SECURITY', 'severity': 'BLOCKER'}]","cwe:79, owaspAsvs-4.0:5.3.3, owaspTop10-2021:a3, owaspTop10:a7, pciDss-3.2:6.5.7, pciDss-4.0:6.2.4, stig-ASD_V5R3:V-222602, stig-ASD_V5R3:V-222609"
BenchmarkTest02127.java,javasecurity:S5131,true,BLOCKER,"[{'softwareQuality': 'SECURITY', 'severity': 'BLOCKER'}]","cwe:79, owaspAsvs-4.0:5.3.3, owaspTop10-2021:a3, owaspTop10:a7, pciDss-3.2:6.5.7, pciDss-4.0:6.2.4, stig-ASD_V5R3:V-222602, stig-ASD_V5R3:V-222609"
BenchmarkTest02128.java,javasecurity:S5131,true,BLOCKER,"[{'softwareQuality': 'SECURITY', 'severity': 'BLOCKER'}]","cwe:79, owaspAsvs-4.0:5.3.3, owaspTop10-2021:a3, owaspTop10:a7, pciDss-3.2:6.5.7, pciDss-4.0:6.2.4, stig-ASD_V5R3:V-222602, stig-ASD_V5R3:V-222609"
BenchmarkTest02129.java,javasecurity:S5131,true,BLOCKER,"[{'softwareQuality': 'SECURITY', 'severity': 'BLOCKER'}]","cwe:79, owaspAsvs-4.0:5.3.3, owaspTop10-2021:a3, owaspTop10:a7, pciDss-3.2:6.5.7, pciDss-4.0:6.2.4, stig-ASD_V5R3:V-222602, stig-ASD_V5R3:V-222609"
BenchmarkTest02130.java,javasecurity:S5131,true,BLOCKER,"[{'softwareQuality': 'SECURITY', 'severity': 'BLOCKER'}]","cwe:79, owaspAsvs-4.0:5.3.3, owaspTop10-2021:a3, owaspTop10:a7, pciDss-3.2:6.5.7, pciDss-4.0:6.2.4, stig-ASD_V5R3:V-222602, stig-ASD_V5R3:V-222609"
BenchmarkTest02131.java,javasecurity:S5131,true,BLOCKER,"[{'softwareQuality': 'SECURITY', 'severity': 'BLOCKER'}]","cwe:79, owaspAsvs-4.0:5.3.3, owaspTop10-2021:a3, owaspTop10:a7, pciDss-3.2:6.5.7, pciDss-4.0:6.2.4, stig-ASD_V5R3:V-222602, stig-ASD_V5R3:V-222609"
BenchmarkTest02133.java,javasecurity:S5131,true,BLOCKER,"[{'softwareQuality': 'SECURITY', 'severity': 'BLOCKER'}]","cwe:79, owaspAsvs-4.0:5.3.3, owaspTop10-2021:a3, owaspTop10:a7, pciDss-3.2:6.5.7, pciDss-4.0:6.2.4, stig-ASD_V5R3:V-222602, stig-ASD_V5R3:V-222609"
BenchmarkTest02134.java,javasecurity:S5131,true,BLOCKER,"[{'softwareQuality': 'SECURITY', 'severity': 'BLOCKER'}]","cwe:79, owaspAsvs-4.0:5.3.3, owaspTop10-2021:a3, owaspTop10:a7, pciDss-3.2:6.5.7, pciDss-4.0:6.2.4, stig-ASD_V5R3:V-222602, stig-ASD_V5R3:V-222609"
BenchmarkTest02136.java,javasecurity:S5131,true,BLOCKER,"[{'softwareQuality': 'SECURITY', 'severity': 'BLOCKER'}]","cwe:79, owaspAsvs-4.0:5.3.3, owaspTop10-2021:a3, owaspTop10:a7, pciDss-3.2:6.5.7, pciDss-4.0:6.2.4, stig-ASD_V5R3:V-222602, stig-ASD_V5R3:V-222609"
BenchmarkTest02146.java,javasecurity:S2076,true,BLOCKER,"[{'softwareQuality': 'SECURITY', 'severity': 'BLOCKER'}]","cwe:20, cwe:78, owaspAsvs-4.0:12.3.5, owaspAsvs-4.0:5.1.3, owaspAsvs-4.0:5.1.4, owaspAsvs-4.0:5.3.8, owaspTop10-2021:a3, owaspTop10:a1, pciDss-3.2:6.5.1, pciDss-4.0:6.2.4, stig-ASD_V5R3:V-222604, stig-ASD_V5R3:V-222609"
BenchmarkTest02147.java,javasecurity:S2076,true,BLOCKER,"[{'softwareQuality': 'SECURITY', 'severity': 'BLOCKER'}]","cwe:20, cwe:78, owaspAsvs-4.0:12.3.5, owaspAsvs-4.0:5.1.3, owaspAsvs-4.0:5.1.4, owaspAsvs-4.0:5.3.8, owaspTop10-2021:a3, owaspTop10:a1, pciDss-3.2:6.5.1, pciDss-4.0:6.2.4, stig-ASD_V5R3:V-222604, stig-ASD_V5R3:V-222609"
BenchmarkTest02154.java,javasecurity:S2076,true,BLOCKER,"[{'softwareQuality': 'SECURITY', 'severity': 'BLOCKER'}]","cwe:20, cwe:78, owaspAsvs-4.0:12.3.5, owaspAsvs-4.0:5.1.3, owaspAsvs-4.0:5.1.4, owaspAsvs-4.0:5.3.8, owaspTop10-2021:a3, owaspTop10:a1, pciDss-3.2:6.5.1, pciDss-4.0:6.2.4, stig-ASD_V5R3:V-222604, stig-ASD_V5R3:V-222609"
BenchmarkTest02155.java,javasecurity:S6547,true,MAJOR,"[{'softwareQuality': 'SECURITY', 'severity': 'MEDIUM'}]","cwe:20, cwe:454, owaspAsvs-4.0:5.1.3, owaspAsvs-4.0:5.1.4, owaspTop10-2021:a3, owaspTop10:a1, stig-ASD_V5R3:V-222609"
BenchmarkTest02156.java,javasecurity:S6547,true,MAJOR,"[{'softwareQuality': 'SECURITY', 'severity': 'MEDIUM'}]","cwe:20, cwe:454, owaspAsvs-4.0:5.1.3, owaspAsvs-4.0:5.1.4, owaspTop10-2021:a3, owaspTop10:a1, stig-ASD_V5R3:V-222609"
BenchmarkTest02169.java,javasecurity:S3649,true,BLOCKER,"[{'softwareQuality': 'SECURITY', 'severity': 'BLOCKER'}]","cwe:20, cwe:89, owaspAsvs-4.0:5.1.3, owaspAsvs-4.0:5.1.4, owaspAsvs-4.0:5.3.4, owaspAsvs-4.0:5.3.5, owaspTop10-2021:a3, owaspTop10:a1, pciDss-3.2:6.5.1, pciDss-4.0:6.2.4, stig-ASD_V5R3:V-222607, stig-ASD_V5R3:V-222609"
BenchmarkTest02170.java,javasecurity:S3649,true,BLOCKER,"[{'softwareQuality': 'SECURITY', 'severity': 'BLOCKER'}]","cwe:20, cwe:89, owaspAsvs-4.0:5.1.3, owaspAsvs-4.0:5.1.4, owaspAsvs-4.0:5.3.4, owaspAsvs-4.0:5.3.5, owaspTop10-2021:a3, owaspTop10:a1, pciDss-3.2:6.5.1, pciDss-4.0:6.2.4, stig-ASD_V5R3:V-222607, stig-ASD_V5R3:V-222609"
BenchmarkTest02171.java,javasecurity:S3649,true,BLOCKER,"[{'softwareQuality': 'SECURITY', 'severity': 'BLOCKER'}]","cwe:20, cwe:89, owaspAsvs-4.0:5.1.3, owaspAsvs-4.0:5.1.4, owaspAsvs-4.0:5.3.4, owaspAsvs-4.0:5.3.5, owaspTop10-2021:a3, owaspTop10:a1, pciDss-3.2:6.5.1, pciDss-4.0:6.2.4, stig-ASD_V5R3:V-222607, stig-ASD_V5R3:V-222609"
BenchmarkTest02172.java,javasecurity:S3649,true,BLOCKER,"[{'softwareQuality': 'SECURITY', 'severity': 'BLOCKER'}]","cwe:20, cwe:89, owaspAsvs-4.0:5.1.3, owaspAsvs-4.0:5.1.4, owaspAsvs-4.0:5.3.4, owaspAsvs-4.0:5.3.5, owaspTop10-2021:a3, owaspTop10:a1, pciDss-3.2:6.5.1, pciDss-4.0:6.2.4, stig-ASD_V5R3:V-222607, stig-ASD_V5R3:V-222609"
BenchmarkTest02173.java,javasecurity:S3649,true,BLOCKER,"[{'softwareQuality': 'SECURITY', 'severity': 'BLOCKER'}]","cwe:20, cwe:89, owaspAsvs-4.0:5.1.3, owaspAsvs-4.0:5.1.4, owaspAsvs-4.0:5.3.4, owaspAsvs-4.0:5.3.5, owaspTop10-2021:a3, owaspTop10:a1, pciDss-3.2:6.5.1, pciDss-4.0:6.2.4, stig-ASD_V5R3:V-222607, stig-ASD_V5R3:V-222609"
BenchmarkTest02174.java,javasecurity:S3649,true,BLOCKER,"[{'softwareQuality': 'SECURITY', 'severity': 'BLOCKER'}]","cwe:20, cwe:89, owaspAsvs-4.0:5.1.3, owaspAsvs-4.0:5.1.4, owaspAsvs-4.0:5.3.4, owaspAsvs-4.0:5.3.5, owaspTop10-2021:a3, owaspTop10:a1, pciDss-3.2:6.5.1, pciDss-4.0:6.2.4, stig-ASD_V5R3:V-222607, stig-ASD_V5R3:V-222609"
BenchmarkTest02176.java,javasecurity:S3649,true,BLOCKER,"[{'softwareQuality': 'SECURITY', 'severity': 'BLOCKER'}]","cwe:20, cwe:89, owaspAsvs-4.0:5.1.3, owaspAsvs-4.0:5.1.4, owaspAsvs-4.0:5.3.4, owaspAsvs-4.0:5.3.5, owaspTop10-2021:a3, owaspTop10:a1, pciDss-3.2:6.5.1, pciDss-4.0:6.2.4, stig-ASD_V5R3:V-222607, stig-ASD_V5R3:V-222609"
BenchmarkTest02177.java,javasecurity:S3649,true,BLOCKER,"[{'softwareQuality': 'SECURITY', 'severity': 'BLOCKER'}]","cwe:20, cwe:89, owaspAsvs-4.0:5.1.3, owaspAsvs-4.0:5.1.4, owaspAsvs-4.0:5.3.4, owaspAsvs-4.0:5.3.5, owaspTop10-2021:a3, owaspTop10:a1, pciDss-3.2:6.5.1, pciDss-4.0:6.2.4, stig-ASD_V5R3:V-222607, stig-ASD_V5R3:V-222609"
BenchmarkTest02178.java,javasecurity:S3649,true,BLOCKER,"[{'softwareQuality': 'SECURITY', 'severity': 'BLOCKER'}]","cwe:20, cwe:89, owaspAsvs-4.0:5.1.3, owaspAsvs-4.0:5.1.4, owaspAsvs-4.0:5.3.4, owaspAsvs-4.0:5.3.5, owaspTop10-2021:a3, owaspTop10:a1, pciDss-3.2:6.5.1, pciDss-4.0:6.2.4, stig-ASD_V5R3:V-222607, stig-ASD_V5R3:V-222609"
BenchmarkTest02179.java,javasecurity:S3649,true,BLOCKER,"[{'softwareQuality': 'SECURITY', 'severity': 'BLOCKER'}]","cwe:20, cwe:89, owaspAsvs-4.0:5.1.3, owaspAsvs-4.0:5.1.4, owaspAsvs-4.0:5.3.4, owaspAsvs-4.0:5.3.5, owaspTop10-2021:a3, owaspTop10:a1, pciDss-3.2:6.5.1, pciDss-4.0:6.2.4, stig-ASD_V5R3:V-222607, stig-ASD_V5R3:V-222609"
BenchmarkTest02181.java,javasecurity:S3649,true,BLOCKER,"[{'softwareQuality': 'SECURITY', 'severity': 'BLOCKER'}]","cwe:20, cwe:89, owaspAsvs-4.0:5.1.3, owaspAsvs-4.0:5.1.4, owaspAsvs-4.0:5.3.4, owaspAsvs-4.0:5.3.5, owaspTop10-2021:a3, owaspTop10:a1, pciDss-3.2:6.5.1, pciDss-4.0:6.2.4, stig-ASD_V5R3:V-222607, stig-ASD_V5R3:V-222609"
BenchmarkTest02182.java,javasecurity:S3649,true,BLOCKER,"[{'softwareQuality': 'SECURITY', 'severity': 'BLOCKER'}]","cwe:20, cwe:89, owaspAsvs-4.0:5.1.3, owaspAsvs-4.0:5.1.4, owaspAsvs-4.0:5.3.4, owaspAsvs-4.0:5.3.5, owaspTop10-2021:a3, owaspTop10:a1, pciDss-3.2:6.5.1, pciDss-4.0:6.2.4, stig-ASD_V5R3:V-222607, stig-ASD_V5R3:V-222609"
BenchmarkTest02186.java,javasecurity:S3649,true,BLOCKER,"[{'softwareQuality': 'SECURITY', 'severity': 'BLOCKER'}]","cwe:20, cwe:89, owaspAsvs-4.0:5.1.3, owaspAsvs-4.0:5.1.4, owaspAsvs-4.0:5.3.4, owaspAsvs-4.0:5.3.5, owaspTop10-2021:a3, owaspTop10:a1, pciDss-3.2:6.5.1, pciDss-4.0:6.2.4, stig-ASD_V5R3:V-222607, stig-ASD_V5R3:V-222609"
BenchmarkTest02187.java,javasecurity:S3649,true,BLOCKER,"[{'softwareQuality': 'SECURITY', 'severity': 'BLOCKER'}]","cwe:20, cwe:89, owaspAsvs-4.0:5.1.3, owaspAsvs-4.0:5.1.4, owaspAsvs-4.0:5.3.4, owaspAsvs-4.0:5.3.5, owaspTop10-2021:a3, owaspTop10:a1, pciDss-3.2:6.5.1, pciDss-4.0:6.2.4, stig-ASD_V5R3:V-222607, stig-ASD_V5R3:V-222609"
BenchmarkTest02189.java,javasecurity:S2091,true,BLOCKER,"[{'softwareQuality': 'SECURITY', 'severity': 'BLOCKER'}]","cwe:20, cwe:643, owaspAsvs-4.0:5.1.3, owaspAsvs-4.0:5.1.4, owaspAsvs-4.0:5.3.10, owaspTop10-2021:a3, owaspTop10:a1, pciDss-3.2:6.5.1, pciDss-4.0:6.2.4, stig-ASD_V5R3:V-222608, stig-ASD_V5R3:V-222609"
BenchmarkTest02192.java,java:S5547,true,CRITICAL,"[{'softwareQuality': 'SECURITY', 'severity': 'HIGH'}]","cwe:326, cwe:327, owaspAsvs-4.0:6.2.2, owaspAsvs-4.0:6.2.3, owaspAsvs-4.0:6.2.5, owaspAsvs-4.0:8.3.7, owaspTop10-2021:a2, owaspTop10:a3, owaspTop10:a6, pciDss-3.2:4.1, pciDss-3.2:6.5.3, pciDss-3.2:6.5.4, pciDss-4.0:4.2.1, pciDss-4.0:6.2.4, stig-ASD_V5R3:V-222396"
BenchmarkTest02192.java,java:S5542,true,CRITICAL,"[{'softwareQuality': 'SECURITY', 'severity': 'HIGH'}]","cwe:327, cwe:780, owaspAsvs-4.0:2.9.3, owaspAsvs-4.0:6.2.2, owaspAsvs-4.0:8.3.7, owaspTop10-2021:a2, owaspTop10:a3, owaspTop10:a6, pciDss-3.2:4.1, pciDss-3.2:6.5.3, pciDss-3.2:6.5.4, pciDss-4.0:4.2.1, pciDss-4.0:6.2.4"
BenchmarkTest02193.java,java:S5542,true,CRITICAL,"[{'softwareQuality': 'SECURITY', 'severity': 'HIGH'}]","cwe:327, cwe:780, owaspAsvs-4.0:2.9.3, owaspAsvs-4.0:6.2.2, owaspAsvs-4.0:8.3.7, owaspTop10-2021:a2, owaspTop10:a3, owaspTop10:a6, pciDss-3.2:4.1, pciDss-3.2:6.5.3, pciDss-3.2:6.5.4, pciDss-4.0:4.2.1, pciDss-4.0:6.2.4"
BenchmarkTest02193.java,java:S5547,true,CRITICAL,"[{'softwareQuality': 'SECURITY', 'severity': 'HIGH'}]","cwe:326, cwe:327, owaspAsvs-4.0:6.2.2, owaspAsvs-4.0:6.2.3, owaspAsvs-4.0:6.2.5, owaspAsvs-4.0:8.3.7, owaspTop10-2021:a2, owaspTop10:a3, owaspTop10:a6, pciDss-3.2:4.1, pciDss-3.2:6.5.3, pciDss-3.2:6.5.4, pciDss-4.0:4.2.1, pciDss-4.0:6.2.4, stig-ASD_V5R3:V-222396"
BenchmarkTest02194.java,java:S5542,true,CRITICAL,"[{'softwareQuality': 'SECURITY', 'severity': 'HIGH'}]","cwe:327, cwe:780, owaspAsvs-4.0:2.9.3, owaspAsvs-4.0:6.2.2, owaspAsvs-4.0:8.3.7, owaspTop10-2021:a2, owaspTop10:a3, owaspTop10:a6, pciDss-3.2:4.1, pciDss-3.2:6.5.3, pciDss-3.2:6.5.4, pciDss-4.0:4.2.1, pciDss-4.0:6.2.4"
BenchmarkTest02194.java,java:S5547,true,CRITICAL,"[{'softwareQuality': 'SECURITY', 'severity': 'HIGH'}]","cwe:326, cwe:327, owaspAsvs-4.0:6.2.2, owaspAsvs-4.0:6.2.3, owaspAsvs-4.0:6.2.5, owaspAsvs-4.0:8.3.7, owaspTop10-2021:a2, owaspTop10:a3, owaspTop10:a6, pciDss-3.2:4.1, pciDss-3.2:6.5.3, pciDss-3.2:6.5.4, pciDss-4.0:4.2.1, pciDss-4.0:6.2.4, stig-ASD_V5R3:V-222396"
BenchmarkTest02195.java,java:S5542,true,CRITICAL,"[{'softwareQuality': 'SECURITY', 'severity': 'HIGH'}]","cwe:327, cwe:780, owaspAsvs-4.0:2.9.3, owaspAsvs-4.0:6.2.2, owaspAsvs-4.0:8.3.7, owaspTop10-2021:a2, owaspTop10:a3, owaspTop10:a6, pciDss-3.2:4.1, pciDss-3.2:6.5.3, pciDss-3.2:6.5.4, pciDss-4.0:4.2.1, pciDss-4.0:6.2.4"
BenchmarkTest02195.java,java:S5547,true,CRITICAL,"[{'softwareQuality': 'SECURITY', 'severity': 'HIGH'}]","cwe:326, cwe:327, owaspAsvs-4.0:6.2.2, owaspAsvs-4.0:6.2.3, owaspAsvs-4.0:6.2.5, owaspAsvs-4.0:8.3.7, owaspTop10-2021:a2, owaspTop10:a3, owaspTop10:a6, pciDss-3.2:4.1, pciDss-3.2:6.5.3, pciDss-3.2:6.5.4, pciDss-4.0:4.2.1, pciDss-4.0:6.2.4, stig-ASD_V5R3:V-222396"
BenchmarkTest02196.java,javasecurity:S2078,true,BLOCKER,"[{'softwareQuality': 'SECURITY', 'severity': 'BLOCKER'}]","cwe:20, cwe:90, owaspAsvs-4.0:5.1.3, owaspAsvs-4.0:5.1.4, owaspAsvs-4.0:5.3.7, owaspTop10-2021:a3, owaspTop10:a1, pciDss-3.2:6.5.1, pciDss-4.0:6.2.4, stig-ASD_V5R3:V-222609"
BenchmarkTest02197.java,javasecurity:S6549,true,MAJOR,"[{'softwareQuality': 'SECURITY', 'severity': 'MEDIUM'}]","cwe:20, cwe:22, owaspAsvs-4.0:12.3.1, owaspAsvs-4.0:5.1.3, owaspAsvs-4.0:5.1.4, owaspTop10-2021:a1, owaspTop10-2021:a3, owaspTop10:a1, owaspTop10:a5, pciDss-3.2:6.5.8, pciDss-4.0:6.2.4, stig-ASD_V5R3:V-222609"
BenchmarkTest02198.java,javasecurity:S6549,true,MAJOR,"[{'softwareQuality': 'SECURITY', 'severity': 'MEDIUM'}]","cwe:20, cwe:22, owaspAsvs-4.0:12.3.1, owaspAsvs-4.0:5.1.3, owaspAsvs-4.0:5.1.4, owaspTop10-2021:a1, owaspTop10-2021:a3, owaspTop10:a1, owaspTop10:a5, pciDss-3.2:6.5.8, pciDss-4.0:6.2.4, stig-ASD_V5R3:V-222609"
BenchmarkTest02199.java,javasecurity:S6549,true,MAJOR,"[{'softwareQuality': 'SECURITY', 'severity': 'MEDIUM'}]","cwe:20, cwe:22, owaspAsvs-4.0:12.3.1, owaspAsvs-4.0:5.1.3, owaspAsvs-4.0:5.1.4, owaspTop10-2021:a1, owaspTop10-2021:a3, owaspTop10:a1, owaspTop10:a5, pciDss-3.2:6.5.8, pciDss-4.0:6.2.4, stig-ASD_V5R3:V-222609"
BenchmarkTest02200.java,javasecurity:S6549,true,MAJOR,"[{'softwareQuality': 'SECURITY', 'severity': 'MEDIUM'}]","cwe:20, cwe:22, owaspAsvs-4.0:12.3.1, owaspAsvs-4.0:5.1.3, owaspAsvs-4.0:5.1.4, owaspTop10-2021:a1, owaspTop10-2021:a3, owaspTop10:a1, owaspTop10:a5, pciDss-3.2:6.5.8, pciDss-4.0:6.2.4, stig-ASD_V5R3:V-222609"
BenchmarkTest02201.java,javasecurity:S2083,true,BLOCKER,"[{'softwareQuality': 'SECURITY', 'severity': 'BLOCKER'}]","cwe:20, cwe:22, owaspAsvs-4.0:12.3.1, owaspAsvs-4.0:5.1.3, owaspAsvs-4.0:5.1.4, owaspTop10-2021:a1, owaspTop10-2021:a3, owaspTop10:a1, owaspTop10:a5, pciDss-3.2:6.5.8, pciDss-4.0:6.2.4, stig-ASD_V5R3:V-222609"
BenchmarkTest02202.java,javasecurity:S2083,true,BLOCKER,"[{'softwareQuality': 'SECURITY', 'severity': 'BLOCKER'}]","cwe:20, cwe:22, owaspAsvs-4.0:12.3.1, owaspAsvs-4.0:5.1.3, owaspAsvs-4.0:5.1.4, owaspTop10-2021:a1, owaspTop10-2021:a3, owaspTop10:a1, owaspTop10:a5, pciDss-3.2:6.5.8, pciDss-4.0:6.2.4, stig-ASD_V5R3:V-222609"
BenchmarkTest02205.java,javasecurity:S2083,true,BLOCKER,"[{'softwareQuality': 'SECURITY', 'severity': 'BLOCKER'}]","cwe:20, cwe:22, owaspAsvs-4.0:12.3.1, owaspAsvs-4.0:5.1.3, owaspAsvs-4.0:5.1.4, owaspTop10-2021:a1, owaspTop10-2021:a3, owaspTop10:a1, owaspTop10:a5, pciDss-3.2:6.5.8, pciDss-4.0:6.2.4, stig-ASD_V5R3:V-222609"
BenchmarkTest02206.java,javasecurity:S2083,true,BLOCKER,"[{'softwareQuality': 'SECURITY', 'severity': 'BLOCKER'}]","cwe:20, cwe:22, owaspAsvs-4.0:12.3.1, owaspAsvs-4.0:5.1.3, owaspAsvs-4.0:5.1.4, owaspTop10-2021:a1, owaspTop10-2021:a3, owaspTop10:a1, owaspTop10:a5, pciDss-3.2:6.5.8, pciDss-4.0:6.2.4, stig-ASD_V5R3:V-222609"
BenchmarkTest02207.java,javasecurity:S2083,true,BLOCKER,"[{'softwareQuality': 'SECURITY', 'severity': 'BLOCKER'}]","cwe:20, cwe:22, owaspAsvs-4.0:12.3.1, owaspAsvs-4.0:5.1.3, owaspAsvs-4.0:5.1.4, owaspTop10-2021:a1, owaspTop10-2021:a3, owaspTop10:a1, owaspTop10:a5, pciDss-3.2:6.5.8, pciDss-4.0:6.2.4, stig-ASD_V5R3:V-222609"
BenchmarkTest02208.java,javasecurity:S2078,true,BLOCKER,"[{'softwareQuality': 'SECURITY', 'severity': 'BLOCKER'}]","cwe:20, cwe:90, owaspAsvs-4.0:5.1.3, owaspAsvs-4.0:5.1.4, owaspAsvs-4.0:5.3.7, owaspTop10-2021:a3, owaspTop10:a1, pciDss-3.2:6.5.1, pciDss-4.0:6.2.4, stig-ASD_V5R3:V-222609"
BenchmarkTest02221.java,javasecurity:S5131,true,BLOCKER,"[{'softwareQuality': 'SECURITY', 'severity': 'BLOCKER'}]","cwe:79, owaspAsvs-4.0:5.3.3, owaspTop10-2021:a3, owaspTop10:a7, pciDss-3.2:6.5.7, pciDss-4.0:6.2.4, stig-ASD_V5R3:V-222602, stig-ASD_V5R3:V-222609"
BenchmarkTest02222.java,javasecurity:S5131,true,BLOCKER,"[{'softwareQuality': 'SECURITY', 'severity': 'BLOCKER'}]","cwe:79, owaspAsvs-4.0:5.3.3, owaspTop10-2021:a3, owaspTop10:a7, pciDss-3.2:6.5.7, pciDss-4.0:6.2.4, stig-ASD_V5R3:V-222602, stig-ASD_V5R3:V-222609"
BenchmarkTest02223.java,javasecurity:S5131,true,BLOCKER,"[{'softwareQuality': 'SECURITY', 'severity': 'BLOCKER'}]","cwe:79, owaspAsvs-4.0:5.3.3, owaspTop10-2021:a3, owaspTop10:a7, pciDss-3.2:6.5.7, pciDss-4.0:6.2.4, stig-ASD_V5R3:V-222602, stig-ASD_V5R3:V-222609"
BenchmarkTest02224.java,javasecurity:S5131,true,BLOCKER,"[{'softwareQuality': 'SECURITY', 'severity': 'BLOCKER'}]","cwe:79, owaspAsvs-4.0:5.3.3, owaspTop10-2021:a3, owaspTop10:a7, pciDss-3.2:6.5.7, pciDss-4.0:6.2.4, stig-ASD_V5R3:V-222602, stig-ASD_V5R3:V-222609"
BenchmarkTest02225.java,javasecurity:S5131,true,BLOCKER,"[{'softwareQuality': 'SECURITY', 'severity': 'BLOCKER'}]","cwe:79, owaspAsvs-4.0:5.3.3, owaspTop10-2021:a3, owaspTop10:a7, pciDss-3.2:6.5.7, pciDss-4.0:6.2.4, stig-ASD_V5R3:V-222602, stig-ASD_V5R3:V-222609"
BenchmarkTest02226.java,javasecurity:S5131,true,BLOCKER,"[{'softwareQuality': 'SECURITY', 'severity': 'BLOCKER'}]","cwe:79, owaspAsvs-4.0:5.3.3, owaspTop10-2021:a3, owaspTop10:a7, pciDss-3.2:6.5.7, pciDss-4.0:6.2.4, stig-ASD_V5R3:V-222602, stig-ASD_V5R3:V-222609"
BenchmarkTest02227.java,javasecurity:S5131,true,BLOCKER,"[{'softwareQuality': 'SECURITY', 'severity': 'BLOCKER'}]","cwe:79, owaspAsvs-4.0:5.3.3, owaspTop10-2021:a3, owaspTop10:a7, pciDss-3.2:6.5.7, pciDss-4.0:6.2.4, stig-ASD_V5R3:V-222602, stig-ASD_V5R3:V-222609"
BenchmarkTest02228.java,javasecurity:S5131,true,BLOCKER,"[{'softwareQuality': 'SECURITY', 'severity': 'BLOCKER'}]","cwe:79, owaspAsvs-4.0:5.3.3, owaspTop10-2021:a3, owaspTop10:a7, pciDss-3.2:6.5.7, pciDss-4.0:6.2.4, stig-ASD_V5R3:V-222602, stig-ASD_V5R3:V-222609"
BenchmarkTest02230.java,javasecurity:S5131,true,BLOCKER,"[{'softwareQuality': 'SECURITY', 'severity': 'BLOCKER'}]","cwe:79, owaspAsvs-4.0:5.3.3, owaspTop10-2021:a3, owaspTop10:a7, pciDss-3.2:6.5.7, pciDss-4.0:6.2.4, stig-ASD_V5R3:V-222602, stig-ASD_V5R3:V-222609"
BenchmarkTest02232.java,javasecurity:S5131,true,BLOCKER,"[{'softwareQuality': 'SECURITY', 'severity': 'BLOCKER'}]","cwe:79, owaspAsvs-4.0:5.3.3, owaspTop10-2021:a3, owaspTop10:a7, pciDss-3.2:6.5.7, pciDss-4.0:6.2.4, stig-ASD_V5R3:V-222602, stig-ASD_V5R3:V-222609"
BenchmarkTest02234.java,javasecurity:S5131,true,BLOCKER,"[{'softwareQuality': 'SECURITY', 'severity': 'BLOCKER'}]","cwe:79, owaspAsvs-4.0:5.3.3, owaspTop10-2021:a3, owaspTop10:a7, pciDss-3.2:6.5.7, pciDss-4.0:6.2.4, stig-ASD_V5R3:V-222602, stig-ASD_V5R3:V-222609"
BenchmarkTest02235.java,javasecurity:S5131,true,BLOCKER,"[{'softwareQuality': 'SECURITY', 'severity': 'BLOCKER'}]","cwe:79, owaspAsvs-4.0:5.3.3, owaspTop10-2021:a3, owaspTop10:a7, pciDss-3.2:6.5.7, pciDss-4.0:6.2.4, stig-ASD_V5R3:V-222602, stig-ASD_V5R3:V-222609"
BenchmarkTest02236.java,javasecurity:S5131,true,BLOCKER,"[{'softwareQuality': 'SECURITY', 'severity': 'BLOCKER'}]","cwe:79, owaspAsvs-4.0:5.3.3, owaspTop10-2021:a3, owaspTop10:a7, pciDss-3.2:6.5.7, pciDss-4.0:6.2.4, stig-ASD_V5R3:V-222602, stig-ASD_V5R3:V-222609"
BenchmarkTest02240.java,javasecurity:S5131,true,BLOCKER,"[{'softwareQuality': 'SECURITY', 'severity': 'BLOCKER'}]","cwe:79, owaspAsvs-4.0:5.3.3, owaspTop10-2021:a3, owaspTop10:a7, pciDss-3.2:6.5.7, pciDss-4.0:6.2.4, stig-ASD_V5R3:V-222602, stig-ASD_V5R3:V-222609"
BenchmarkTest02241.java,javasecurity:S5131,true,BLOCKER,"[{'softwareQuality': 'SECURITY', 'severity': 'BLOCKER'}]","cwe:79, owaspAsvs-4.0:5.3.3, owaspTop10-2021:a3, owaspTop10:a7, pciDss-3.2:6.5.7, pciDss-4.0:6.2.4, stig-ASD_V5R3:V-222602, stig-ASD_V5R3:V-222609"
BenchmarkTest02249.java,javasecurity:S2076,true,BLOCKER,"[{'softwareQuality': 'SECURITY', 'severity': 'BLOCKER'}]","cwe:20, cwe:78, owaspAsvs-4.0:12.3.5, owaspAsvs-4.0:5.1.3, owaspAsvs-4.0:5.1.4, owaspAsvs-4.0:5.3.8, owaspTop10-2021:a3, owaspTop10:a1, pciDss-3.2:6.5.1, pciDss-4.0:6.2.4, stig-ASD_V5R3:V-222604, stig-ASD_V5R3:V-222609"
BenchmarkTest02250.java,javasecurity:S2076,true,BLOCKER,"[{'softwareQuality': 'SECURITY', 'severity': 'BLOCKER'}]","cwe:20, cwe:78, owaspAsvs-4.0:12.3.5, owaspAsvs-4.0:5.1.3, owaspAsvs-4.0:5.1.4, owaspAsvs-4.0:5.3.8, owaspTop10-2021:a3, owaspTop10:a1, pciDss-3.2:6.5.1, pciDss-4.0:6.2.4, stig-ASD_V5R3:V-222604, stig-ASD_V5R3:V-222609"
BenchmarkTest02264.java,javasecurity:S3649,true,BLOCKER,"[{'softwareQuality': 'SECURITY', 'severity': 'BLOCKER'}]","cwe:20, cwe:89, owaspAsvs-4.0:5.1.3, owaspAsvs-4.0:5.1.4, owaspAsvs-4.0:5.3.4, owaspAsvs-4.0:5.3.5, owaspTop10-2021:a3, owaspTop10:a1, pciDss-3.2:6.5.1, pciDss-4.0:6.2.4, stig-ASD_V5R3:V-222607, stig-ASD_V5R3:V-222609"
BenchmarkTest02266.java,javasecurity:S3649,true,BLOCKER,"[{'softwareQuality': 'SECURITY', 'severity': 'BLOCKER'}]","cwe:20, cwe:89, owaspAsvs-4.0:5.1.3, owaspAsvs-4.0:5.1.4, owaspAsvs-4.0:5.3.4, owaspAsvs-4.0:5.3.5, owaspTop10-2021:a3, owaspTop10:a1, pciDss-3.2:6.5.1, pciDss-4.0:6.2.4, stig-ASD_V5R3:V-222607, stig-ASD_V5R3:V-222609"
BenchmarkTest02269.java,javasecurity:S3649,true,BLOCKER,"[{'softwareQuality': 'SECURITY', 'severity': 'BLOCKER'}]","cwe:20, cwe:89, owaspAsvs-4.0:5.1.3, owaspAsvs-4.0:5.1.4, owaspAsvs-4.0:5.3.4, owaspAsvs-4.0:5.3.5, owaspTop10-2021:a3, owaspTop10:a1, pciDss-3.2:6.5.1, pciDss-4.0:6.2.4, stig-ASD_V5R3:V-222607, stig-ASD_V5R3:V-222609"
BenchmarkTest02270.java,javasecurity:S3649,true,BLOCKER,"[{'softwareQuality': 'SECURITY', 'severity': 'BLOCKER'}]","cwe:20, cwe:89, owaspAsvs-4.0:5.1.3, owaspAsvs-4.0:5.1.4, owaspAsvs-4.0:5.3.4, owaspAsvs-4.0:5.3.5, owaspTop10-2021:a3, owaspTop10:a1, pciDss-3.2:6.5.1, pciDss-4.0:6.2.4, stig-ASD_V5R3:V-222607, stig-ASD_V5R3:V-222609"
BenchmarkTest02271.java,javasecurity:S3649,true,BLOCKER,"[{'softwareQuality': 'SECURITY', 'severity': 'BLOCKER'}]","cwe:20, cwe:89, owaspAsvs-4.0:5.1.3, owaspAsvs-4.0:5.1.4, owaspAsvs-4.0:5.3.4, owaspAsvs-4.0:5.3.5, owaspTop10-2021:a3, owaspTop10:a1, pciDss-3.2:6.5.1, pciDss-4.0:6.2.4, stig-ASD_V5R3:V-222607, stig-ASD_V5R3:V-222609"
BenchmarkTest02272.java,javasecurity:S3649,true,BLOCKER,"[{'softwareQuality': 'SECURITY', 'severity': 'BLOCKER'}]","cwe:20, cwe:89, owaspAsvs-4.0:5.1.3, owaspAsvs-4.0:5.1.4, owaspAsvs-4.0:5.3.4, owaspAsvs-4.0:5.3.5, owaspTop10-2021:a3, owaspTop10:a1, pciDss-3.2:6.5.1, pciDss-4.0:6.2.4, stig-ASD_V5R3:V-222607, stig-ASD_V5R3:V-222609"
BenchmarkTest02273.java,javasecurity:S3649,true,BLOCKER,"[{'softwareQuality': 'SECURITY', 'severity': 'BLOCKER'}]","cwe:20, cwe:89, owaspAsvs-4.0:5.1.3, owaspAsvs-4.0:5.1.4, owaspAsvs-4.0:5.3.4, owaspAsvs-4.0:5.3.5, owaspTop10-2021:a3, owaspTop10:a1, pciDss-3.2:6.5.1, pciDss-4.0:6.2.4, stig-ASD_V5R3:V-222607, stig-ASD_V5R3:V-222609"
BenchmarkTest02274.java,javasecurity:S3649,true,BLOCKER,"[{'softwareQuality': 'SECURITY', 'severity': 'BLOCKER'}]","cwe:20, cwe:89, owaspAsvs-4.0:5.1.3, owaspAsvs-4.0:5.1.4, owaspAsvs-4.0:5.3.4, owaspAsvs-4.0:5.3.5, owaspTop10-2021:a3, owaspTop10:a1, pciDss-3.2:6.5.1, pciDss-4.0:6.2.4, stig-ASD_V5R3:V-222607, stig-ASD_V5R3:V-222609"
BenchmarkTest02275.java,javasecurity:S3649,true,BLOCKER,"[{'softwareQuality': 'SECURITY', 'severity': 'BLOCKER'}]","cwe:20, cwe:89, owaspAsvs-4.0:5.1.3, owaspAsvs-4.0:5.1.4, owaspAsvs-4.0:5.3.4, owaspAsvs-4.0:5.3.5, owaspTop10-2021:a3, owaspTop10:a1, pciDss-3.2:6.5.1, pciDss-4.0:6.2.4, stig-ASD_V5R3:V-222607, stig-ASD_V5R3:V-222609"
BenchmarkTest02276.java,javasecurity:S3649,true,BLOCKER,"[{'softwareQuality': 'SECURITY', 'severity': 'BLOCKER'}]","cwe:20, cwe:89, owaspAsvs-4.0:5.1.3, owaspAsvs-4.0:5.1.4, owaspAsvs-4.0:5.3.4, owaspAsvs-4.0:5.3.5, owaspTop10-2021:a3, owaspTop10:a1, pciDss-3.2:6.5.1, pciDss-4.0:6.2.4, stig-ASD_V5R3:V-222607, stig-ASD_V5R3:V-222609"
BenchmarkTest02277.java,javasecurity:S3649,true,BLOCKER,"[{'softwareQuality': 'SECURITY', 'severity': 'BLOCKER'}]","cwe:20, cwe:89, owaspAsvs-4.0:5.1.3, owaspAsvs-4.0:5.1.4, owaspAsvs-4.0:5.3.4, owaspAsvs-4.0:5.3.5, owaspTop10-2021:a3, owaspTop10:a1, pciDss-3.2:6.5.1, pciDss-4.0:6.2.4, stig-ASD_V5R3:V-222607, stig-ASD_V5R3:V-222609"
BenchmarkTest02279.java,javasecurity:S3649,true,BLOCKER,"[{'softwareQuality': 'SECURITY', 'severity': 'BLOCKER'}]","cwe:20, cwe:89, owaspAsvs-4.0:5.1.3, owaspAsvs-4.0:5.1.4, owaspAsvs-4.0:5.3.4, owaspAsvs-4.0:5.3.5, owaspTop10-2021:a3, owaspTop10:a1, pciDss-3.2:6.5.1, pciDss-4.0:6.2.4, stig-ASD_V5R3:V-222607, stig-ASD_V5R3:V-222609"
BenchmarkTest02280.java,javasecurity:S3649,true,BLOCKER,"[{'softwareQuality': 'SECURITY', 'severity': 'BLOCKER'}]","cwe:20, cwe:89, owaspAsvs-4.0:5.1.3, owaspAsvs-4.0:5.1.4, owaspAsvs-4.0:5.3.4, owaspAsvs-4.0:5.3.5, owaspTop10-2021:a3, owaspTop10:a1, pciDss-3.2:6.5.1, pciDss-4.0:6.2.4, stig-ASD_V5R3:V-222607, stig-ASD_V5R3:V-222609"
BenchmarkTest02281.java,javasecurity:S3649,true,BLOCKER,"[{'softwareQuality': 'SECURITY', 'severity': 'BLOCKER'}]","cwe:20, cwe:89, owaspAsvs-4.0:5.1.3, owaspAsvs-4.0:5.1.4, owaspAsvs-4.0:5.3.4, owaspAsvs-4.0:5.3.5, owaspTop10-2021:a3, owaspTop10:a1, pciDss-3.2:6.5.1, pciDss-4.0:6.2.4, stig-ASD_V5R3:V-222607, stig-ASD_V5R3:V-222609"
BenchmarkTest02282.java,javasecurity:S3649,true,BLOCKER,"[{'softwareQuality': 'SECURITY', 'severity': 'BLOCKER'}]","cwe:20, cwe:89, owaspAsvs-4.0:5.1.3, owaspAsvs-4.0:5.1.4, owaspAsvs-4.0:5.3.4, owaspAsvs-4.0:5.3.5, owaspTop10-2021:a3, owaspTop10:a1, pciDss-3.2:6.5.1, pciDss-4.0:6.2.4, stig-ASD_V5R3:V-222607, stig-ASD_V5R3:V-222609"
BenchmarkTest02284.java,javasecurity:S3649,true,BLOCKER,"[{'softwareQuality': 'SECURITY', 'severity': 'BLOCKER'}]","cwe:20, cwe:89, owaspAsvs-4.0:5.1.3, owaspAsvs-4.0:5.1.4, owaspAsvs-4.0:5.3.4, owaspAsvs-4.0:5.3.5, owaspTop10-2021:a3, owaspTop10:a1, pciDss-3.2:6.5.1, pciDss-4.0:6.2.4, stig-ASD_V5R3:V-222607, stig-ASD_V5R3:V-222609"
BenchmarkTest02285.java,javasecurity:S3649,true,BLOCKER,"[{'softwareQuality': 'SECURITY', 'severity': 'BLOCKER'}]","cwe:20, cwe:89, owaspAsvs-4.0:5.1.3, owaspAsvs-4.0:5.1.4, owaspAsvs-4.0:5.3.4, owaspAsvs-4.0:5.3.5, owaspTop10-2021:a3, owaspTop10:a1, pciDss-3.2:6.5.1, pciDss-4.0:6.2.4, stig-ASD_V5R3:V-222607, stig-ASD_V5R3:V-222609"
BenchmarkTest02286.java,javasecurity:S3649,true,BLOCKER,"[{'softwareQuality': 'SECURITY', 'severity': 'BLOCKER'}]","cwe:20, cwe:89, owaspAsvs-4.0:5.1.3, owaspAsvs-4.0:5.1.4, owaspAsvs-4.0:5.3.4, owaspAsvs-4.0:5.3.5, owaspTop10-2021:a3, owaspTop10:a1, pciDss-3.2:6.5.1, pciDss-4.0:6.2.4, stig-ASD_V5R3:V-222607, stig-ASD_V5R3:V-222609"
BenchmarkTest02287.java,javasecurity:S3649,true,BLOCKER,"[{'softwareQuality': 'SECURITY', 'severity': 'BLOCKER'}]","cwe:20, cwe:89, owaspAsvs-4.0:5.1.3, owaspAsvs-4.0:5.1.4, owaspAsvs-4.0:5.3.4, owaspAsvs-4.0:5.3.5, owaspTop10-2021:a3, owaspTop10:a1, pciDss-3.2:6.5.1, pciDss-4.0:6.2.4, stig-ASD_V5R3:V-222607, stig-ASD_V5R3:V-222609"
BenchmarkTest02288.java,javasecurity:S3649,true,BLOCKER,"[{'softwareQuality': 'SECURITY', 'severity': 'BLOCKER'}]","cwe:20, cwe:89, owaspAsvs-4.0:5.1.3, owaspAsvs-4.0:5.1.4, owaspAsvs-4.0:5.3.4, owaspAsvs-4.0:5.3.5, owaspTop10-2021:a3, owaspTop10:a1, pciDss-3.2:6.5.1, pciDss-4.0:6.2.4, stig-ASD_V5R3:V-222607, stig-ASD_V5R3:V-222609"
BenchmarkTest02290.java,java:S5542,true,CRITICAL,"[{'softwareQuality': 'SECURITY', 'severity': 'HIGH'}]","cwe:327, cwe:780, owaspAsvs-4.0:2.9.3, owaspAsvs-4.0:6.2.2, owaspAsvs-4.0:8.3.7, owaspTop10-2021:a2, owaspTop10:a3, owaspTop10:a6, pciDss-3.2:4.1, pciDss-3.2:6.5.3, pciDss-3.2:6.5.4, pciDss-4.0:4.2.1, pciDss-4.0:6.2.4"
BenchmarkTest02290.java,java:S5547,true,CRITICAL,"[{'softwareQuality': 'SECURITY', 'severity': 'HIGH'}]","cwe:326, cwe:327, owaspAsvs-4.0:6.2.2, owaspAsvs-4.0:6.2.3, owaspAsvs-4.0:6.2.5, owaspAsvs-4.0:8.3.7, owaspTop10-2021:a2, owaspTop10:a3, owaspTop10:a6, pciDss-3.2:4.1, pciDss-3.2:6.5.3, pciDss-3.2:6.5.4, pciDss-4.0:4.2.1, pciDss-4.0:6.2.4, stig-ASD_V5R3:V-222396"
BenchmarkTest02291.java,java:S5547,true,CRITICAL,"[{'softwareQuality': 'SECURITY', 'severity': 'HIGH'}]","cwe:326, cwe:327, owaspAsvs-4.0:6.2.2, owaspAsvs-4.0:6.2.3, owaspAsvs-4.0:6.2.5, owaspAsvs-4.0:8.3.7, owaspTop10-2021:a2, owaspTop10:a3, owaspTop10:a6, pciDss-3.2:4.1, pciDss-3.2:6.5.3, pciDss-3.2:6.5.4, pciDss-4.0:4.2.1, pciDss-4.0:6.2.4, stig-ASD_V5R3:V-222396"
BenchmarkTest02291.java,java:S5542,true,CRITICAL,"[{'softwareQuality': 'SECURITY', 'severity': 'HIGH'}]","cwe:327, cwe:780, owaspAsvs-4.0:2.9.3, owaspAsvs-4.0:6.2.2, owaspAsvs-4.0:8.3.7, owaspTop10-2021:a2, owaspTop10:a3, owaspTop10:a6, pciDss-3.2:4.1, pciDss-3.2:6.5.3, pciDss-3.2:6.5.4, pciDss-4.0:4.2.1, pciDss-4.0:6.2.4"
BenchmarkTest02292.java,java:S5542,true,CRITICAL,"[{'softwareQuality': 'SECURITY', 'severity': 'HIGH'}]","cwe:327, cwe:780, owaspAsvs-4.0:2.9.3, owaspAsvs-4.0:6.2.2, owaspAsvs-4.0:8.3.7, owaspTop10-2021:a2, owaspTop10:a3, owaspTop10:a6, pciDss-3.2:4.1, pciDss-3.2:6.5.3, pciDss-3.2:6.5.4, pciDss-4.0:4.2.1, pciDss-4.0:6.2.4"
BenchmarkTest02292.java,java:S5547,true,CRITICAL,"[{'softwareQuality': 'SECURITY', 'severity': 'HIGH'}]","cwe:326, cwe:327, owaspAsvs-4.0:6.2.2, owaspAsvs-4.0:6.2.3, owaspAsvs-4.0:6.2.5, owaspAsvs-4.0:8.3.7, owaspTop10-2021:a2, owaspTop10:a3, owaspTop10:a6, pciDss-3.2:4.1, pciDss-3.2:6.5.3, pciDss-3.2:6.5.4, pciDss-4.0:4.2.1, pciDss-4.0:6.2.4, stig-ASD_V5R3:V-222396"
BenchmarkTest02293.java,java:S5542,true,CRITICAL,"[{'softwareQuality': 'SECURITY', 'severity': 'HIGH'}]","cwe:327, cwe:780, owaspAsvs-4.0:2.9.3, owaspAsvs-4.0:6.2.2, owaspAsvs-4.0:8.3.7, owaspTop10-2021:a2, owaspTop10:a3, owaspTop10:a6, pciDss-3.2:4.1, pciDss-3.2:6.5.3, pciDss-3.2:6.5.4, pciDss-4.0:4.2.1, pciDss-4.0:6.2.4"
BenchmarkTest02293.java,java:S5547,true,CRITICAL,"[{'softwareQuality': 'SECURITY', 'severity': 'HIGH'}]","cwe:326, cwe:327, owaspAsvs-4.0:6.2.2, owaspAsvs-4.0:6.2.3, owaspAsvs-4.0:6.2.5, owaspAsvs-4.0:8.3.7, owaspTop10-2021:a2, owaspTop10:a3, owaspTop10:a6, pciDss-3.2:4.1, pciDss-3.2:6.5.3, pciDss-3.2:6.5.4, pciDss-4.0:4.2.1, pciDss-4.0:6.2.4, stig-ASD_V5R3:V-222396"
BenchmarkTest02294.java,java:S5542,true,CRITICAL,"[{'softwareQuality': 'SECURITY', 'severity': 'HIGH'}]","cwe:327, cwe:780, owaspAsvs-4.0:2.9.3, owaspAsvs-4.0:6.2.2, owaspAsvs-4.0:8.3.7, owaspTop10-2021:a2, owaspTop10:a3, owaspTop10:a6, pciDss-3.2:4.1, pciDss-3.2:6.5.3, pciDss-3.2:6.5.4, pciDss-4.0:4.2.1, pciDss-4.0:6.2.4"
BenchmarkTest02294.java,java:S5547,true,CRITICAL,"[{'softwareQuality': 'SECURITY', 'severity': 'HIGH'}]","cwe:326, cwe:327, owaspAsvs-4.0:6.2.2, owaspAsvs-4.0:6.2.3, owaspAsvs-4.0:6.2.5, owaspAsvs-4.0:8.3.7, owaspTop10-2021:a2, owaspTop10:a3, owaspTop10:a6, pciDss-3.2:4.1, pciDss-3.2:6.5.3, pciDss-3.2:6.5.4, pciDss-4.0:4.2.1, pciDss-4.0:6.2.4, stig-ASD_V5R3:V-222396"
BenchmarkTest02295.java,java:S5542,true,CRITICAL,"[{'softwareQuality': 'SECURITY', 'severity': 'HIGH'}]","cwe:327, cwe:780, owaspAsvs-4.0:2.9.3, owaspAsvs-4.0:6.2.2, owaspAsvs-4.0:8.3.7, owaspTop10-2021:a2, owaspTop10:a3, owaspTop10:a6, pciDss-3.2:4.1, pciDss-3.2:6.5.3, pciDss-3.2:6.5.4, pciDss-4.0:4.2.1, pciDss-4.0:6.2.4"
BenchmarkTest02295.java,java:S5547,true,CRITICAL,"[{'softwareQuality': 'SECURITY', 'severity': 'HIGH'}]","cwe:326, cwe:327, owaspAsvs-4.0:6.2.2, owaspAsvs-4.0:6.2.3, owaspAsvs-4.0:6.2.5, owaspAsvs-4.0:8.3.7, owaspTop10-2021:a2, owaspTop10:a3, owaspTop10:a6, pciDss-3.2:4.1, pciDss-3.2:6.5.3, pciDss-3.2:6.5.4, pciDss-4.0:4.2.1, pciDss-4.0:6.2.4, stig-ASD_V5R3:V-222396"
BenchmarkTest02296.java,java:S5542,true,CRITICAL,"[{'softwareQuality': 'SECURITY', 'severity': 'HIGH'}]","cwe:327, cwe:780, owaspAsvs-4.0:2.9.3, owaspAsvs-4.0:6.2.2, owaspAsvs-4.0:8.3.7, owaspTop10-2021:a2, owaspTop10:a3, owaspTop10:a6, pciDss-3.2:4.1, pciDss-3.2:6.5.3, pciDss-3.2:6.5.4, pciDss-4.0:4.2.1, pciDss-4.0:6.2.4"
BenchmarkTest02297.java,java:S5542,true,CRITICAL,"[{'softwareQuality': 'SECURITY', 'severity': 'HIGH'}]","cwe:327, cwe:780, owaspAsvs-4.0:2.9.3, owaspAsvs-4.0:6.2.2, owaspAsvs-4.0:8.3.7, owaspTop10-2021:a2, owaspTop10:a3, owaspTop10:a6, pciDss-3.2:4.1, pciDss-3.2:6.5.3, pciDss-3.2:6.5.4, pciDss-4.0:4.2.1, pciDss-4.0:6.2.4"
BenchmarkTest02298.java,java:S5542,true,CRITICAL,"[{'softwareQuality': 'SECURITY', 'severity': 'HIGH'}]","cwe:327, cwe:780, owaspAsvs-4.0:2.9.3, owaspAsvs-4.0:6.2.2, owaspAsvs-4.0:8.3.7, owaspTop10-2021:a2, owaspTop10:a3, owaspTop10:a6, pciDss-3.2:4.1, pciDss-3.2:6.5.3, pciDss-3.2:6.5.4, pciDss-4.0:4.2.1, pciDss-4.0:6.2.4"
BenchmarkTest02299.java,javasecurity:S2078,true,BLOCKER,"[{'softwareQuality': 'SECURITY', 'severity': 'BLOCKER'}]","cwe:20, cwe:90, owaspAsvs-4.0:5.1.3, owaspAsvs-4.0:5.1.4, owaspAsvs-4.0:5.3.7, owaspTop10-2021:a3, owaspTop10:a1, pciDss-3.2:6.5.1, pciDss-4.0:6.2.4, stig-ASD_V5R3:V-222609"
BenchmarkTest02303.java,javasecurity:S2083,true,BLOCKER,"[{'softwareQuality': 'SECURITY', 'severity': 'BLOCKER'}]","cwe:20, cwe:22, owaspAsvs-4.0:12.3.1, owaspAsvs-4.0:5.1.3, owaspAsvs-4.0:5.1.4, owaspTop10-2021:a1, owaspTop10-2021:a3, owaspTop10:a1, owaspTop10:a5, pciDss-3.2:6.5.8, pciDss-4.0:6.2.4, stig-ASD_V5R3:V-222609"
BenchmarkTest02304.java,javasecurity:S2083,true,BLOCKER,"[{'softwareQuality': 'SECURITY', 'severity': 'BLOCKER'}]","cwe:20, cwe:22, owaspAsvs-4.0:12.3.1, owaspAsvs-4.0:5.1.3, owaspAsvs-4.0:5.1.4, owaspTop10-2021:a1, owaspTop10-2021:a3, owaspTop10:a1, owaspTop10:a5, pciDss-3.2:6.5.8, pciDss-4.0:6.2.4, stig-ASD_V5R3:V-222609"
BenchmarkTest02305.java,javasecurity:S2078,true,BLOCKER,"[{'softwareQuality': 'SECURITY', 'severity': 'BLOCKER'}]","cwe:20, cwe:90, owaspAsvs-4.0:5.1.3, owaspAsvs-4.0:5.1.4, owaspAsvs-4.0:5.3.7, owaspTop10-2021:a3, owaspTop10:a1, pciDss-3.2:6.5.1, pciDss-4.0:6.2.4, stig-ASD_V5R3:V-222609"
BenchmarkTest02306.java,javasecurity:S2078,true,BLOCKER,"[{'softwareQuality': 'SECURITY', 'severity': 'BLOCKER'}]","cwe:20, cwe:90, owaspAsvs-4.0:5.1.3, owaspAsvs-4.0:5.1.4, owaspAsvs-4.0:5.3.7, owaspTop10-2021:a3, owaspTop10:a1, pciDss-3.2:6.5.1, pciDss-4.0:6.2.4, stig-ASD_V5R3:V-222609"
BenchmarkTest02314.java,javasecurity:S5131,true,BLOCKER,"[{'softwareQuality': 'SECURITY', 'severity': 'BLOCKER'}]","cwe:79, owaspAsvs-4.0:5.3.3, owaspTop10-2021:a3, owaspTop10:a7, pciDss-3.2:6.5.7, pciDss-4.0:6.2.4, stig-ASD_V5R3:V-222602, stig-ASD_V5R3:V-222609"
BenchmarkTest02315.java,javasecurity:S5131,true,BLOCKER,"[{'softwareQuality': 'SECURITY', 'severity': 'BLOCKER'}]","cwe:79, owaspAsvs-4.0:5.3.3, owaspTop10-2021:a3, owaspTop10:a7, pciDss-3.2:6.5.7, pciDss-4.0:6.2.4, stig-ASD_V5R3:V-222602, stig-ASD_V5R3:V-222609"
BenchmarkTest02316.java,javasecurity:S5131,true,BLOCKER,"[{'softwareQuality': 'SECURITY', 'severity': 'BLOCKER'}]","cwe:79, owaspAsvs-4.0:5.3.3, owaspTop10-2021:a3, owaspTop10:a7, pciDss-3.2:6.5.7, pciDss-4.0:6.2.4, stig-ASD_V5R3:V-222602, stig-ASD_V5R3:V-222609"
BenchmarkTest02317.java,javasecurity:S5131,true,BLOCKER,"[{'softwareQuality': 'SECURITY', 'severity': 'BLOCKER'}]","cwe:79, owaspAsvs-4.0:5.3.3, owaspTop10-2021:a3, owaspTop10:a7, pciDss-3.2:6.5.7, pciDss-4.0:6.2.4, stig-ASD_V5R3:V-222602, stig-ASD_V5R3:V-222609"
BenchmarkTest02319.java,javasecurity:S5131,true,BLOCKER,"[{'softwareQuality': 'SECURITY', 'severity': 'BLOCKER'}]","cwe:79, owaspAsvs-4.0:5.3.3, owaspTop10-2021:a3, owaspTop10:a7, pciDss-3.2:6.5.7, pciDss-4.0:6.2.4, stig-ASD_V5R3:V-222602, stig-ASD_V5R3:V-222609"
BenchmarkTest02322.java,javasecurity:S5131,true,BLOCKER,"[{'softwareQuality': 'SECURITY', 'severity': 'BLOCKER'}]","cwe:79, owaspAsvs-4.0:5.3.3, owaspTop10-2021:a3, owaspTop10:a7, pciDss-3.2:6.5.7, pciDss-4.0:6.2.4, stig-ASD_V5R3:V-222602, stig-ASD_V5R3:V-222609"
BenchmarkTest02323.java,javasecurity:S5131,true,BLOCKER,"[{'softwareQuality': 'SECURITY', 'severity': 'BLOCKER'}]","cwe:79, owaspAsvs-4.0:5.3.3, owaspTop10-2021:a3, owaspTop10:a7, pciDss-3.2:6.5.7, pciDss-4.0:6.2.4, stig-ASD_V5R3:V-222602, stig-ASD_V5R3:V-222609"
BenchmarkTest02324.java,javasecurity:S5131,true,BLOCKER,"[{'softwareQuality': 'SECURITY', 'severity': 'BLOCKER'}]","cwe:79, owaspAsvs-4.0:5.3.3, owaspTop10-2021:a3, owaspTop10:a7, pciDss-3.2:6.5.7, pciDss-4.0:6.2.4, stig-ASD_V5R3:V-222602, stig-ASD_V5R3:V-222609"
BenchmarkTest02325.java,javasecurity:S5131,true,BLOCKER,"[{'softwareQuality': 'SECURITY', 'severity': 'BLOCKER'}]","cwe:79, owaspAsvs-4.0:5.3.3, owaspTop10-2021:a3, owaspTop10:a7, pciDss-3.2:6.5.7, pciDss-4.0:6.2.4, stig-ASD_V5R3:V-222602, stig-ASD_V5R3:V-222609"
BenchmarkTest02326.java,javasecurity:S5131,true,BLOCKER,"[{'softwareQuality': 'SECURITY', 'severity': 'BLOCKER'}]","cwe:79, owaspAsvs-4.0:5.3.3, owaspTop10-2021:a3, owaspTop10:a7, pciDss-3.2:6.5.7, pciDss-4.0:6.2.4, stig-ASD_V5R3:V-222602, stig-ASD_V5R3:V-222609"
BenchmarkTest02327.java,javasecurity:S5131,true,BLOCKER,"[{'softwareQuality': 'SECURITY', 'severity': 'BLOCKER'}]","cwe:79, owaspAsvs-4.0:5.3.3, owaspTop10-2021:a3, owaspTop10:a7, pciDss-3.2:6.5.7, pciDss-4.0:6.2.4, stig-ASD_V5R3:V-222602, stig-ASD_V5R3:V-222609"
BenchmarkTest02328.java,javasecurity:S5131,true,BLOCKER,"[{'softwareQuality': 'SECURITY', 'severity': 'BLOCKER'}]","cwe:79, owaspAsvs-4.0:5.3.3, owaspTop10-2021:a3, owaspTop10:a7, pciDss-3.2:6.5.7, pciDss-4.0:6.2.4, stig-ASD_V5R3:V-222602, stig-ASD_V5R3:V-222609"
BenchmarkTest02329.java,javasecurity:S5131,true,BLOCKER,"[{'softwareQuality': 'SECURITY', 'severity': 'BLOCKER'}]","cwe:79, owaspAsvs-4.0:5.3.3, owaspTop10-2021:a3, owaspTop10:a7, pciDss-3.2:6.5.7, pciDss-4.0:6.2.4, stig-ASD_V5R3:V-222602, stig-ASD_V5R3:V-222609"
BenchmarkTest02330.java,javasecurity:S5131,true,BLOCKER,"[{'softwareQuality': 'SECURITY', 'severity': 'BLOCKER'}]","cwe:79, owaspAsvs-4.0:5.3.3, owaspTop10-2021:a3, owaspTop10:a7, pciDss-3.2:6.5.7, pciDss-4.0:6.2.4, stig-ASD_V5R3:V-222602, stig-ASD_V5R3:V-222609"
BenchmarkTest02332.java,javasecurity:S5131,true,BLOCKER,"[{'softwareQuality': 'SECURITY', 'severity': 'BLOCKER'}]","cwe:79, owaspAsvs-4.0:5.3.3, owaspTop10-2021:a3, owaspTop10:a7, pciDss-3.2:6.5.7, pciDss-4.0:6.2.4, stig-ASD_V5R3:V-222602, stig-ASD_V5R3:V-222609"
BenchmarkTest02341.java,javasecurity:S6547,true,MAJOR,"[{'softwareQuality': 'SECURITY', 'severity': 'MEDIUM'}]","cwe:20, cwe:454, owaspAsvs-4.0:5.1.3, owaspAsvs-4.0:5.1.4, owaspTop10-2021:a3, owaspTop10:a1, stig-ASD_V5R3:V-222609"
BenchmarkTest02342.java,javasecurity:S2076,true,BLOCKER,"[{'softwareQuality': 'SECURITY', 'severity': 'BLOCKER'}]","cwe:20, cwe:78, owaspAsvs-4.0:12.3.5, owaspAsvs-4.0:5.1.3, owaspAsvs-4.0:5.1.4, owaspAsvs-4.0:5.3.8, owaspTop10-2021:a3, owaspTop10:a1, pciDss-3.2:6.5.1, pciDss-4.0:6.2.4, stig-ASD_V5R3:V-222604, stig-ASD_V5R3:V-222609"
BenchmarkTest02343.java,javasecurity:S2076,true,BLOCKER,"[{'softwareQuality': 'SECURITY', 'severity': 'BLOCKER'}]","cwe:20, cwe:78, owaspAsvs-4.0:12.3.5, owaspAsvs-4.0:5.1.3, owaspAsvs-4.0:5.1.4, owaspAsvs-4.0:5.3.8, owaspTop10-2021:a3, owaspTop10:a1, pciDss-3.2:6.5.1, pciDss-4.0:6.2.4, stig-ASD_V5R3:V-222604, stig-ASD_V5R3:V-222609"
BenchmarkTest02344.java,javasecurity:S6547,true,MAJOR,"[{'softwareQuality': 'SECURITY', 'severity': 'MEDIUM'}]","cwe:20, cwe:454, owaspAsvs-4.0:5.1.3, owaspAsvs-4.0:5.1.4, owaspTop10-2021:a3, owaspTop10:a1, stig-ASD_V5R3:V-222609"
BenchmarkTest02353.java,javasecurity:S3649,true,BLOCKER,"[{'softwareQuality': 'SECURITY', 'severity': 'BLOCKER'}]","cwe:20, cwe:89, owaspAsvs-4.0:5.1.3, owaspAsvs-4.0:5.1.4, owaspAsvs-4.0:5.3.4, owaspAsvs-4.0:5.3.5, owaspTop10-2021:a3, owaspTop10:a1, pciDss-3.2:6.5.1, pciDss-4.0:6.2.4, stig-ASD_V5R3:V-222607, stig-ASD_V5R3:V-222609"
BenchmarkTest02354.java,javasecurity:S3649,true,BLOCKER,"[{'softwareQuality': 'SECURITY', 'severity': 'BLOCKER'}]","cwe:20, cwe:89, owaspAsvs-4.0:5.1.3, owaspAsvs-4.0:5.1.4, owaspAsvs-4.0:5.3.4, owaspAsvs-4.0:5.3.5, owaspTop10-2021:a3, owaspTop10:a1, pciDss-3.2:6.5.1, pciDss-4.0:6.2.4, stig-ASD_V5R3:V-222607, stig-ASD_V5R3:V-222609"
BenchmarkTest02355.java,javasecurity:S3649,true,BLOCKER,"[{'softwareQuality': 'SECURITY', 'severity': 'BLOCKER'}]","cwe:20, cwe:89, owaspAsvs-4.0:5.1.3, owaspAsvs-4.0:5.1.4, owaspAsvs-4.0:5.3.4, owaspAsvs-4.0:5.3.5, owaspTop10-2021:a3, owaspTop10:a1, pciDss-3.2:6.5.1, pciDss-4.0:6.2.4, stig-ASD_V5R3:V-222607, stig-ASD_V5R3:V-222609"
BenchmarkTest02356.java,javasecurity:S3649,true,BLOCKER,"[{'softwareQuality': 'SECURITY', 'severity': 'BLOCKER'}]","cwe:20, cwe:89, owaspAsvs-4.0:5.1.3, owaspAsvs-4.0:5.1.4, owaspAsvs-4.0:5.3.4, owaspAsvs-4.0:5.3.5, owaspTop10-2021:a3, owaspTop10:a1, pciDss-3.2:6.5.1, pciDss-4.0:6.2.4, stig-ASD_V5R3:V-222607, stig-ASD_V5R3:V-222609"
BenchmarkTest02357.java,javasecurity:S3649,true,BLOCKER,"[{'softwareQuality': 'SECURITY', 'severity': 'BLOCKER'}]","cwe:20, cwe:89, owaspAsvs-4.0:5.1.3, owaspAsvs-4.0:5.1.4, owaspAsvs-4.0:5.3.4, owaspAsvs-4.0:5.3.5, owaspTop10-2021:a3, owaspTop10:a1, pciDss-3.2:6.5.1, pciDss-4.0:6.2.4, stig-ASD_V5R3:V-222607, stig-ASD_V5R3:V-222609"
BenchmarkTest02358.java,javasecurity:S3649,true,BLOCKER,"[{'softwareQuality': 'SECURITY', 'severity': 'BLOCKER'}]","cwe:20, cwe:89, owaspAsvs-4.0:5.1.3, owaspAsvs-4.0:5.1.4, owaspAsvs-4.0:5.3.4, owaspAsvs-4.0:5.3.5, owaspTop10-2021:a3, owaspTop10:a1, pciDss-3.2:6.5.1, pciDss-4.0:6.2.4, stig-ASD_V5R3:V-222607, stig-ASD_V5R3:V-222609"
BenchmarkTest02359.java,javasecurity:S3649,true,BLOCKER,"[{'softwareQuality': 'SECURITY', 'severity': 'BLOCKER'}]","cwe:20, cwe:89, owaspAsvs-4.0:5.1.3, owaspAsvs-4.0:5.1.4, owaspAsvs-4.0:5.3.4, owaspAsvs-4.0:5.3.5, owaspTop10-2021:a3, owaspTop10:a1, pciDss-3.2:6.5.1, pciDss-4.0:6.2.4, stig-ASD_V5R3:V-222607, stig-ASD_V5R3:V-222609"
BenchmarkTest02360.java,javasecurity:S3649,true,BLOCKER,"[{'softwareQuality': 'SECURITY', 'severity': 'BLOCKER'}]","cwe:20, cwe:89, owaspAsvs-4.0:5.1.3, owaspAsvs-4.0:5.1.4, owaspAsvs-4.0:5.3.4, owaspAsvs-4.0:5.3.5, owaspTop10-2021:a3, owaspTop10:a1, pciDss-3.2:6.5.1, pciDss-4.0:6.2.4, stig-ASD_V5R3:V-222607, stig-ASD_V5R3:V-222609"
BenchmarkTest02361.java,javasecurity:S3649,true,BLOCKER,"[{'softwareQuality': 'SECURITY', 'severity': 'BLOCKER'}]","cwe:20, cwe:89, owaspAsvs-4.0:5.1.3, owaspAsvs-4.0:5.1.4, owaspAsvs-4.0:5.3.4, owaspAsvs-4.0:5.3.5, owaspTop10-2021:a3, owaspTop10:a1, pciDss-3.2:6.5.1, pciDss-4.0:6.2.4, stig-ASD_V5R3:V-222607, stig-ASD_V5R3:V-222609"
BenchmarkTest02362.java,javasecurity:S3649,true,BLOCKER,"[{'softwareQuality': 'SECURITY', 'severity': 'BLOCKER'}]","cwe:20, cwe:89, owaspAsvs-4.0:5.1.3, owaspAsvs-4.0:5.1.4, owaspAsvs-4.0:5.3.4, owaspAsvs-4.0:5.3.5, owaspTop10-2021:a3, owaspTop10:a1, pciDss-3.2:6.5.1, pciDss-4.0:6.2.4, stig-ASD_V5R3:V-222607, stig-ASD_V5R3:V-222609"
BenchmarkTest02364.java,javasecurity:S3649,true,BLOCKER,"[{'softwareQuality': 'SECURITY', 'severity': 'BLOCKER'}]","cwe:20, cwe:89, owaspAsvs-4.0:5.1.3, owaspAsvs-4.0:5.1.4, owaspAsvs-4.0:5.3.4, owaspAsvs-4.0:5.3.5, owaspTop10-2021:a3, owaspTop10:a1, pciDss-3.2:6.5.1, pciDss-4.0:6.2.4, stig-ASD_V5R3:V-222607, stig-ASD_V5R3:V-222609"
BenchmarkTest02366.java,javasecurity:S3649,true,BLOCKER,"[{'softwareQuality': 'SECURITY', 'severity': 'BLOCKER'}]","cwe:20, cwe:89, owaspAsvs-4.0:5.1.3, owaspAsvs-4.0:5.1.4, owaspAsvs-4.0:5.3.4, owaspAsvs-4.0:5.3.5, owaspTop10-2021:a3, owaspTop10:a1, pciDss-3.2:6.5.1, pciDss-4.0:6.2.4, stig-ASD_V5R3:V-222607, stig-ASD_V5R3:V-222609"
BenchmarkTest02368.java,javasecurity:S3649,true,BLOCKER,"[{'softwareQuality': 'SECURITY', 'severity': 'BLOCKER'}]","cwe:20, cwe:89, owaspAsvs-4.0:5.1.3, owaspAsvs-4.0:5.1.4, owaspAsvs-4.0:5.3.4, owaspAsvs-4.0:5.3.5, owaspTop10-2021:a3, owaspTop10:a1, pciDss-3.2:6.5.1, pciDss-4.0:6.2.4, stig-ASD_V5R3:V-222607, stig-ASD_V5R3:V-222609"
BenchmarkTest02369.java,javasecurity:S3649,true,BLOCKER,"[{'softwareQuality': 'SECURITY', 'severity': 'BLOCKER'}]","cwe:20, cwe:89, owaspAsvs-4.0:5.1.3, owaspAsvs-4.0:5.1.4, owaspAsvs-4.0:5.3.4, owaspAsvs-4.0:5.3.5, owaspTop10-2021:a3, owaspTop10:a1, pciDss-3.2:6.5.1, pciDss-4.0:6.2.4, stig-ASD_V5R3:V-222607, stig-ASD_V5R3:V-222609"
BenchmarkTest02373.java,java:S5542,true,CRITICAL,"[{'softwareQuality': 'SECURITY', 'severity': 'HIGH'}]","cwe:327, cwe:780, owaspAsvs-4.0:2.9.3, owaspAsvs-4.0:6.2.2, owaspAsvs-4.0:8.3.7, owaspTop10-2021:a2, owaspTop10:a3, owaspTop10:a6, pciDss-3.2:4.1, pciDss-3.2:6.5.3, pciDss-3.2:6.5.4, pciDss-4.0:4.2.1, pciDss-4.0:6.2.4"
BenchmarkTest02373.java,java:S5547,true,CRITICAL,"[{'softwareQuality': 'SECURITY', 'severity': 'HIGH'}]","cwe:326, cwe:327, owaspAsvs-4.0:6.2.2, owaspAsvs-4.0:6.2.3, owaspAsvs-4.0:6.2.5, owaspAsvs-4.0:8.3.7, owaspTop10-2021:a2, owaspTop10:a3, owaspTop10:a6, pciDss-3.2:4.1, pciDss-3.2:6.5.3, pciDss-3.2:6.5.4, pciDss-4.0:4.2.1, pciDss-4.0:6.2.4, stig-ASD_V5R3:V-222396"
BenchmarkTest02374.java,java:S5542,true,CRITICAL,"[{'softwareQuality': 'SECURITY', 'severity': 'HIGH'}]","cwe:327, cwe:780, owaspAsvs-4.0:2.9.3, owaspAsvs-4.0:6.2.2, owaspAsvs-4.0:8.3.7, owaspTop10-2021:a2, owaspTop10:a3, owaspTop10:a6, pciDss-3.2:4.1, pciDss-3.2:6.5.3, pciDss-3.2:6.5.4, pciDss-4.0:4.2.1, pciDss-4.0:6.2.4"
BenchmarkTest02374.java,java:S5547,true,CRITICAL,"[{'softwareQuality': 'SECURITY', 'severity': 'HIGH'}]","cwe:326, cwe:327, owaspAsvs-4.0:6.2.2, owaspAsvs-4.0:6.2.3, owaspAsvs-4.0:6.2.5, owaspAsvs-4.0:8.3.7, owaspTop10-2021:a2, owaspTop10:a3, owaspTop10:a6, pciDss-3.2:4.1, pciDss-3.2:6.5.3, pciDss-3.2:6.5.4, pciDss-4.0:4.2.1, pciDss-4.0:6.2.4, stig-ASD_V5R3:V-222396"
BenchmarkTest02375.java,java:S5542,true,CRITICAL,"[{'softwareQuality': 'SECURITY', 'severity': 'HIGH'}]","cwe:327, cwe:780, owaspAsvs-4.0:2.9.3, owaspAsvs-4.0:6.2.2, owaspAsvs-4.0:8.3.7, owaspTop10-2021:a2, owaspTop10:a3, owaspTop10:a6, pciDss-3.2:4.1, pciDss-3.2:6.5.3, pciDss-3.2:6.5.4, pciDss-4.0:4.2.1, pciDss-4.0:6.2.4"
BenchmarkTest02375.java,java:S5547,true,CRITICAL,"[{'softwareQuality': 'SECURITY', 'severity': 'HIGH'}]","cwe:326, cwe:327, owaspAsvs-4.0:6.2.2, owaspAsvs-4.0:6.2.3, owaspAsvs-4.0:6.2.5, owaspAsvs-4.0:8.3.7, owaspTop10-2021:a2, owaspTop10:a3, owaspTop10:a6, pciDss-3.2:4.1, pciDss-3.2:6.5.3, pciDss-3.2:6.5.4, pciDss-4.0:4.2.1, pciDss-4.0:6.2.4, stig-ASD_V5R3:V-222396"
BenchmarkTest02376.java,javasecurity:S2078,true,BLOCKER,"[{'softwareQuality': 'SECURITY', 'severity': 'BLOCKER'}]","cwe:20, cwe:90, owaspAsvs-4.0:5.1.3, owaspAsvs-4.0:5.1.4, owaspAsvs-4.0:5.3.7, owaspTop10-2021:a3, owaspTop10:a1, pciDss-3.2:6.5.1, pciDss-4.0:6.2.4, stig-ASD_V5R3:V-222609"
BenchmarkTest02378.java,javasecurity:S6549,true,MAJOR,"[{'softwareQuality': 'SECURITY', 'severity': 'MEDIUM'}]","cwe:20, cwe:22, owaspAsvs-4.0:12.3.1, owaspAsvs-4.0:5.1.3, owaspAsvs-4.0:5.1.4, owaspTop10-2021:a1, owaspTop10-2021:a3, owaspTop10:a1, owaspTop10:a5, pciDss-3.2:6.5.8, pciDss-4.0:6.2.4, stig-ASD_V5R3:V-222609"
BenchmarkTest02382.java,javasecurity:S2083,true,BLOCKER,"[{'softwareQuality': 'SECURITY', 'severity': 'BLOCKER'}]","cwe:20, cwe:22, owaspAsvs-4.0:12.3.1, owaspAsvs-4.0:5.1.3, owaspAsvs-4.0:5.1.4, owaspTop10-2021:a1, owaspTop10-2021:a3, owaspTop10:a1, owaspTop10:a5, pciDss-3.2:6.5.8, pciDss-4.0:6.2.4, stig-ASD_V5R3:V-222609"
BenchmarkTest02383.java,javasecurity:S2083,true,BLOCKER,"[{'softwareQuality': 'SECURITY', 'severity': 'BLOCKER'}]","cwe:20, cwe:22, owaspAsvs-4.0:12.3.1, owaspAsvs-4.0:5.1.3, owaspAsvs-4.0:5.1.4, owaspTop10-2021:a1, owaspTop10-2021:a3, owaspTop10:a1, owaspTop10:a5, pciDss-3.2:6.5.8, pciDss-4.0:6.2.4, stig-ASD_V5R3:V-222609"
BenchmarkTest02395.java,javasecurity:S5131,true,BLOCKER,"[{'softwareQuality': 'SECURITY', 'severity': 'BLOCKER'}]","cwe:79, owaspAsvs-4.0:5.3.3, owaspTop10-2021:a3, owaspTop10:a7, pciDss-3.2:6.5.7, pciDss-4.0:6.2.4, stig-ASD_V5R3:V-222602, stig-ASD_V5R3:V-222609"
BenchmarkTest02397.java,javasecurity:S5131,true,BLOCKER,"[{'softwareQuality': 'SECURITY', 'severity': 'BLOCKER'}]","cwe:79, owaspAsvs-4.0:5.3.3, owaspTop10-2021:a3, owaspTop10:a7, pciDss-3.2:6.5.7, pciDss-4.0:6.2.4, stig-ASD_V5R3:V-222602, stig-ASD_V5R3:V-222609"
BenchmarkTest02399.java,javasecurity:S5131,true,BLOCKER,"[{'softwareQuality': 'SECURITY', 'severity': 'BLOCKER'}]","cwe:79, owaspAsvs-4.0:5.3.3, owaspTop10-2021:a3, owaspTop10:a7, pciDss-3.2:6.5.7, pciDss-4.0:6.2.4, stig-ASD_V5R3:V-222602, stig-ASD_V5R3:V-222609"
BenchmarkTest02400.java,javasecurity:S5131,true,BLOCKER,"[{'softwareQuality': 'SECURITY', 'severity': 'BLOCKER'}]","cwe:79, owaspAsvs-4.0:5.3.3, owaspTop10-2021:a3, owaspTop10:a7, pciDss-3.2:6.5.7, pciDss-4.0:6.2.4, stig-ASD_V5R3:V-222602, stig-ASD_V5R3:V-222609"
BenchmarkTest02402.java,javasecurity:S5131,true,BLOCKER,"[{'softwareQuality': 'SECURITY', 'severity': 'BLOCKER'}]","cwe:79, owaspAsvs-4.0:5.3.3, owaspTop10-2021:a3, owaspTop10:a7, pciDss-3.2:6.5.7, pciDss-4.0:6.2.4, stig-ASD_V5R3:V-222602, stig-ASD_V5R3:V-222609"
BenchmarkTest02404.java,javasecurity:S5131,true,BLOCKER,"[{'softwareQuality': 'SECURITY', 'severity': 'BLOCKER'}]","cwe:79, owaspAsvs-4.0:5.3.3, owaspTop10-2021:a3, owaspTop10:a7, pciDss-3.2:6.5.7, pciDss-4.0:6.2.4, stig-ASD_V5R3:V-222602, stig-ASD_V5R3:V-222609"
BenchmarkTest02405.java,javasecurity:S5131,true,BLOCKER,"[{'softwareQuality': 'SECURITY', 'severity': 'BLOCKER'}]","cwe:79, owaspAsvs-4.0:5.3.3, owaspTop10-2021:a3, owaspTop10:a7, pciDss-3.2:6.5.7, pciDss-4.0:6.2.4, stig-ASD_V5R3:V-222602, stig-ASD_V5R3:V-222609"
BenchmarkTest02406.java,javasecurity:S5131,true,BLOCKER,"[{'softwareQuality': 'SECURITY', 'severity': 'BLOCKER'}]","cwe:79, owaspAsvs-4.0:5.3.3, owaspTop10-2021:a3, owaspTop10:a7, pciDss-3.2:6.5.7, pciDss-4.0:6.2.4, stig-ASD_V5R3:V-222602, stig-ASD_V5R3:V-222609"
BenchmarkTest02407.java,javasecurity:S5131,true,BLOCKER,"[{'softwareQuality': 'SECURITY', 'severity': 'BLOCKER'}]","cwe:79, owaspAsvs-4.0:5.3.3, owaspTop10-2021:a3, owaspTop10:a7, pciDss-3.2:6.5.7, pciDss-4.0:6.2.4, stig-ASD_V5R3:V-222602, stig-ASD_V5R3:V-222609"
BenchmarkTest02409.java,javasecurity:S5131,true,BLOCKER,"[{'softwareQuality': 'SECURITY', 'severity': 'BLOCKER'}]","cwe:79, owaspAsvs-4.0:5.3.3, owaspTop10-2021:a3, owaspTop10:a7, pciDss-3.2:6.5.7, pciDss-4.0:6.2.4, stig-ASD_V5R3:V-222602, stig-ASD_V5R3:V-222609"
BenchmarkTest02410.java,javasecurity:S5131,true,BLOCKER,"[{'softwareQuality': 'SECURITY', 'severity': 'BLOCKER'}]","cwe:79, owaspAsvs-4.0:5.3.3, owaspTop10-2021:a3, owaspTop10:a7, pciDss-3.2:6.5.7, pciDss-4.0:6.2.4, stig-ASD_V5R3:V-222602, stig-ASD_V5R3:V-222609"
BenchmarkTest02411.java,javasecurity:S2076,true,BLOCKER,"[{'softwareQuality': 'SECURITY', 'severity': 'BLOCKER'}]","cwe:20, cwe:78, owaspAsvs-4.0:12.3.5, owaspAsvs-4.0:5.1.3, owaspAsvs-4.0:5.1.4, owaspAsvs-4.0:5.3.8, owaspTop10-2021:a3, owaspTop10:a1, pciDss-3.2:6.5.1, pciDss-4.0:6.2.4, stig-ASD_V5R3:V-222604, stig-ASD_V5R3:V-222609"
BenchmarkTest02412.java,javasecurity:S2076,true,BLOCKER,"[{'softwareQuality': 'SECURITY', 'severity': 'BLOCKER'}]","cwe:20, cwe:78, owaspAsvs-4.0:12.3.5, owaspAsvs-4.0:5.1.3, owaspAsvs-4.0:5.1.4, owaspAsvs-4.0:5.3.8, owaspTop10-2021:a3, owaspTop10:a1, pciDss-3.2:6.5.1, pciDss-4.0:6.2.4, stig-ASD_V5R3:V-222604, stig-ASD_V5R3:V-222609"
BenchmarkTest02413.java,javasecurity:S2076,true,BLOCKER,"[{'softwareQuality': 'SECURITY', 'severity': 'BLOCKER'}]","cwe:20, cwe:78, owaspAsvs-4.0:12.3.5, owaspAsvs-4.0:5.1.3, owaspAsvs-4.0:5.1.4, owaspAsvs-4.0:5.3.8, owaspTop10-2021:a3, owaspTop10:a1, pciDss-3.2:6.5.1, pciDss-4.0:6.2.4, stig-ASD_V5R3:V-222604, stig-ASD_V5R3:V-222609"
BenchmarkTest02431.java,javasecurity:S6547,true,MAJOR,"[{'softwareQuality': 'SECURITY', 'severity': 'MEDIUM'}]","cwe:20, cwe:454, owaspAsvs-4.0:5.1.3, owaspAsvs-4.0:5.1.4, owaspTop10-2021:a3, owaspTop10:a1, stig-ASD_V5R3:V-222609"
BenchmarkTest02449.java,javasecurity:S3649,true,BLOCKER,"[{'softwareQuality': 'SECURITY', 'severity': 'BLOCKER'}]","cwe:20, cwe:89, owaspAsvs-4.0:5.1.3, owaspAsvs-4.0:5.1.4, owaspAsvs-4.0:5.3.4, owaspAsvs-4.0:5.3.5, owaspTop10-2021:a3, owaspTop10:a1, pciDss-3.2:6.5.1, pciDss-4.0:6.2.4, stig-ASD_V5R3:V-222607, stig-ASD_V5R3:V-222609"
BenchmarkTest02450.java,javasecurity:S3649,true,BLOCKER,"[{'softwareQuality': 'SECURITY', 'severity': 'BLOCKER'}]","cwe:20, cwe:89, owaspAsvs-4.0:5.1.3, owaspAsvs-4.0:5.1.4, owaspAsvs-4.0:5.3.4, owaspAsvs-4.0:5.3.5, owaspTop10-2021:a3, owaspTop10:a1, pciDss-3.2:6.5.1, pciDss-4.0:6.2.4, stig-ASD_V5R3:V-222607, stig-ASD_V5R3:V-222609"
BenchmarkTest02451.java,javasecurity:S3649,true,BLOCKER,"[{'softwareQuality': 'SECURITY', 'severity': 'BLOCKER'}]","cwe:20, cwe:89, owaspAsvs-4.0:5.1.3, owaspAsvs-4.0:5.1.4, owaspAsvs-4.0:5.3.4, owaspAsvs-4.0:5.3.5, owaspTop10-2021:a3, owaspTop10:a1, pciDss-3.2:6.5.1, pciDss-4.0:6.2.4, stig-ASD_V5R3:V-222607, stig-ASD_V5R3:V-222609"
BenchmarkTest02453.java,javasecurity:S3649,true,BLOCKER,"[{'softwareQuality': 'SECURITY', 'severity': 'BLOCKER'}]","cwe:20, cwe:89, owaspAsvs-4.0:5.1.3, owaspAsvs-4.0:5.1.4, owaspAsvs-4.0:5.3.4, owaspAsvs-4.0:5.3.5, owaspTop10-2021:a3, owaspTop10:a1, pciDss-3.2:6.5.1, pciDss-4.0:6.2.4, stig-ASD_V5R3:V-222607, stig-ASD_V5R3:V-222609"
BenchmarkTest02454.java,javasecurity:S3649,true,BLOCKER,"[{'softwareQuality': 'SECURITY', 'severity': 'BLOCKER'}]","cwe:20, cwe:89, owaspAsvs-4.0:5.1.3, owaspAsvs-4.0:5.1.4, owaspAsvs-4.0:5.3.4, owaspAsvs-4.0:5.3.5, owaspTop10-2021:a3, owaspTop10:a1, pciDss-3.2:6.5.1, pciDss-4.0:6.2.4, stig-ASD_V5R3:V-222607, stig-ASD_V5R3:V-222609"
BenchmarkTest02455.java,javasecurity:S3649,true,BLOCKER,"[{'softwareQuality': 'SECURITY', 'severity': 'BLOCKER'}]","cwe:20, cwe:89, owaspAsvs-4.0:5.1.3, owaspAsvs-4.0:5.1.4, owaspAsvs-4.0:5.3.4, owaspAsvs-4.0:5.3.5, owaspTop10-2021:a3, owaspTop10:a1, pciDss-3.2:6.5.1, pciDss-4.0:6.2.4, stig-ASD_V5R3:V-222607, stig-ASD_V5R3:V-222609"
BenchmarkTest02456.java,javasecurity:S3649,true,BLOCKER,"[{'softwareQuality': 'SECURITY', 'severity': 'BLOCKER'}]","cwe:20, cwe:89, owaspAsvs-4.0:5.1.3, owaspAsvs-4.0:5.1.4, owaspAsvs-4.0:5.3.4, owaspAsvs-4.0:5.3.5, owaspTop10-2021:a3, owaspTop10:a1, pciDss-3.2:6.5.1, pciDss-4.0:6.2.4, stig-ASD_V5R3:V-222607, stig-ASD_V5R3:V-222609"
BenchmarkTest02458.java,java:S5542,true,CRITICAL,"[{'softwareQuality': 'SECURITY', 'severity': 'HIGH'}]","cwe:327, cwe:780, owaspAsvs-4.0:2.9.3, owaspAsvs-4.0:6.2.2, owaspAsvs-4.0:8.3.7, owaspTop10-2021:a2, owaspTop10:a3, owaspTop10:a6, pciDss-3.2:4.1, pciDss-3.2:6.5.3, pciDss-3.2:6.5.4, pciDss-4.0:4.2.1, pciDss-4.0:6.2.4"
BenchmarkTest02458.java,java:S5547,true,CRITICAL,"[{'softwareQuality': 'SECURITY', 'severity': 'HIGH'}]","cwe:326, cwe:327, owaspAsvs-4.0:6.2.2, owaspAsvs-4.0:6.2.3, owaspAsvs-4.0:6.2.5, owaspAsvs-4.0:8.3.7, owaspTop10-2021:a2, owaspTop10:a3, owaspTop10:a6, pciDss-3.2:4.1, pciDss-3.2:6.5.3, pciDss-3.2:6.5.4, pciDss-4.0:4.2.1, pciDss-4.0:6.2.4, stig-ASD_V5R3:V-222396"
BenchmarkTest02462.java,javasecurity:S6549,true,MAJOR,"[{'softwareQuality': 'SECURITY', 'severity': 'MEDIUM'}]","cwe:20, cwe:22, owaspAsvs-4.0:12.3.1, owaspAsvs-4.0:5.1.3, owaspAsvs-4.0:5.1.4, owaspTop10-2021:a1, owaspTop10-2021:a3, owaspTop10:a1, owaspTop10:a5, pciDss-3.2:6.5.8, pciDss-4.0:6.2.4, stig-ASD_V5R3:V-222609"
BenchmarkTest02463.java,javasecurity:S6549,true,MAJOR,"[{'softwareQuality': 'SECURITY', 'severity': 'MEDIUM'}]","cwe:20, cwe:22, owaspAsvs-4.0:12.3.1, owaspAsvs-4.0:5.1.3, owaspAsvs-4.0:5.1.4, owaspTop10-2021:a1, owaspTop10-2021:a3, owaspTop10:a1, owaspTop10:a5, pciDss-3.2:6.5.8, pciDss-4.0:6.2.4, stig-ASD_V5R3:V-222609"
BenchmarkTest02464.java,javasecurity:S6549,true,MAJOR,"[{'softwareQuality': 'SECURITY', 'severity': 'MEDIUM'}]","cwe:20, cwe:22, owaspAsvs-4.0:12.3.1, owaspAsvs-4.0:5.1.3, owaspAsvs-4.0:5.1.4, owaspTop10-2021:a1, owaspTop10-2021:a3, owaspTop10:a1, owaspTop10:a5, pciDss-3.2:6.5.8, pciDss-4.0:6.2.4, stig-ASD_V5R3:V-222609"
BenchmarkTest02465.java,javasecurity:S2083,true,BLOCKER,"[{'softwareQuality': 'SECURITY', 'severity': 'BLOCKER'}]","cwe:20, cwe:22, owaspAsvs-4.0:12.3.1, owaspAsvs-4.0:5.1.3, owaspAsvs-4.0:5.1.4, owaspTop10-2021:a1, owaspTop10-2021:a3, owaspTop10:a1, owaspTop10:a5, pciDss-3.2:6.5.8, pciDss-4.0:6.2.4, stig-ASD_V5R3:V-222609"
BenchmarkTest02466.java,javasecurity:S2083,true,BLOCKER,"[{'softwareQuality': 'SECURITY', 'severity': 'BLOCKER'}]","cwe:20, cwe:22, owaspAsvs-4.0:12.3.1, owaspAsvs-4.0:5.1.3, owaspAsvs-4.0:5.1.4, owaspTop10-2021:a1, owaspTop10-2021:a3, owaspTop10:a1, owaspTop10:a5, pciDss-3.2:6.5.8, pciDss-4.0:6.2.4, stig-ASD_V5R3:V-222609"
BenchmarkTest02469.java,javasecurity:S2083,true,BLOCKER,"[{'softwareQuality': 'SECURITY', 'severity': 'BLOCKER'}]","cwe:20, cwe:22, owaspAsvs-4.0:12.3.1, owaspAsvs-4.0:5.1.3, owaspAsvs-4.0:5.1.4, owaspTop10-2021:a1, owaspTop10-2021:a3, owaspTop10:a1, owaspTop10:a5, pciDss-3.2:6.5.8, pciDss-4.0:6.2.4, stig-ASD_V5R3:V-222609"
BenchmarkTest02470.java,javasecurity:S2083,true,BLOCKER,"[{'softwareQuality': 'SECURITY', 'severity': 'BLOCKER'}]","cwe:20, cwe:22, owaspAsvs-4.0:12.3.1, owaspAsvs-4.0:5.1.3, owaspAsvs-4.0:5.1.4, owaspTop10-2021:a1, owaspTop10-2021:a3, owaspTop10:a1, owaspTop10:a5, pciDss-3.2:6.5.8, pciDss-4.0:6.2.4, stig-ASD_V5R3:V-222609"
BenchmarkTest02471.java,javasecurity:S2083,true,BLOCKER,"[{'softwareQuality': 'SECURITY', 'severity': 'BLOCKER'}]","cwe:20, cwe:22, owaspAsvs-4.0:12.3.1, owaspAsvs-4.0:5.1.3, owaspAsvs-4.0:5.1.4, owaspTop10-2021:a1, owaspTop10-2021:a3, owaspTop10:a1, owaspTop10:a5, pciDss-3.2:6.5.8, pciDss-4.0:6.2.4, stig-ASD_V5R3:V-222609"
BenchmarkTest02472.java,javasecurity:S2078,true,BLOCKER,"[{'softwareQuality': 'SECURITY', 'severity': 'BLOCKER'}]","cwe:20, cwe:90, owaspAsvs-4.0:5.1.3, owaspAsvs-4.0:5.1.4, owaspAsvs-4.0:5.3.7, owaspTop10-2021:a3, owaspTop10:a1, pciDss-3.2:6.5.1, pciDss-4.0:6.2.4, stig-ASD_V5R3:V-222609"
BenchmarkTest02480.java,javasecurity:S5131,true,BLOCKER,"[{'softwareQuality': 'SECURITY', 'severity': 'BLOCKER'}]","cwe:79, owaspAsvs-4.0:5.3.3, owaspTop10-2021:a3, owaspTop10:a7, pciDss-3.2:6.5.7, pciDss-4.0:6.2.4, stig-ASD_V5R3:V-222602, stig-ASD_V5R3:V-222609"
BenchmarkTest02482.java,javasecurity:S5131,true,BLOCKER,"[{'softwareQuality': 'SECURITY', 'severity': 'BLOCKER'}]","cwe:79, owaspAsvs-4.0:5.3.3, owaspTop10-2021:a3, owaspTop10:a7, pciDss-3.2:6.5.7, pciDss-4.0:6.2.4, stig-ASD_V5R3:V-222602, stig-ASD_V5R3:V-222609"
BenchmarkTest02483.java,javasecurity:S5131,true,BLOCKER,"[{'softwareQuality': 'SECURITY', 'severity': 'BLOCKER'}]","cwe:79, owaspAsvs-4.0:5.3.3, owaspTop10-2021:a3, owaspTop10:a7, pciDss-3.2:6.5.7, pciDss-4.0:6.2.4, stig-ASD_V5R3:V-222602, stig-ASD_V5R3:V-222609"
BenchmarkTest02486.java,javasecurity:S5131,true,BLOCKER,"[{'softwareQuality': 'SECURITY', 'severity': 'BLOCKER'}]","cwe:79, owaspAsvs-4.0:5.3.3, owaspTop10-2021:a3, owaspTop10:a7, pciDss-3.2:6.5.7, pciDss-4.0:6.2.4, stig-ASD_V5R3:V-222602, stig-ASD_V5R3:V-222609"
BenchmarkTest02487.java,javasecurity:S5131,true,BLOCKER,"[{'softwareQuality': 'SECURITY', 'severity': 'BLOCKER'}]","cwe:79, owaspAsvs-4.0:5.3.3, owaspTop10-2021:a3, owaspTop10:a7, pciDss-3.2:6.5.7, pciDss-4.0:6.2.4, stig-ASD_V5R3:V-222602, stig-ASD_V5R3:V-222609"
BenchmarkTest02489.java,javasecurity:S5131,true,BLOCKER,"[{'softwareQuality': 'SECURITY', 'severity': 'BLOCKER'}]","cwe:79, owaspAsvs-4.0:5.3.3, owaspTop10-2021:a3, owaspTop10:a7, pciDss-3.2:6.5.7, pciDss-4.0:6.2.4, stig-ASD_V5R3:V-222602, stig-ASD_V5R3:V-222609"
BenchmarkTest02493.java,javasecurity:S5131,true,BLOCKER,"[{'softwareQuality': 'SECURITY', 'severity': 'BLOCKER'}]","cwe:79, owaspAsvs-4.0:5.3.3, owaspTop10-2021:a3, owaspTop10:a7, pciDss-3.2:6.5.7, pciDss-4.0:6.2.4, stig-ASD_V5R3:V-222602, stig-ASD_V5R3:V-222609"
BenchmarkTest02494.java,javasecurity:S5131,true,BLOCKER,"[{'softwareQuality': 'SECURITY', 'severity': 'BLOCKER'}]","cwe:79, owaspAsvs-4.0:5.3.3, owaspTop10-2021:a3, owaspTop10:a7, pciDss-3.2:6.5.7, pciDss-4.0:6.2.4, stig-ASD_V5R3:V-222602, stig-ASD_V5R3:V-222609"
BenchmarkTest02495.java,javasecurity:S5131,true,BLOCKER,"[{'softwareQuality': 'SECURITY', 'severity': 'BLOCKER'}]","cwe:79, owaspAsvs-4.0:5.3.3, owaspTop10-2021:a3, owaspTop10:a7, pciDss-3.2:6.5.7, pciDss-4.0:6.2.4, stig-ASD_V5R3:V-222602, stig-ASD_V5R3:V-222609"
BenchmarkTest02496.java,javasecurity:S2076,true,BLOCKER,"[{'softwareQuality': 'SECURITY', 'severity': 'BLOCKER'}]","cwe:20, cwe:78, owaspAsvs-4.0:12.3.5, owaspAsvs-4.0:5.1.3, owaspAsvs-4.0:5.1.4, owaspAsvs-4.0:5.3.8, owaspTop10-2021:a3, owaspTop10:a1, pciDss-3.2:6.5.1, pciDss-4.0:6.2.4, stig-ASD_V5R3:V-222604, stig-ASD_V5R3:V-222609"
BenchmarkTest02509.java,javasecurity:S5131,true,BLOCKER,"[{'softwareQuality': 'SECURITY', 'severity': 'BLOCKER'}]","cwe:79, owaspAsvs-4.0:5.3.3, owaspTop10-2021:a3, owaspTop10:a7, pciDss-3.2:6.5.7, pciDss-4.0:6.2.4, stig-ASD_V5R3:V-222602, stig-ASD_V5R3:V-222609"
BenchmarkTest02511.java,javasecurity:S6547,true,MAJOR,"[{'softwareQuality': 'SECURITY', 'severity': 'MEDIUM'}]","cwe:20, cwe:454, owaspAsvs-4.0:5.1.3, owaspAsvs-4.0:5.1.4, owaspTop10-2021:a3, owaspTop10:a1, stig-ASD_V5R3:V-222609"
BenchmarkTest02512.java,javasecurity:S6547,true,MAJOR,"[{'softwareQuality': 'SECURITY', 'severity': 'MEDIUM'}]","cwe:20, cwe:454, owaspAsvs-4.0:5.1.3, owaspAsvs-4.0:5.1.4, owaspTop10-2021:a3, owaspTop10:a1, stig-ASD_V5R3:V-222609"
BenchmarkTest02513.java,javasecurity:S6547,true,MAJOR,"[{'softwareQuality': 'SECURITY', 'severity': 'MEDIUM'}]","cwe:20, cwe:454, owaspAsvs-4.0:5.1.3, owaspAsvs-4.0:5.1.4, owaspTop10-2021:a3, owaspTop10:a1, stig-ASD_V5R3:V-222609"
BenchmarkTest02514.java,javasecurity:S6547,true,MAJOR,"[{'softwareQuality': 'SECURITY', 'severity': 'MEDIUM'}]","cwe:20, cwe:454, owaspAsvs-4.0:5.1.3, owaspAsvs-4.0:5.1.4, owaspTop10-2021:a3, owaspTop10:a1, stig-ASD_V5R3:V-222609"
BenchmarkTest02515.java,javasecurity:S6547,true,MAJOR,"[{'softwareQuality': 'SECURITY', 'severity': 'MEDIUM'}]","cwe:20, cwe:454, owaspAsvs-4.0:5.1.3, owaspAsvs-4.0:5.1.4, owaspTop10-2021:a3, owaspTop10:a1, stig-ASD_V5R3:V-222609"
BenchmarkTest02516.java,javasecurity:S6547,true,MAJOR,"[{'softwareQuality': 'SECURITY', 'severity': 'MEDIUM'}]","cwe:20, cwe:454, owaspAsvs-4.0:5.1.3, owaspAsvs-4.0:5.1.4, owaspTop10-2021:a3, owaspTop10:a1, stig-ASD_V5R3:V-222609"
BenchmarkTest02517.java,javasecurity:S6547,true,MAJOR,"[{'softwareQuality': 'SECURITY', 'severity': 'MEDIUM'}]","cwe:20, cwe:454, owaspAsvs-4.0:5.1.3, owaspAsvs-4.0:5.1.4, owaspTop10-2021:a3, owaspTop10:a1, stig-ASD_V5R3:V-222609"
BenchmarkTest02518.java,javasecurity:S6547,true,MAJOR,"[{'softwareQuality': 'SECURITY', 'severity': 'MEDIUM'}]","cwe:20, cwe:454, owaspAsvs-4.0:5.1.3, owaspAsvs-4.0:5.1.4, owaspTop10-2021:a3, owaspTop10:a1, stig-ASD_V5R3:V-222609"
BenchmarkTest02528.java,javasecurity:S3649,true,BLOCKER,"[{'softwareQuality': 'SECURITY', 'severity': 'BLOCKER'}]","cwe:20, cwe:89, owaspAsvs-4.0:5.1.3, owaspAsvs-4.0:5.1.4, owaspAsvs-4.0:5.3.4, owaspAsvs-4.0:5.3.5, owaspTop10-2021:a3, owaspTop10:a1, pciDss-3.2:6.5.1, pciDss-4.0:6.2.4, stig-ASD_V5R3:V-222607, stig-ASD_V5R3:V-222609"
BenchmarkTest02530.java,javasecurity:S3649,true,BLOCKER,"[{'softwareQuality': 'SECURITY', 'severity': 'BLOCKER'}]","cwe:20, cwe:89, owaspAsvs-4.0:5.1.3, owaspAsvs-4.0:5.1.4, owaspAsvs-4.0:5.3.4, owaspAsvs-4.0:5.3.5, owaspTop10-2021:a3, owaspTop10:a1, pciDss-3.2:6.5.1, pciDss-4.0:6.2.4, stig-ASD_V5R3:V-222607, stig-ASD_V5R3:V-222609"
BenchmarkTest02531.java,javasecurity:S3649,true,BLOCKER,"[{'softwareQuality': 'SECURITY', 'severity': 'BLOCKER'}]","cwe:20, cwe:89, owaspAsvs-4.0:5.1.3, owaspAsvs-4.0:5.1.4, owaspAsvs-4.0:5.3.4, owaspAsvs-4.0:5.3.5, owaspTop10-2021:a3, owaspTop10:a1, pciDss-3.2:6.5.1, pciDss-4.0:6.2.4, stig-ASD_V5R3:V-222607, stig-ASD_V5R3:V-222609"
BenchmarkTest02532.java,javasecurity:S3649,true,BLOCKER,"[{'softwareQuality': 'SECURITY', 'severity': 'BLOCKER'}]","cwe:20, cwe:89, owaspAsvs-4.0:5.1.3, owaspAsvs-4.0:5.1.4, owaspAsvs-4.0:5.3.4, owaspAsvs-4.0:5.3.5, owaspTop10-2021:a3, owaspTop10:a1, pciDss-3.2:6.5.1, pciDss-4.0:6.2.4, stig-ASD_V5R3:V-222607, stig-ASD_V5R3:V-222609"
BenchmarkTest02533.java,javasecurity:S3649,true,BLOCKER,"[{'softwareQuality': 'SECURITY', 'severity': 'BLOCKER'}]","cwe:20, cwe:89, owaspAsvs-4.0:5.1.3, owaspAsvs-4.0:5.1.4, owaspAsvs-4.0:5.3.4, owaspAsvs-4.0:5.3.5, owaspTop10-2021:a3, owaspTop10:a1, pciDss-3.2:6.5.1, pciDss-4.0:6.2.4, stig-ASD_V5R3:V-222607, stig-ASD_V5R3:V-222609"
BenchmarkTest02534.java,javasecurity:S3649,true,BLOCKER,"[{'softwareQuality': 'SECURITY', 'severity': 'BLOCKER'}]","cwe:20, cwe:89, owaspAsvs-4.0:5.1.3, owaspAsvs-4.0:5.1.4, owaspAsvs-4.0:5.3.4, owaspAsvs-4.0:5.3.5, owaspTop10-2021:a3, owaspTop10:a1, pciDss-3.2:6.5.1, pciDss-4.0:6.2.4, stig-ASD_V5R3:V-222607, stig-ASD_V5R3:V-222609"
BenchmarkTest02535.java,javasecurity:S3649,true,BLOCKER,"[{'softwareQuality': 'SECURITY', 'severity': 'BLOCKER'}]","cwe:20, cwe:89, owaspAsvs-4.0:5.1.3, owaspAsvs-4.0:5.1.4, owaspAsvs-4.0:5.3.4, owaspAsvs-4.0:5.3.5, owaspTop10-2021:a3, owaspTop10:a1, pciDss-3.2:6.5.1, pciDss-4.0:6.2.4, stig-ASD_V5R3:V-222607, stig-ASD_V5R3:V-222609"
BenchmarkTest02536.java,javasecurity:S3649,true,BLOCKER,"[{'softwareQuality': 'SECURITY', 'severity': 'BLOCKER'}]","cwe:20, cwe:89, owaspAsvs-4.0:5.1.3, owaspAsvs-4.0:5.1.4, owaspAsvs-4.0:5.3.4, owaspAsvs-4.0:5.3.5, owaspTop10-2021:a3, owaspTop10:a1, pciDss-3.2:6.5.1, pciDss-4.0:6.2.4, stig-ASD_V5R3:V-222607, stig-ASD_V5R3:V-222609"
BenchmarkTest02537.java,javasecurity:S3649,true,BLOCKER,"[{'softwareQuality': 'SECURITY', 'severity': 'BLOCKER'}]","cwe:20, cwe:89, owaspAsvs-4.0:5.1.3, owaspAsvs-4.0:5.1.4, owaspAsvs-4.0:5.3.4, owaspAsvs-4.0:5.3.5, owaspTop10-2021:a3, owaspTop10:a1, pciDss-3.2:6.5.1, pciDss-4.0:6.2.4, stig-ASD_V5R3:V-222607, stig-ASD_V5R3:V-222609"
BenchmarkTest02540.java,javasecurity:S3649,true,BLOCKER,"[{'softwareQuality': 'SECURITY', 'severity': 'BLOCKER'}]","cwe:20, cwe:89, owaspAsvs-4.0:5.1.3, owaspAsvs-4.0:5.1.4, owaspAsvs-4.0:5.3.4, owaspAsvs-4.0:5.3.5, owaspTop10-2021:a3, owaspTop10:a1, pciDss-3.2:6.5.1, pciDss-4.0:6.2.4, stig-ASD_V5R3:V-222607, stig-ASD_V5R3:V-222609"
BenchmarkTest02541.java,javasecurity:S3649,true,BLOCKER,"[{'softwareQuality': 'SECURITY', 'severity': 'BLOCKER'}]","cwe:20, cwe:89, owaspAsvs-4.0:5.1.3, owaspAsvs-4.0:5.1.4, owaspAsvs-4.0:5.3.4, owaspAsvs-4.0:5.3.5, owaspTop10-2021:a3, owaspTop10:a1, pciDss-3.2:6.5.1, pciDss-4.0:6.2.4, stig-ASD_V5R3:V-222607, stig-ASD_V5R3:V-222609"
BenchmarkTest02542.java,javasecurity:S3649,true,BLOCKER,"[{'softwareQuality': 'SECURITY', 'severity': 'BLOCKER'}]","cwe:20, cwe:89, owaspAsvs-4.0:5.1.3, owaspAsvs-4.0:5.1.4, owaspAsvs-4.0:5.3.4, owaspAsvs-4.0:5.3.5, owaspTop10-2021:a3, owaspTop10:a1, pciDss-3.2:6.5.1, pciDss-4.0:6.2.4, stig-ASD_V5R3:V-222607, stig-ASD_V5R3:V-222609"
BenchmarkTest02543.java,javasecurity:S3649,true,BLOCKER,"[{'softwareQuality': 'SECURITY', 'severity': 'BLOCKER'}]","cwe:20, cwe:89, owaspAsvs-4.0:5.1.3, owaspAsvs-4.0:5.1.4, owaspAsvs-4.0:5.3.4, owaspAsvs-4.0:5.3.5, owaspTop10-2021:a3, owaspTop10:a1, pciDss-3.2:6.5.1, pciDss-4.0:6.2.4, stig-ASD_V5R3:V-222607, stig-ASD_V5R3:V-222609"
BenchmarkTest02544.java,javasecurity:S3649,true,BLOCKER,"[{'softwareQuality': 'SECURITY', 'severity': 'BLOCKER'}]","cwe:20, cwe:89, owaspAsvs-4.0:5.1.3, owaspAsvs-4.0:5.1.4, owaspAsvs-4.0:5.3.4, owaspAsvs-4.0:5.3.5, owaspTop10-2021:a3, owaspTop10:a1, pciDss-3.2:6.5.1, pciDss-4.0:6.2.4, stig-ASD_V5R3:V-222607, stig-ASD_V5R3:V-222609"
BenchmarkTest02545.java,javasecurity:S3649,true,BLOCKER,"[{'softwareQuality': 'SECURITY', 'severity': 'BLOCKER'}]","cwe:20, cwe:89, owaspAsvs-4.0:5.1.3, owaspAsvs-4.0:5.1.4, owaspAsvs-4.0:5.3.4, owaspAsvs-4.0:5.3.5, owaspTop10-2021:a3, owaspTop10:a1, pciDss-3.2:6.5.1, pciDss-4.0:6.2.4, stig-ASD_V5R3:V-222607, stig-ASD_V5R3:V-222609"
BenchmarkTest02546.java,javasecurity:S3649,true,BLOCKER,"[{'softwareQuality': 'SECURITY', 'severity': 'BLOCKER'}]","cwe:20, cwe:89, owaspAsvs-4.0:5.1.3, owaspAsvs-4.0:5.1.4, owaspAsvs-4.0:5.3.4, owaspAsvs-4.0:5.3.5, owaspTop10-2021:a3, owaspTop10:a1, pciDss-3.2:6.5.1, pciDss-4.0:6.2.4, stig-ASD_V5R3:V-222607, stig-ASD_V5R3:V-222609"
BenchmarkTest02548.java,java:S5542,true,CRITICAL,"[{'softwareQuality': 'SECURITY', 'severity': 'HIGH'}]","cwe:327, cwe:780, owaspAsvs-4.0:2.9.3, owaspAsvs-4.0:6.2.2, owaspAsvs-4.0:8.3.7, owaspTop10-2021:a2, owaspTop10:a3, owaspTop10:a6, pciDss-3.2:4.1, pciDss-3.2:6.5.3, pciDss-3.2:6.5.4, pciDss-4.0:4.2.1, pciDss-4.0:6.2.4"
BenchmarkTest02548.java,java:S5547,true,CRITICAL,"[{'softwareQuality': 'SECURITY', 'severity': 'HIGH'}]","cwe:326, cwe:327, owaspAsvs-4.0:6.2.2, owaspAsvs-4.0:6.2.3, owaspAsvs-4.0:6.2.5, owaspAsvs-4.0:8.3.7, owaspTop10-2021:a2, owaspTop10:a3, owaspTop10:a6, pciDss-3.2:4.1, pciDss-3.2:6.5.3, pciDss-3.2:6.5.4, pciDss-4.0:4.2.1, pciDss-4.0:6.2.4, stig-ASD_V5R3:V-222396"
BenchmarkTest02549.java,java:S5542,true,CRITICAL,"[{'softwareQuality': 'SECURITY', 'severity': 'HIGH'}]","cwe:327, cwe:780, owaspAsvs-4.0:2.9.3, owaspAsvs-4.0:6.2.2, owaspAsvs-4.0:8.3.7, owaspTop10-2021:a2, owaspTop10:a3, owaspTop10:a6, pciDss-3.2:4.1, pciDss-3.2:6.5.3, pciDss-3.2:6.5.4, pciDss-4.0:4.2.1, pciDss-4.0:6.2.4"
BenchmarkTest02549.java,java:S5547,true,CRITICAL,"[{'softwareQuality': 'SECURITY', 'severity': 'HIGH'}]","cwe:326, cwe:327, owaspAsvs-4.0:6.2.2, owaspAsvs-4.0:6.2.3, owaspAsvs-4.0:6.2.5, owaspAsvs-4.0:8.3.7, owaspTop10-2021:a2, owaspTop10:a3, owaspTop10:a6, pciDss-3.2:4.1, pciDss-3.2:6.5.3, pciDss-3.2:6.5.4, pciDss-4.0:4.2.1, pciDss-4.0:6.2.4, stig-ASD_V5R3:V-222396"
BenchmarkTest02550.java,java:S5542,true,CRITICAL,"[{'softwareQuality': 'SECURITY', 'severity': 'HIGH'}]","cwe:327, cwe:780, owaspAsvs-4.0:2.9.3, owaspAsvs-4.0:6.2.2, owaspAsvs-4.0:8.3.7, owaspTop10-2021:a2, owaspTop10:a3, owaspTop10:a6, pciDss-3.2:4.1, pciDss-3.2:6.5.3, pciDss-3.2:6.5.4, pciDss-4.0:4.2.1, pciDss-4.0:6.2.4"
BenchmarkTest02550.java,java:S5547,true,CRITICAL,"[{'softwareQuality': 'SECURITY', 'severity': 'HIGH'}]","cwe:326, cwe:327, owaspAsvs-4.0:6.2.2, owaspAsvs-4.0:6.2.3, owaspAsvs-4.0:6.2.5, owaspAsvs-4.0:8.3.7, owaspTop10-2021:a2, owaspTop10:a3, owaspTop10:a6, pciDss-3.2:4.1, pciDss-3.2:6.5.3, pciDss-3.2:6.5.4, pciDss-4.0:4.2.1, pciDss-4.0:6.2.4, stig-ASD_V5R3:V-222396"
BenchmarkTest02552.java,java:S5542,true,CRITICAL,"[{'softwareQuality': 'SECURITY', 'severity': 'HIGH'}]","cwe:327, cwe:780, owaspAsvs-4.0:2.9.3, owaspAsvs-4.0:6.2.2, owaspAsvs-4.0:8.3.7, owaspTop10-2021:a2, owaspTop10:a3, owaspTop10:a6, pciDss-3.2:4.1, pciDss-3.2:6.5.3, pciDss-3.2:6.5.4, pciDss-4.0:4.2.1, pciDss-4.0:6.2.4"
BenchmarkTest02554.java,javasecurity:S6549,true,MAJOR,"[{'softwareQuality': 'SECURITY', 'severity': 'MEDIUM'}]","cwe:20, cwe:22, owaspAsvs-4.0:12.3.1, owaspAsvs-4.0:5.1.3, owaspAsvs-4.0:5.1.4, owaspTop10-2021:a1, owaspTop10-2021:a3, owaspTop10:a1, owaspTop10:a5, pciDss-3.2:6.5.8, pciDss-4.0:6.2.4, stig-ASD_V5R3:V-222609"
BenchmarkTest02555.java,javasecurity:S6549,true,MAJOR,"[{'softwareQuality': 'SECURITY', 'severity': 'MEDIUM'}]","cwe:20, cwe:22, owaspAsvs-4.0:12.3.1, owaspAsvs-4.0:5.1.3, owaspAsvs-4.0:5.1.4, owaspTop10-2021:a1, owaspTop10-2021:a3, owaspTop10:a1, owaspTop10:a5, pciDss-3.2:6.5.8, pciDss-4.0:6.2.4, stig-ASD_V5R3:V-222609"
BenchmarkTest02556.java,javasecurity:S6549,true,MAJOR,"[{'softwareQuality': 'SECURITY', 'severity': 'MEDIUM'}]","cwe:20, cwe:22, owaspAsvs-4.0:12.3.1, owaspAsvs-4.0:5.1.3, owaspAsvs-4.0:5.1.4, owaspTop10-2021:a1, owaspTop10-2021:a3, owaspTop10:a1, owaspTop10:a5, pciDss-3.2:6.5.8, pciDss-4.0:6.2.4, stig-ASD_V5R3:V-222609"
BenchmarkTest02559.java,javasecurity:S6549,true,MAJOR,"[{'softwareQuality': 'SECURITY', 'severity': 'MEDIUM'}]","cwe:20, cwe:22, owaspAsvs-4.0:12.3.1, owaspAsvs-4.0:5.1.3, owaspAsvs-4.0:5.1.4, owaspTop10-2021:a1, owaspTop10-2021:a3, owaspTop10:a1, owaspTop10:a5, pciDss-3.2:6.5.8, pciDss-4.0:6.2.4, stig-ASD_V5R3:V-222609"
BenchmarkTest02560.java,javasecurity:S2083,true,BLOCKER,"[{'softwareQuality': 'SECURITY', 'severity': 'BLOCKER'}]","cwe:20, cwe:22, owaspAsvs-4.0:12.3.1, owaspAsvs-4.0:5.1.3, owaspAsvs-4.0:5.1.4, owaspTop10-2021:a1, owaspTop10-2021:a3, owaspTop10:a1, owaspTop10:a5, pciDss-3.2:6.5.8, pciDss-4.0:6.2.4, stig-ASD_V5R3:V-222609"
BenchmarkTest02561.java,javasecurity:S2083,true,BLOCKER,"[{'softwareQuality': 'SECURITY', 'severity': 'BLOCKER'}]","cwe:20, cwe:22, owaspAsvs-4.0:12.3.1, owaspAsvs-4.0:5.1.3, owaspAsvs-4.0:5.1.4, owaspTop10-2021:a1, owaspTop10-2021:a3, owaspTop10:a1, owaspTop10:a5, pciDss-3.2:6.5.8, pciDss-4.0:6.2.4, stig-ASD_V5R3:V-222609"
BenchmarkTest02562.java,javasecurity:S2083,true,BLOCKER,"[{'softwareQuality': 'SECURITY', 'severity': 'BLOCKER'}]","cwe:20, cwe:22, owaspAsvs-4.0:12.3.1, owaspAsvs-4.0:5.1.3, owaspAsvs-4.0:5.1.4, owaspTop10-2021:a1, owaspTop10-2021:a3, owaspTop10:a1, owaspTop10:a5, pciDss-3.2:6.5.8, pciDss-4.0:6.2.4, stig-ASD_V5R3:V-222609"
BenchmarkTest02564.java,javasecurity:S2083,true,BLOCKER,"[{'softwareQuality': 'SECURITY', 'severity': 'BLOCKER'}]","cwe:20, cwe:22, owaspAsvs-4.0:12.3.1, owaspAsvs-4.0:5.1.3, owaspAsvs-4.0:5.1.4, owaspTop10-2021:a1, owaspTop10-2021:a3, owaspTop10:a1, owaspTop10:a5, pciDss-3.2:6.5.8, pciDss-4.0:6.2.4, stig-ASD_V5R3:V-222609"
BenchmarkTest02565.java,javasecurity:S2083,true,BLOCKER,"[{'softwareQuality': 'SECURITY', 'severity': 'BLOCKER'}]","cwe:20, cwe:22, owaspAsvs-4.0:12.3.1, owaspAsvs-4.0:5.1.3, owaspAsvs-4.0:5.1.4, owaspTop10-2021:a1, owaspTop10-2021:a3, owaspTop10:a1, owaspTop10:a5, pciDss-3.2:6.5.8, pciDss-4.0:6.2.4, stig-ASD_V5R3:V-222609"
BenchmarkTest02566.java,javasecurity:S2083,true,BLOCKER,"[{'softwareQuality': 'SECURITY', 'severity': 'BLOCKER'}]","cwe:20, cwe:22, owaspAsvs-4.0:12.3.1, owaspAsvs-4.0:5.1.3, owaspAsvs-4.0:5.1.4, owaspTop10-2021:a1, owaspTop10-2021:a3, owaspTop10:a1, owaspTop10:a5, pciDss-3.2:6.5.8, pciDss-4.0:6.2.4, stig-ASD_V5R3:V-222609"
BenchmarkTest02567.java,javasecurity:S2083,true,BLOCKER,"[{'softwareQuality': 'SECURITY', 'severity': 'BLOCKER'}]","cwe:20, cwe:22, owaspAsvs-4.0:12.3.1, owaspAsvs-4.0:5.1.3, owaspAsvs-4.0:5.1.4, owaspTop10-2021:a1, owaspTop10-2021:a3, owaspTop10:a1, owaspTop10:a5, pciDss-3.2:6.5.8, pciDss-4.0:6.2.4, stig-ASD_V5R3:V-222609"
BenchmarkTest02568.java,javasecurity:S2083,true,BLOCKER,"[{'softwareQuality': 'SECURITY', 'severity': 'BLOCKER'}]","cwe:20, cwe:22, owaspAsvs-4.0:12.3.1, owaspAsvs-4.0:5.1.3, owaspAsvs-4.0:5.1.4, owaspTop10-2021:a1, owaspTop10-2021:a3, owaspTop10:a1, owaspTop10:a5, pciDss-3.2:6.5.8, pciDss-4.0:6.2.4, stig-ASD_V5R3:V-222609"
BenchmarkTest02569.java,javasecurity:S2083,true,BLOCKER,"[{'softwareQuality': 'SECURITY', 'severity': 'BLOCKER'}]","cwe:20, cwe:22, owaspAsvs-4.0:12.3.1, owaspAsvs-4.0:5.1.3, owaspAsvs-4.0:5.1.4, owaspTop10-2021:a1, owaspTop10-2021:a3, owaspTop10:a1, owaspTop10:a5, pciDss-3.2:6.5.8, pciDss-4.0:6.2.4, stig-ASD_V5R3:V-222609"
BenchmarkTest02571.java,javasecurity:S2078,true,BLOCKER,"[{'softwareQuality': 'SECURITY', 'severity': 'BLOCKER'}]","cwe:20, cwe:90, owaspAsvs-4.0:5.1.3, owaspAsvs-4.0:5.1.4, owaspAsvs-4.0:5.3.7, owaspTop10-2021:a3, owaspTop10:a1, pciDss-3.2:6.5.1, pciDss-4.0:6.2.4, stig-ASD_V5R3:V-222609"
BenchmarkTest02578.java,javasecurity:S5131,true,BLOCKER,"[{'softwareQuality': 'SECURITY', 'severity': 'BLOCKER'}]","cwe:79, owaspAsvs-4.0:5.3.3, owaspTop10-2021:a3, owaspTop10:a7, pciDss-3.2:6.5.7, pciDss-4.0:6.2.4, stig-ASD_V5R3:V-222602, stig-ASD_V5R3:V-222609"
BenchmarkTest02579.java,javasecurity:S5131,true,BLOCKER,"[{'softwareQuality': 'SECURITY', 'severity': 'BLOCKER'}]","cwe:79, owaspAsvs-4.0:5.3.3, owaspTop10-2021:a3, owaspTop10:a7, pciDss-3.2:6.5.7, pciDss-4.0:6.2.4, stig-ASD_V5R3:V-222602, stig-ASD_V5R3:V-222609"
BenchmarkTest02580.java,javasecurity:S5131,true,BLOCKER,"[{'softwareQuality': 'SECURITY', 'severity': 'BLOCKER'}]","cwe:79, owaspAsvs-4.0:5.3.3, owaspTop10-2021:a3, owaspTop10:a7, pciDss-3.2:6.5.7, pciDss-4.0:6.2.4, stig-ASD_V5R3:V-222602, stig-ASD_V5R3:V-222609"
BenchmarkTest02582.java,javasecurity:S5131,true,BLOCKER,"[{'softwareQuality': 'SECURITY', 'severity': 'BLOCKER'}]","cwe:79, owaspAsvs-4.0:5.3.3, owaspTop10-2021:a3, owaspTop10:a7, pciDss-3.2:6.5.7, pciDss-4.0:6.2.4, stig-ASD_V5R3:V-222602, stig-ASD_V5R3:V-222609"
BenchmarkTest02583.java,javasecurity:S5131,true,BLOCKER,"[{'softwareQuality': 'SECURITY', 'severity': 'BLOCKER'}]","cwe:79, owaspAsvs-4.0:5.3.3, owaspTop10-2021:a3, owaspTop10:a7, pciDss-3.2:6.5.7, pciDss-4.0:6.2.4, stig-ASD_V5R3:V-222602, stig-ASD_V5R3:V-222609"
BenchmarkTest02584.java,javasecurity:S5131,true,BLOCKER,"[{'softwareQuality': 'SECURITY', 'severity': 'BLOCKER'}]","cwe:79, owaspAsvs-4.0:5.3.3, owaspTop10-2021:a3, owaspTop10:a7, pciDss-3.2:6.5.7, pciDss-4.0:6.2.4, stig-ASD_V5R3:V-222602, stig-ASD_V5R3:V-222609"
BenchmarkTest02585.java,javasecurity:S5131,true,BLOCKER,"[{'softwareQuality': 'SECURITY', 'severity': 'BLOCKER'}]","cwe:79, owaspAsvs-4.0:5.3.3, owaspTop10-2021:a3, owaspTop10:a7, pciDss-3.2:6.5.7, pciDss-4.0:6.2.4, stig-ASD_V5R3:V-222602, stig-ASD_V5R3:V-222609"
BenchmarkTest02586.java,javasecurity:S5131,true,BLOCKER,"[{'softwareQuality': 'SECURITY', 'severity': 'BLOCKER'}]","cwe:79, owaspAsvs-4.0:5.3.3, owaspTop10-2021:a3, owaspTop10:a7, pciDss-3.2:6.5.7, pciDss-4.0:6.2.4, stig-ASD_V5R3:V-222602, stig-ASD_V5R3:V-222609"
BenchmarkTest02591.java,javasecurity:S5131,true,BLOCKER,"[{'softwareQuality': 'SECURITY', 'severity': 'BLOCKER'}]","cwe:79, owaspAsvs-4.0:5.3.3, owaspTop10-2021:a3, owaspTop10:a7, pciDss-3.2:6.5.7, pciDss-4.0:6.2.4, stig-ASD_V5R3:V-222602, stig-ASD_V5R3:V-222609"
BenchmarkTest02592.java,javasecurity:S5131,true,BLOCKER,"[{'softwareQuality': 'SECURITY', 'severity': 'BLOCKER'}]","cwe:79, owaspAsvs-4.0:5.3.3, owaspTop10-2021:a3, owaspTop10:a7, pciDss-3.2:6.5.7, pciDss-4.0:6.2.4, stig-ASD_V5R3:V-222602, stig-ASD_V5R3:V-222609"
BenchmarkTest02593.java,javasecurity:S5131,true,BLOCKER,"[{'softwareQuality': 'SECURITY', 'severity': 'BLOCKER'}]","cwe:79, owaspAsvs-4.0:5.3.3, owaspTop10-2021:a3, owaspTop10:a7, pciDss-3.2:6.5.7, pciDss-4.0:6.2.4, stig-ASD_V5R3:V-222602, stig-ASD_V5R3:V-222609"
BenchmarkTest02594.java,javasecurity:S5131,true,BLOCKER,"[{'softwareQuality': 'SECURITY', 'severity': 'BLOCKER'}]","cwe:79, owaspAsvs-4.0:5.3.3, owaspTop10-2021:a3, owaspTop10:a7, pciDss-3.2:6.5.7, pciDss-4.0:6.2.4, stig-ASD_V5R3:V-222602, stig-ASD_V5R3:V-222609"
BenchmarkTest02595.java,javasecurity:S5131,true,BLOCKER,"[{'softwareQuality': 'SECURITY', 'severity': 'BLOCKER'}]","cwe:79, owaspAsvs-4.0:5.3.3, owaspTop10-2021:a3, owaspTop10:a7, pciDss-3.2:6.5.7, pciDss-4.0:6.2.4, stig-ASD_V5R3:V-222602, stig-ASD_V5R3:V-222609"
BenchmarkTest02597.java,javasecurity:S5131,true,BLOCKER,"[{'softwareQuality': 'SECURITY', 'severity': 'BLOCKER'}]","cwe:79, owaspAsvs-4.0:5.3.3, owaspTop10-2021:a3, owaspTop10:a7, pciDss-3.2:6.5.7, pciDss-4.0:6.2.4, stig-ASD_V5R3:V-222602, stig-ASD_V5R3:V-222609"
BenchmarkTest02598.java,javasecurity:S5131,true,BLOCKER,"[{'softwareQuality': 'SECURITY', 'severity': 'BLOCKER'}]","cwe:79, owaspAsvs-4.0:5.3.3, owaspTop10-2021:a3, owaspTop10:a7, pciDss-3.2:6.5.7, pciDss-4.0:6.2.4, stig-ASD_V5R3:V-222602, stig-ASD_V5R3:V-222609"
BenchmarkTest02599.java,javasecurity:S5131,true,BLOCKER,"[{'softwareQuality': 'SECURITY', 'severity': 'BLOCKER'}]","cwe:79, owaspAsvs-4.0:5.3.3, owaspTop10-2021:a3, owaspTop10:a7, pciDss-3.2:6.5.7, pciDss-4.0:6.2.4, stig-ASD_V5R3:V-222602, stig-ASD_V5R3:V-222609"
BenchmarkTest02600.java,javasecurity:S5131,true,BLOCKER,"[{'softwareQuality': 'SECURITY', 'severity': 'BLOCKER'}]","cwe:79, owaspAsvs-4.0:5.3.3, owaspTop10-2021:a3, owaspTop10:a7, pciDss-3.2:6.5.7, pciDss-4.0:6.2.4, stig-ASD_V5R3:V-222602, stig-ASD_V5R3:V-222609"
BenchmarkTest02608.java,javasecurity:S5131,true,BLOCKER,"[{'softwareQuality': 'SECURITY', 'severity': 'BLOCKER'}]","cwe:79, owaspAsvs-4.0:5.3.3, owaspTop10-2021:a3, owaspTop10:a7, pciDss-3.2:6.5.7, pciDss-4.0:6.2.4, stig-ASD_V5R3:V-222602, stig-ASD_V5R3:V-222609"
BenchmarkTest02612.java,javasecurity:S6547,true,MAJOR,"[{'softwareQuality': 'SECURITY', 'severity': 'MEDIUM'}]","cwe:20, cwe:454, owaspAsvs-4.0:5.1.3, owaspAsvs-4.0:5.1.4, owaspTop10-2021:a3, owaspTop10:a1, stig-ASD_V5R3:V-222609"
BenchmarkTest02613.java,javasecurity:S6547,true,MAJOR,"[{'softwareQuality': 'SECURITY', 'severity': 'MEDIUM'}]","cwe:20, cwe:454, owaspAsvs-4.0:5.1.3, owaspAsvs-4.0:5.1.4, owaspTop10-2021:a3, owaspTop10:a1, stig-ASD_V5R3:V-222609"
BenchmarkTest02625.java,javasecurity:S3649,true,BLOCKER,"[{'softwareQuality': 'SECURITY', 'severity': 'BLOCKER'}]","cwe:20, cwe:89, owaspAsvs-4.0:5.1.3, owaspAsvs-4.0:5.1.4, owaspAsvs-4.0:5.3.4, owaspAsvs-4.0:5.3.5, owaspTop10-2021:a3, owaspTop10:a1, pciDss-3.2:6.5.1, pciDss-4.0:6.2.4, stig-ASD_V5R3:V-222607, stig-ASD_V5R3:V-222609"
BenchmarkTest02626.java,javasecurity:S3649,true,BLOCKER,"[{'softwareQuality': 'SECURITY', 'severity': 'BLOCKER'}]","cwe:20, cwe:89, owaspAsvs-4.0:5.1.3, owaspAsvs-4.0:5.1.4, owaspAsvs-4.0:5.3.4, owaspAsvs-4.0:5.3.5, owaspTop10-2021:a3, owaspTop10:a1, pciDss-3.2:6.5.1, pciDss-4.0:6.2.4, stig-ASD_V5R3:V-222607, stig-ASD_V5R3:V-222609"
BenchmarkTest02627.java,javasecurity:S3649,true,BLOCKER,"[{'softwareQuality': 'SECURITY', 'severity': 'BLOCKER'}]","cwe:20, cwe:89, owaspAsvs-4.0:5.1.3, owaspAsvs-4.0:5.1.4, owaspAsvs-4.0:5.3.4, owaspAsvs-4.0:5.3.5, owaspTop10-2021:a3, owaspTop10:a1, pciDss-3.2:6.5.1, pciDss-4.0:6.2.4, stig-ASD_V5R3:V-222607, stig-ASD_V5R3:V-222609"
BenchmarkTest02628.java,javasecurity:S3649,true,BLOCKER,"[{'softwareQuality': 'SECURITY', 'severity': 'BLOCKER'}]","cwe:20, cwe:89, owaspAsvs-4.0:5.1.3, owaspAsvs-4.0:5.1.4, owaspAsvs-4.0:5.3.4, owaspAsvs-4.0:5.3.5, owaspTop10-2021:a3, owaspTop10:a1, pciDss-3.2:6.5.1, pciDss-4.0:6.2.4, stig-ASD_V5R3:V-222607, stig-ASD_V5R3:V-222609"
BenchmarkTest02630.java,javasecurity:S3649,true,BLOCKER,"[{'softwareQuality': 'SECURITY', 'severity': 'BLOCKER'}]","cwe:20, cwe:89, owaspAsvs-4.0:5.1.3, owaspAsvs-4.0:5.1.4, owaspAsvs-4.0:5.3.4, owaspAsvs-4.0:5.3.5, owaspTop10-2021:a3, owaspTop10:a1, pciDss-3.2:6.5.1, pciDss-4.0:6.2.4, stig-ASD_V5R3:V-222607, stig-ASD_V5R3:V-222609"
BenchmarkTest02631.java,javasecurity:S3649,true,BLOCKER,"[{'softwareQuality': 'SECURITY', 'severity': 'BLOCKER'}]","cwe:20, cwe:89, owaspAsvs-4.0:5.1.3, owaspAsvs-4.0:5.1.4, owaspAsvs-4.0:5.3.4, owaspAsvs-4.0:5.3.5, owaspTop10-2021:a3, owaspTop10:a1, pciDss-3.2:6.5.1, pciDss-4.0:6.2.4, stig-ASD_V5R3:V-222607, stig-ASD_V5R3:V-222609"
BenchmarkTest02632.java,javasecurity:S3649,true,BLOCKER,"[{'softwareQuality': 'SECURITY', 'severity': 'BLOCKER'}]","cwe:20, cwe:89, owaspAsvs-4.0:5.1.3, owaspAsvs-4.0:5.1.4, owaspAsvs-4.0:5.3.4, owaspAsvs-4.0:5.3.5, owaspTop10-2021:a3, owaspTop10:a1, pciDss-3.2:6.5.1, pciDss-4.0:6.2.4, stig-ASD_V5R3:V-222607, stig-ASD_V5R3:V-222609"
BenchmarkTest02635.java,javasecurity:S3649,true,BLOCKER,"[{'softwareQuality': 'SECURITY', 'severity': 'BLOCKER'}]","cwe:20, cwe:89, owaspAsvs-4.0:5.1.3, owaspAsvs-4.0:5.1.4, owaspAsvs-4.0:5.3.4, owaspAsvs-4.0:5.3.5, owaspTop10-2021:a3, owaspTop10:a1, pciDss-3.2:6.5.1, pciDss-4.0:6.2.4, stig-ASD_V5R3:V-222607, stig-ASD_V5R3:V-222609"
BenchmarkTest02637.java,javasecurity:S3649,true,BLOCKER,"[{'softwareQuality': 'SECURITY', 'severity': 'BLOCKER'}]","cwe:20, cwe:89, owaspAsvs-4.0:5.1.3, owaspAsvs-4.0:5.1.4, owaspAsvs-4.0:5.3.4, owaspAsvs-4.0:5.3.5, owaspTop10-2021:a3, owaspTop10:a1, pciDss-3.2:6.5.1, pciDss-4.0:6.2.4, stig-ASD_V5R3:V-222607, stig-ASD_V5R3:V-222609"
BenchmarkTest02638.java,javasecurity:S3649,true,BLOCKER,"[{'softwareQuality': 'SECURITY', 'severity': 'BLOCKER'}]","cwe:20, cwe:89, owaspAsvs-4.0:5.1.3, owaspAsvs-4.0:5.1.4, owaspAsvs-4.0:5.3.4, owaspAsvs-4.0:5.3.5, owaspTop10-2021:a3, owaspTop10:a1, pciDss-3.2:6.5.1, pciDss-4.0:6.2.4, stig-ASD_V5R3:V-222607, stig-ASD_V5R3:V-222609"
BenchmarkTest02640.java,javasecurity:S3649,true,BLOCKER,"[{'softwareQuality': 'SECURITY', 'severity': 'BLOCKER'}]","cwe:20, cwe:89, owaspAsvs-4.0:5.1.3, owaspAsvs-4.0:5.1.4, owaspAsvs-4.0:5.3.4, owaspAsvs-4.0:5.3.5, owaspTop10-2021:a3, owaspTop10:a1, pciDss-3.2:6.5.1, pciDss-4.0:6.2.4, stig-ASD_V5R3:V-222607, stig-ASD_V5R3:V-222609"
BenchmarkTest02641.java,javasecurity:S3649,true,BLOCKER,"[{'softwareQuality': 'SECURITY', 'severity': 'BLOCKER'}]","cwe:20, cwe:89, owaspAsvs-4.0:5.1.3, owaspAsvs-4.0:5.1.4, owaspAsvs-4.0:5.3.4, owaspAsvs-4.0:5.3.5, owaspTop10-2021:a3, owaspTop10:a1, pciDss-3.2:6.5.1, pciDss-4.0:6.2.4, stig-ASD_V5R3:V-222607, stig-ASD_V5R3:V-222609"
BenchmarkTest02642.java,javasecurity:S3649,true,BLOCKER,"[{'softwareQuality': 'SECURITY', 'severity': 'BLOCKER'}]","cwe:20, cwe:89, owaspAsvs-4.0:5.1.3, owaspAsvs-4.0:5.1.4, owaspAsvs-4.0:5.3.4, owaspAsvs-4.0:5.3.5, owaspTop10-2021:a3, owaspTop10:a1, pciDss-3.2:6.5.1, pciDss-4.0:6.2.4, stig-ASD_V5R3:V-222607, stig-ASD_V5R3:V-222609"
BenchmarkTest02643.java,javasecurity:S3649,true,BLOCKER,"[{'softwareQuality': 'SECURITY', 'severity': 'BLOCKER'}]","cwe:20, cwe:89, owaspAsvs-4.0:5.1.3, owaspAsvs-4.0:5.1.4, owaspAsvs-4.0:5.3.4, owaspAsvs-4.0:5.3.5, owaspTop10-2021:a3, owaspTop10:a1, pciDss-3.2:6.5.1, pciDss-4.0:6.2.4, stig-ASD_V5R3:V-222607, stig-ASD_V5R3:V-222609"
BenchmarkTest02644.java,javasecurity:S3649,true,BLOCKER,"[{'softwareQuality': 'SECURITY', 'severity': 'BLOCKER'}]","cwe:20, cwe:89, owaspAsvs-4.0:5.1.3, owaspAsvs-4.0:5.1.4, owaspAsvs-4.0:5.3.4, owaspAsvs-4.0:5.3.5, owaspTop10-2021:a3, owaspTop10:a1, pciDss-3.2:6.5.1, pciDss-4.0:6.2.4, stig-ASD_V5R3:V-222607, stig-ASD_V5R3:V-222609"
BenchmarkTest02645.java,javasecurity:S3649,true,BLOCKER,"[{'softwareQuality': 'SECURITY', 'severity': 'BLOCKER'}]","cwe:20, cwe:89, owaspAsvs-4.0:5.1.3, owaspAsvs-4.0:5.1.4, owaspAsvs-4.0:5.3.4, owaspAsvs-4.0:5.3.5, owaspTop10-2021:a3, owaspTop10:a1, pciDss-3.2:6.5.1, pciDss-4.0:6.2.4, stig-ASD_V5R3:V-222607, stig-ASD_V5R3:V-222609"
BenchmarkTest02646.java,javasecurity:S3649,true,BLOCKER,"[{'softwareQuality': 'SECURITY', 'severity': 'BLOCKER'}]","cwe:20, cwe:89, owaspAsvs-4.0:5.1.3, owaspAsvs-4.0:5.1.4, owaspAsvs-4.0:5.3.4, owaspAsvs-4.0:5.3.5, owaspTop10-2021:a3, owaspTop10:a1, pciDss-3.2:6.5.1, pciDss-4.0:6.2.4, stig-ASD_V5R3:V-222607, stig-ASD_V5R3:V-222609"
BenchmarkTest02647.java,javasecurity:S3649,true,BLOCKER,"[{'softwareQuality': 'SECURITY', 'severity': 'BLOCKER'}]","cwe:20, cwe:89, owaspAsvs-4.0:5.1.3, owaspAsvs-4.0:5.1.4, owaspAsvs-4.0:5.3.4, owaspAsvs-4.0:5.3.5, owaspTop10-2021:a3, owaspTop10:a1, pciDss-3.2:6.5.1, pciDss-4.0:6.2.4, stig-ASD_V5R3:V-222607, stig-ASD_V5R3:V-222609"
BenchmarkTest02649.java,javasecurity:S3649,true,BLOCKER,"[{'softwareQuality': 'SECURITY', 'severity': 'BLOCKER'}]","cwe:20, cwe:89, owaspAsvs-4.0:5.1.3, owaspAsvs-4.0:5.1.4, owaspAsvs-4.0:5.3.4, owaspAsvs-4.0:5.3.5, owaspTop10-2021:a3, owaspTop10:a1, pciDss-3.2:6.5.1, pciDss-4.0:6.2.4, stig-ASD_V5R3:V-222607, stig-ASD_V5R3:V-222609"
BenchmarkTest02650.java,javasecurity:S3649,true,BLOCKER,"[{'softwareQuality': 'SECURITY', 'severity': 'BLOCKER'}]","cwe:20, cwe:89, owaspAsvs-4.0:5.1.3, owaspAsvs-4.0:5.1.4, owaspAsvs-4.0:5.3.4, owaspAsvs-4.0:5.3.5, owaspTop10-2021:a3, owaspTop10:a1, pciDss-3.2:6.5.1, pciDss-4.0:6.2.4, stig-ASD_V5R3:V-222607, stig-ASD_V5R3:V-222609"
BenchmarkTest02651.java,javasecurity:S3649,true,BLOCKER,"[{'softwareQuality': 'SECURITY', 'severity': 'BLOCKER'}]","cwe:20, cwe:89, owaspAsvs-4.0:5.1.3, owaspAsvs-4.0:5.1.4, owaspAsvs-4.0:5.3.4, owaspAsvs-4.0:5.3.5, owaspTop10-2021:a3, owaspTop10:a1, pciDss-3.2:6.5.1, pciDss-4.0:6.2.4, stig-ASD_V5R3:V-222607, stig-ASD_V5R3:V-222609"
BenchmarkTest02653.java,javasecurity:S3649,true,BLOCKER,"[{'softwareQuality': 'SECURITY', 'severity': 'BLOCKER'}]","cwe:20, cwe:89, owaspAsvs-4.0:5.1.3, owaspAsvs-4.0:5.1.4, owaspAsvs-4.0:5.3.4, owaspAsvs-4.0:5.3.5, owaspTop10-2021:a3, owaspTop10:a1, pciDss-3.2:6.5.1, pciDss-4.0:6.2.4, stig-ASD_V5R3:V-222607, stig-ASD_V5R3:V-222609"
BenchmarkTest02654.java,javasecurity:S3649,true,BLOCKER,"[{'softwareQuality': 'SECURITY', 'severity': 'BLOCKER'}]","cwe:20, cwe:89, owaspAsvs-4.0:5.1.3, owaspAsvs-4.0:5.1.4, owaspAsvs-4.0:5.3.4, owaspAsvs-4.0:5.3.5, owaspTop10-2021:a3, owaspTop10:a1, pciDss-3.2:6.5.1, pciDss-4.0:6.2.4, stig-ASD_V5R3:V-222607, stig-ASD_V5R3:V-222609"
BenchmarkTest02655.java,javasecurity:S3649,true,BLOCKER,"[{'softwareQuality': 'SECURITY', 'severity': 'BLOCKER'}]","cwe:20, cwe:89, owaspAsvs-4.0:5.1.3, owaspAsvs-4.0:5.1.4, owaspAsvs-4.0:5.3.4, owaspAsvs-4.0:5.3.5, owaspTop10-2021:a3, owaspTop10:a1, pciDss-3.2:6.5.1, pciDss-4.0:6.2.4, stig-ASD_V5R3:V-222607, stig-ASD_V5R3:V-222609"
BenchmarkTest02656.java,javasecurity:S3649,true,BLOCKER,"[{'softwareQuality': 'SECURITY', 'severity': 'BLOCKER'}]","cwe:20, cwe:89, owaspAsvs-4.0:5.1.3, owaspAsvs-4.0:5.1.4, owaspAsvs-4.0:5.3.4, owaspAsvs-4.0:5.3.5, owaspTop10-2021:a3, owaspTop10:a1, pciDss-3.2:6.5.1, pciDss-4.0:6.2.4, stig-ASD_V5R3:V-222607, stig-ASD_V5R3:V-222609"
BenchmarkTest02657.java,javasecurity:S3649,true,BLOCKER,"[{'softwareQuality': 'SECURITY', 'severity': 'BLOCKER'}]","cwe:20, cwe:89, owaspAsvs-4.0:5.1.3, owaspAsvs-4.0:5.1.4, owaspAsvs-4.0:5.3.4, owaspAsvs-4.0:5.3.5, owaspTop10-2021:a3, owaspTop10:a1, pciDss-3.2:6.5.1, pciDss-4.0:6.2.4, stig-ASD_V5R3:V-222607, stig-ASD_V5R3:V-222609"
BenchmarkTest02658.java,java:S5542,true,CRITICAL,"[{'softwareQuality': 'SECURITY', 'severity': 'HIGH'}]","cwe:327, cwe:780, owaspAsvs-4.0:2.9.3, owaspAsvs-4.0:6.2.2, owaspAsvs-4.0:8.3.7, owaspTop10-2021:a2, owaspTop10:a3, owaspTop10:a6, pciDss-3.2:4.1, pciDss-3.2:6.5.3, pciDss-3.2:6.5.4, pciDss-4.0:4.2.1, pciDss-4.0:6.2.4"
BenchmarkTest02658.java,java:S5547,true,CRITICAL,"[{'softwareQuality': 'SECURITY', 'severity': 'HIGH'}]","cwe:326, cwe:327, owaspAsvs-4.0:6.2.2, owaspAsvs-4.0:6.2.3, owaspAsvs-4.0:6.2.5, owaspAsvs-4.0:8.3.7, owaspTop10-2021:a2, owaspTop10:a3, owaspTop10:a6, pciDss-3.2:4.1, pciDss-3.2:6.5.3, pciDss-3.2:6.5.4, pciDss-4.0:4.2.1, pciDss-4.0:6.2.4, stig-ASD_V5R3:V-222396"
BenchmarkTest02660.java,java:S5542,true,CRITICAL,"[{'softwareQuality': 'SECURITY', 'severity': 'HIGH'}]","cwe:327, cwe:780, owaspAsvs-4.0:2.9.3, owaspAsvs-4.0:6.2.2, owaspAsvs-4.0:8.3.7, owaspTop10-2021:a2, owaspTop10:a3, owaspTop10:a6, pciDss-3.2:4.1, pciDss-3.2:6.5.3, pciDss-3.2:6.5.4, pciDss-4.0:4.2.1, pciDss-4.0:6.2.4"
BenchmarkTest02660.java,java:S5547,true,CRITICAL,"[{'softwareQuality': 'SECURITY', 'severity': 'HIGH'}]","cwe:326, cwe:327, owaspAsvs-4.0:6.2.2, owaspAsvs-4.0:6.2.3, owaspAsvs-4.0:6.2.5, owaspAsvs-4.0:8.3.7, owaspTop10-2021:a2, owaspTop10:a3, owaspTop10:a6, pciDss-3.2:4.1, pciDss-3.2:6.5.3, pciDss-3.2:6.5.4, pciDss-4.0:4.2.1, pciDss-4.0:6.2.4, stig-ASD_V5R3:V-222396"
BenchmarkTest02661.java,java:S5542,true,CRITICAL,"[{'softwareQuality': 'SECURITY', 'severity': 'HIGH'}]","cwe:327, cwe:780, owaspAsvs-4.0:2.9.3, owaspAsvs-4.0:6.2.2, owaspAsvs-4.0:8.3.7, owaspTop10-2021:a2, owaspTop10:a3, owaspTop10:a6, pciDss-3.2:4.1, pciDss-3.2:6.5.3, pciDss-3.2:6.5.4, pciDss-4.0:4.2.1, pciDss-4.0:6.2.4"
BenchmarkTest02661.java,java:S5547,true,CRITICAL,"[{'softwareQuality': 'SECURITY', 'severity': 'HIGH'}]","cwe:326, cwe:327, owaspAsvs-4.0:6.2.2, owaspAsvs-4.0:6.2.3, owaspAsvs-4.0:6.2.5, owaspAsvs-4.0:8.3.7, owaspTop10-2021:a2, owaspTop10:a3, owaspTop10:a6, pciDss-3.2:4.1, pciDss-3.2:6.5.3, pciDss-3.2:6.5.4, pciDss-4.0:4.2.1, pciDss-4.0:6.2.4, stig-ASD_V5R3:V-222396"
BenchmarkTest02663.java,java:S5542,true,CRITICAL,"[{'softwareQuality': 'SECURITY', 'severity': 'HIGH'}]","cwe:327, cwe:780, owaspAsvs-4.0:2.9.3, owaspAsvs-4.0:6.2.2, owaspAsvs-4.0:8.3.7, owaspTop10-2021:a2, owaspTop10:a3, owaspTop10:a6, pciDss-3.2:4.1, pciDss-3.2:6.5.3, pciDss-3.2:6.5.4, pciDss-4.0:4.2.1, pciDss-4.0:6.2.4"
BenchmarkTest02663.java,java:S5547,true,CRITICAL,"[{'softwareQuality': 'SECURITY', 'severity': 'HIGH'}]","cwe:326, cwe:327, owaspAsvs-4.0:6.2.2, owaspAsvs-4.0:6.2.3, owaspAsvs-4.0:6.2.5, owaspAsvs-4.0:8.3.7, owaspTop10-2021:a2, owaspTop10:a3, owaspTop10:a6, pciDss-3.2:4.1, pciDss-3.2:6.5.3, pciDss-3.2:6.5.4, pciDss-4.0:4.2.1, pciDss-4.0:6.2.4, stig-ASD_V5R3:V-222396"
